tinh_id,district_num,id_district,Province,Region,goodroadv,agrext,tapwater,lnarea,lnpopden,city,treatment,year
1,15,101d15,Ha Noi,Red River Delta,0,0,0,2.196112871170044,5.437256813049316,1,0,2006
1,15,101d15,Ha Noi,Red River Delta,1,0,0,2.6210389137268066,5.582265377044678,1,0,2006
1,15,101d15,Ha Noi,Red River Delta,1,0,0,2.624668598175049,5.466652870178223,1,0,2006
1,15,101d15,Ha Noi,Red River Delta,1,0,0,3.0130808353424072,4.852874279022217,1,0,2006
1,15,101d15,Ha Noi,Red River Delta,1,0,0,2.1479177474975586,5.498913764953613,1,0,2006
1,15,101d15,Ha Noi,Red River Delta,1,0,0,2.1792869567871094,5.757730484008789,1,0,2006
1,17,101d17,Ha Noi,Red River Delta,1,0,0,2.1377103328704834,5.976015567779541,1,0,2006
1,17,101d17,Ha Noi,Red River Delta,1,0,0,2.371177911758423,5.790768146514893,1,0,2006
1,17,101d17,Ha Noi,Red River Delta,1,0,0,1.7578579187393188,6.081667423248291,1,0,2006
1,17,101d17,Ha Noi,Red River Delta,1,0,0,1.6486586332321167,6.029204845428467,1,0,2006
1,17,101d17,Ha Noi,Red River Delta,1,0,0,2.1041340827941895,6.127774238586426,1,0,2006
1,17,101d17,Ha Noi,Red River Delta,1,0,0,1.9878743886947632,5.959804058074951,1,0,2006
1,17,101d17,Ha Noi,Red River Delta,1,0,0,2.1972246170043945,5.619192600250244,1,0,2006
1,19,101d19,Ha Noi,Red River Delta,1,0,0,1.7698546648025513,5.750921726226807,1,0,2006
1,19,101d19,Ha Noi,Red River Delta,1,0,0,1.5851452350616455,6.420555591583252,1,0,2006
1,19,101d19,Ha Noi,Red River Delta,1,0,0,1.724550724029541,5.954700469970703,1,0,2006
1,21,101d21,Ha Noi,Red River Delta,1,0,0,1.2809338569641113,6.034284591674805,1,0,2006
1,21,101d21,Ha Noi,Red River Delta,1,0,1,1.7749524116516113,6.049093723297119,1,0,2006
1,21,101d21,Ha Noi,Red River Delta,1,0,0,1.695615530014038,6.316402435302734,1,0,2006
1,21,101d21,Ha Noi,Red River Delta,1,0,1,1.6695917844772339,6.341431617736816,1,0,2006
1,21,101d21,Ha Noi,Red River Delta,1,0,1,1.816777229309082,6.568027019500732,1,0,2006
1,21,101d21,Ha Noi,Red River Delta,1,0,0,0.9932518005371094,6.907755374908447,1,0,2006
1,23,101d23,Ha Noi,Red River Delta,1,0,1,1.0647107362747192,6.404943466186523,1,0,2006
1,23,101d23,Ha Noi,Red River Delta,1,0,1,1.4109869003295898,6.1712422370910645,1,0,2006
31,11,103d11,Hai Phong,Red River Delta,1,0,0,1.9968748092651367,5.728455066680908,1,1,2006
31,11,103d11,Hai Phong,Red River Delta,1,0,0,2.327277660369873,5.560306549072266,1,1,2006
31,11,103d11,Hai Phong,Red River Delta,1,0,0,1.3532544374465942,5.984333038330078,1,1,2006
31,11,103d11,Hai Phong,Red River Delta,1,0,0,1.7173950672149658,5.755673885345459,1,1,2006
31,11,103d11,Hai Phong,Red River Delta,1,0,0,1.5727739334106445,6.172228813171387,1,1,2006
31,11,103d11,Hai Phong,Red River Delta,1,0,0,2.157559394836426,5.609704494476318,1,1,2006
31,11,103d11,Hai Phong,Red River Delta,1,0,0,1.852697730064392,5.511849403381348,1,1,2006
31,11,103d11,Hai Phong,Red River Delta,1,0,0,2.1246538162231445,5.507262706756592,1,1,2006
31,11,103d11,Hai Phong,Red River Delta,1,0,0,1.5260562896728516,5.758078575134277,1,1,2006
31,11,103d11,Hai Phong,Red River Delta,0,0,0,1.7783364057540894,5.627159118652344,1,1,2006
31,11,103d11,Hai Phong,Red River Delta,1,0,0,1.5496878623962402,5.773482799530029,1,1,2006
31,13,103d13,Hai Phong,Red River Delta,1,0,0,2.116255521774292,5.579957008361816,1,1,2006
31,13,103d13,Hai Phong,Red River Delta,1,0,0,1.686398983001709,5.863736152648926,1,1,2006
31,13,103d13,Hai Phong,Red River Delta,1,0,1,1.8515994548797607,6.401367664337158,1,1,2006
31,13,103d13,Hai Phong,Red River Delta,1,0,0,1.6752257347106934,5.573989391326904,1,1,2006
31,15,103d15,Hai Phong,Red River Delta,1,0,0,2.498973846435547,5.409780979156494,1,1,2006
31,15,103d15,Hai Phong,Red River Delta,1,0,1,1.2781522274017334,6.196052551269531,1,1,2006
31,15,103d15,Hai Phong,Red River Delta,1,0,0,1.7509374618530273,5.886778831481934,1,1,2006
31,15,103d15,Hai Phong,Red River Delta,1,0,0,2.080690860748291,5.5878705978393555,1,1,2006
31,15,103d15,Hai Phong,Red River Delta,1,0,0,1.8946168422698975,5.415933132171631,1,1,2006
31,17,103d17,Hai Phong,Red River Delta,1,0,0,1.9558604955673218,5.2990241050720215,1,1,2006
31,17,103d17,Hai Phong,Red River Delta,1,0,0,1.667706847190857,5.786434173583984,1,1,2006
31,17,103d17,Hai Phong,Red River Delta,1,0,0,2.309560775756836,4.507174968719482,1,1,2006
31,17,103d17,Hai Phong,Red River Delta,1,0,0,2.111424684524536,5.584787845611572,1,1,2006
31,17,103d17,Hai Phong,Red River Delta,1,1,0,1.3110319375991821,6.1214518547058105,1,1,2006
31,17,103d17,Hai Phong,Red River Delta,1,0,0,2.404238700866699,5.388110160827637,1,1,2006
31,19,103d19,Hai Phong,Red River Delta,0,0,0,2.267993688583374,5.526829719543457,1,1,2006
31,19,103d19,Hai Phong,Red River Delta,1,0,0,1.3862943649291992,5.77377462387085,1,1,2006
31,19,103d19,Hai Phong,Red River Delta,1,0,0,1.9772703647613525,5.469898223876953,1,1,2006
31,19,103d19,Hai Phong,Red River Delta,0,0,0,2.9595868587493896,4.689629554748535,1,1,2006
31,19,103d19,Hai Phong,Red River Delta,1,1,0,1.3850435018539429,5.302064895629883,1,1,2006
31,21,103d21,Hai Phong,Red River Delta,1,0,0,1.8405497074127197,5.731953144073486,1,1,2006
31,21,103d21,Hai Phong,Red River Delta,1,0,0,1.6992785930633545,5.669692039489746,1,1,2006
31,21,103d21,Hai Phong,Red River Delta,1,0,0,1.82131826877594,5.712375640869141,1,1,2006
31,21,103d21,Hai Phong,Red River Delta,1,0,0,1.8148247003555298,5.842458248138428,1,1,2006
31,21,103d21,Hai Phong,Red River Delta,1,0,0,1.6409364938735962,5.5291829109191895,1,1,2006
31,21,103d21,Hai Phong,Red River Delta,1,0,0,1.8196988105773926,5.695645809173584,1,1,2006
26,2,104d2,Vinh Phuc,Red River Delta,1,0,0,2.4501426219940186,5.224939346313477,0,0,2006
26,3,104d3,Vinh Phuc,Red River Delta,1,0,0,2.041220188140869,5.310579776763916,0,1,2006
26,3,104d3,Vinh Phuc,Red River Delta,1,0,0,2.2894997596740723,4.922056674957275,0,1,2006
26,3,104d3,Vinh Phuc,Red River Delta,1,0,0,2.580216884613037,4.936760425567627,0,1,2006
26,3,104d3,Vinh Phuc,Red River Delta,1,0,0,1.6292405128479004,5.3683552742004395,0,1,2006
26,3,104d3,Vinh Phuc,Red River Delta,1,0,0,1.763016939163208,5.575870990753174,0,1,2006
26,3,104d3,Vinh Phuc,Red River Delta,1,0,0,2.088029623031616,5.243685245513916,0,1,2006
26,3,104d3,Vinh Phuc,Red River Delta,1,0,0,2.602689743041992,4.356709003448486,0,1,2006
26,3,104d3,Vinh Phuc,Red River Delta,1,0,0,2.029463291168213,4.800330638885498,0,1,2006
26,4,104d4,Vinh Phuc,Red River Delta,1,0,0,2.2332351207733154,4.843418598175049,0,1,2006
26,4,104d4,Vinh Phuc,Red River Delta,1,1,0,2.314513683319092,5.098853588104248,0,1,2006
26,5,104d5,Vinh Phuc,Red River Delta,1,0,0,1.8033586740493774,5.549082279205322,0,1,2006
26,5,104d5,Vinh Phuc,Red River Delta,1,0,0,1.9919755458831787,5.347562313079834,0,1,2006
26,5,104d5,Vinh Phuc,Red River Delta,1,0,0,2.0028305053710938,5.162662982940674,0,1,2006
26,5,104d5,Vinh Phuc,Red River Delta,1,0,0,1.8855533599853516,5.404057025909424,0,1,2006
26,6,104d6,Vinh Phuc,Red River Delta,1,0,0,2.2512917518615723,5.526500701904297,0,1,2006
26,6,104d6,Vinh Phuc,Red River Delta,1,0,0,3.8684890270233154,2.8988540172576904,0,1,2006
26,6,104d6,Vinh Phuc,Red River Delta,1,0,0,3.802208185195923,3.360964298248291,0,1,2006
26,6,104d6,Vinh Phuc,Red River Delta,1,0,0,2.468946695327759,5.32711124420166,0,1,2006
26,7,104d7,Vinh Phuc,Red River Delta,1,0,0,1.665818214416504,6.336206436157227,0,1,2006
26,7,104d7,Vinh Phuc,Red River Delta,1,0,0,2.332144021987915,5.275237560272217,0,1,2006
26,7,104d7,Vinh Phuc,Red River Delta,1,0,0,1.6134299039840698,5.676180362701416,0,1,2006
26,7,104d7,Vinh Phuc,Red River Delta,1,0,0,1.0986123085021973,6.118097305297852,0,1,2006
26,7,104d7,Vinh Phuc,Red River Delta,1,0,0,1.6042243242263794,5.7908830642700195,0,1,2006
26,7,104d7,Vinh Phuc,Red River Delta,1,0,0,2.0028305053710938,5.888874053955078,0,1,2006
26,7,104d7,Vinh Phuc,Red River Delta,1,0,0,2.1747517585754395,5.395175933837891,0,1,2006
26,9,104d9,Vinh Phuc,Red River Delta,1,0,0,2.212660312652588,5.800351619720459,0,1,2006
26,9,104d9,Vinh Phuc,Red River Delta,1,0,0,2.1397130489349365,5.473117828369141,0,1,2006
26,9,104d9,Vinh Phuc,Red River Delta,1,0,0,1.266947627067566,5.952694416046143,0,1,2006
26,9,104d9,Vinh Phuc,Red River Delta,1,0,0,1.971299409866333,5.695858955383301,0,1,2006
26,9,104d9,Vinh Phuc,Red River Delta,0,0,0,1.6612709760665894,5.930086135864258,0,1,2006
26,9,104d9,Vinh Phuc,Red River Delta,1,0,0,2.033397674560547,5.453215599060059,0,1,2006
26,11,104d11,Vinh Phuc,Red River Delta,1,0,0,1.9823799133300781,5.656781196594238,0,0,2006
26,11,104d11,Vinh Phuc,Red River Delta,1,0,0,1.1151416301727295,5.838542461395264,0,0,2006
26,11,104d11,Vinh Phuc,Red River Delta,1,0,0,2.0028305053710938,5.657283782958984,0,0,2006
26,11,104d11,Vinh Phuc,Red River Delta,1,0,0,2.577941417694092,5.332282066345215,0,0,2006
26,11,104d11,Vinh Phuc,Red River Delta,1,0,0,2.6217658519744873,5.6317219734191895,0,0,2006
26,11,104d11,Vinh Phuc,Red River Delta,1,0,0,2.042518138885498,5.756824970245361,0,0,2006
26,11,104d11,Vinh Phuc,Red River Delta,1,1,0,2.530517101287842,5.589774131774902,0,0,2006
1,1,105d1,Ha Noi,Red River Delta,1,0,0,0.9932518005371094,6.227853298187256,0,0,2006
1,1,105d1,Ha Noi,Red River Delta,1,0,0,1.937301754951477,6.364468097686768,0,0,2006
1,1,105d1,Ha Noi,Red River Delta,1,0,0,1.479329228401184,6.480645179748535,0,0,2006
1,3,105d3,Ha Noi,Red River Delta,1,0,1,2.6837575435638428,4.465373992919922,0,0,2006
1,3,105d3,Ha Noi,Red River Delta,1,0,0,2.998727798461914,4.830902576446533,0,0,2006
1,5,105d5,Ha Noi,Red River Delta,1,0,0,1.2837077379226685,5.704705238342285,0,0,2006
1,5,105d5,Ha Noi,Red River Delta,1,0,0,2.51446533203125,4.6948747634887695,0,0,2006
1,5,105d5,Ha Noi,Red River Delta,1,0,0,3.281662940979004,4.493192672729492,0,0,2006
1,5,105d5,Ha Noi,Red River Delta,0,0,0,2.222459077835083,4.880040168762207,0,0,2006
1,5,105d5,Ha Noi,Red River Delta,1,1,0,1.7613003253936768,5.633807182312012,0,0,2006
1,5,105d5,Ha Noi,Red River Delta,1,1,0,1.7578579187393188,5.891834735870361,0,0,2006
1,5,105d5,Ha Noi,Red River Delta,0,0,0,3.0605833530426025,5.08612585067749,0,0,2006
1,7,105d7,Ha Noi,Red River Delta,1,0,0,1.8976198434829712,5.695754528045654,0,0,2006
1,7,105d7,Ha Noi,Red River Delta,1,0,0,1.8531681299209595,5.651773929595947,0,0,2006
1,7,105d7,Ha Noi,Red River Delta,1,0,0,1.5953389406204224,5.612520694732666,0,0,2006
1,7,105d7,Ha Noi,Red River Delta,1,0,0,1.818076729774475,6.190953731536865,0,0,2006
1,9,105d9,Ha Noi,Red River Delta,1,0,0,1.7119945287704468,6.409188747406006,0,0,2006
1,9,105d9,Ha Noi,Red River Delta,1,0,1,1.425515055656433,5.906199932098389,0,0,2006
1,9,105d9,Ha Noi,Red River Delta,1,0,0,1.2641266584396362,6.074761390686035,0,0,2006
1,9,105d9,Ha Noi,Red River Delta,1,0,0,1.0116009712219238,6.2935872077941895,0,0,2006
1,11,105d11,Ha Noi,Red River Delta,1,0,0,2.057962417602539,5.43757963180542,0,0,2006
1,11,105d11,Ha Noi,Red River Delta,1,0,0,1.1442228555679321,6.04871129989624,0,0,2006
1,11,105d11,Ha Noi,Red River Delta,1,1,0,1.1878434419631958,6.064210414886475,0,0,2006
1,11,105d11,Ha Noi,Red River Delta,1,0,0,1.5496878623962402,5.960742473602295,0,0,2006
1,13,105d13,Ha Noi,Red River Delta,1,0,0,1.4134230613708496,6.595274925231934,0,0,2006
1,13,105d13,Ha Noi,Red River Delta,1,0,0,1.4109869003295898,6.48668098449707,0,0,2006
1,13,105d13,Ha Noi,Red River Delta,1,0,0,2.030776262283325,5.901944637298584,0,0,2006
1,13,105d13,Ha Noi,Red River Delta,1,1,0,1.4906543493270874,5.863068103790283,0,0,2006
1,13,105d13,Ha Noi,Red River Delta,1,0,0,1.3217558860778809,6.333634853363037,0,0,2006
1,13,105d13,Ha Noi,Red River Delta,1,0,0,1.1817271709442139,6.285072326660156,0,0,2006
1,15,105d15,Ha Noi,Red River Delta,1,0,0,1.4632554054260254,5.8297624588012695,0,0,2006
1,15,105d15,Ha Noi,Red River Delta,1,0,0,0.6931471824645996,6.4297194480896,0,0,2006
1,15,105d15,Ha Noi,Red River Delta,0,0,0,1.342864751815796,5.65838098526001,0,0,2006
1,17,105d17,Ha Noi,Red River Delta,1,0,0,2.5416018962860107,4.972652912139893,0,0,2006
1,17,105d17,Ha Noi,Red River Delta,1,0,0,2.478217601776123,5.632510185241699,0,0,2006
1,17,105d17,Ha Noi,Red River Delta,1,0,0,1.50629723072052,5.926186561584473,0,0,2006
1,17,105d17,Ha Noi,Red River Delta,1,0,0,1.495148777961731,5.775859832763672,0,0,2006
1,17,105d17,Ha Noi,Red River Delta,1,0,0,2.0014801025390625,5.988419532775879,0,0,2006
1,17,105d17,Ha Noi,Red River Delta,1,0,0,1.9699056148529053,5.87001371383667,0,0,2006
1,19,105d19,Ha Noi,Red River Delta,1,0,0,1.2725656032562256,5.898323059082031,0,0,2006
1,19,105d19,Ha Noi,Red River Delta,1,0,0,1.6311994791030884,6.001201629638672,0,0,2006
1,19,105d19,Ha Noi,Red River Delta,1,0,0,1.5706970691680908,6.617991924285889,0,0,2006
1,19,105d19,Ha Noi,Red River Delta,1,0,0,1.7029281854629517,5.973545551300049,0,0,2006
1,19,105d19,Ha Noi,Red River Delta,1,0,0,2.360854148864746,5.545693397521973,0,0,2006
1,21,105d21,Ha Noi,Red River Delta,1,0,0,0.8796268105506897,6.328233242034912,0,0,2006
1,21,105d21,Ha Noi,Red River Delta,1,0,1,1.8066481351852417,5.6246514320373535,0,0,2006
1,21,105d21,Ha Noi,Red River Delta,1,0,0,1.355835199356079,6.3431010246276855,0,0,2006
1,21,105d21,Ha Noi,Red River Delta,1,0,0,1.7833912372589111,5.7149248123168945,0,0,2006
1,21,105d21,Ha Noi,Red River Delta,1,0,0,1.08856201171875,6.402525424957275,0,0,2006
1,21,105d21,Ha Noi,Red River Delta,1,0,0,1.686398983001709,5.912501335144043,0,0,2006
1,23,105d23,Ha Noi,Red River Delta,1,1,0,2.2407095432281494,5.226661682128906,0,0,2006
1,23,105d23,Ha Noi,Red River Delta,1,1,0,2.1517622470855713,5.168102741241455,0,0,2006
1,23,105d23,Ha Noi,Red River Delta,1,0,0,3.103240489959717,4.1544671058654785,0,0,2006
1,23,105d23,Ha Noi,Red River Delta,1,0,0,2.0668628215789795,5.5597076416015625,0,0,2006
1,23,105d23,Ha Noi,Red River Delta,1,0,0,1.9050880670547485,5.541496753692627,0,0,2006
1,25,105d25,Ha Noi,Red River Delta,1,0,0,2.010895013809204,5.395815849304199,0,0,2006
1,25,105d25,Ha Noi,Red River Delta,1,0,0,0.7561220526695251,6.223953723907471,0,0,2006
1,25,105d25,Ha Noi,Red River Delta,1,0,1,2.1871743202209473,5.806445598602295,0,0,2006
1,25,105d25,Ha Noi,Red River Delta,1,0,0,2.126086473464966,5.32399320602417,0,0,2006
1,25,105d25,Ha Noi,Red River Delta,1,0,0,2.292534828186035,5.219536781311035,0,0,2006
1,27,105d27,Ha Noi,Red River Delta,1,0,0,1.2612978219985962,5.752617359161377,0,0,2006
1,27,105d27,Ha Noi,Red River Delta,1,0,0,1.8050047159194946,5.391681671142578,0,0,2006
1,27,105d27,Ha Noi,Red River Delta,1,0,0,1.3164082765579224,5.759400844573975,0,0,2006
1,27,105d27,Ha Noi,Red River Delta,1,0,0,1.773765206336975,5.656348705291748,0,0,2006
1,27,105d27,Ha Noi,Red River Delta,1,0,0,2.018895149230957,5.527551174163818,0,0,2006
1,27,105d27,Ha Noi,Red River Delta,1,0,0,2.215937376022339,5.398868083953857,0,0,2006
27,1,106d1,Bac Ninh,Red River Delta,1,1,1,2.073171854019165,6.1271162033081055,0,0,2006
27,3,106d3,Bac Ninh,Red River Delta,1,0,0,1.8322614431381226,5.6798095703125,0,0,2006
27,3,106d3,Bac Ninh,Red River Delta,1,0,0,2.1029138565063477,5.804369926452637,0,0,2006
27,3,106d3,Bac Ninh,Red River Delta,1,0,0,1.8453001976013184,5.637381553649902,0,0,2006
27,3,106d3,Bac Ninh,Red River Delta,1,0,0,2.0502700805664062,5.617355823516846,0,0,2006
27,3,106d3,Bac Ninh,Red River Delta,1,0,0,2.1838016510009766,5.459681510925293,0,0,2006
27,5,106d5,Bac Ninh,Red River Delta,0,0,0,1.6900957822799683,5.338991641998291,0,0,2006
27,5,106d5,Bac Ninh,Red River Delta,1,0,0,1.8467210531234741,5.612041473388672,0,0,2006
27,5,106d5,Bac Ninh,Red River Delta,1,0,0,2.0399208068847656,5.097357749938965,0,0,2006
27,5,106d5,Bac Ninh,Red River Delta,1,0,0,2.2565412521362305,5.517053127288818,0,0,2006
27,5,106d5,Bac Ninh,Red River Delta,1,0,0,2.147800922393799,5.500462055206299,0,0,2006
27,5,106d5,Bac Ninh,Red River Delta,1,0,0,2.23964524269104,5.41195011138916,0,0,2006
27,5,106d5,Bac Ninh,Red River Delta,1,0,0,1.6174061298370361,5.334366321563721,0,0,2006
27,7,106d7,Bac Ninh,Red River Delta,1,0,0,1.6926754713058472,5.655911922454834,0,0,2006
27,7,106d7,Bac Ninh,Red River Delta,1,0,0,1.9403231143951416,5.865966320037842,0,0,2006
27,7,106d7,Bac Ninh,Red River Delta,1,0,0,1.9881483316421509,5.854130268096924,0,0,2006
27,7,106d7,Bac Ninh,Red River Delta,1,0,0,2.0130345821380615,5.519588947296143,0,0,2006
27,7,106d7,Bac Ninh,Red River Delta,1,0,0,1.3228219747543335,6.05743408203125,0,0,2006
27,7,106d7,Bac Ninh,Red River Delta,1,0,0,1.494700312614441,5.750954627990723,0,0,2006
27,8,106d8,Bac Ninh,Red River Delta,1,0,0,1.604425311088562,6.4589524269104,0,0,2006
27,8,106d8,Bac Ninh,Red River Delta,1,0,0,1.9657127857208252,6.292709827423096,0,0,2006
27,8,106d8,Bac Ninh,Red River Delta,1,0,0,1.7766457796096802,6.518902778625488,0,0,2006
27,8,106d8,Bac Ninh,Red River Delta,1,0,0,1.7184717655181885,6.272782325744629,0,0,2006
27,8,106d8,Bac Ninh,Red River Delta,1,1,0,1.7334238290786743,6.155285835266113,0,0,2006
27,8,106d8,Bac Ninh,Red River Delta,1,0,0,1.2470322847366333,6.363820552825928,0,0,2006
27,9,106d9,Bac Ninh,Red River Delta,1,1,0,2.1517622470855713,5.471879482269287,0,0,2006
27,9,106d9,Bac Ninh,Red River Delta,1,0,0,2.1606757640838623,5.592947959899902,0,0,2006
27,9,106d9,Bac Ninh,Red River Delta,1,1,0,2.2638442516326904,5.66492223739624,0,0,2006
27,9,106d9,Bac Ninh,Red River Delta,1,1,0,2.1126346588134766,5.518311977386475,0,0,2006
27,9,106d9,Bac Ninh,Red River Delta,1,0,0,2.269028425216675,5.269998550415039,0,0,2006
27,9,106d9,Bac Ninh,Red River Delta,1,0,1,1.686398983001709,5.813577651977539,0,0,2006
27,11,106d11,Bac Ninh,Red River Delta,1,0,0,2.203869104385376,5.460008144378662,0,0,2006
27,11,106d11,Bac Ninh,Red River Delta,1,0,0,2.399711847305298,5.353911876678467,0,0,2006
27,11,106d11,Bac Ninh,Red River Delta,1,0,0,2.389404773712158,5.5164055824279785,0,0,2006
27,11,106d11,Bac Ninh,Red River Delta,1,0,0,2.3107516765594482,5.702922344207764,0,0,2006
27,11,106d11,Bac Ninh,Red River Delta,1,0,0,1.6714733839035034,5.8595428466796875,0,0,2006
27,12,106d12,Bac Ninh,Red River Delta,1,0,0,2.1016921997070312,5.693130970001221,0,0,2006
27,12,106d12,Bac Ninh,Red River Delta,1,0,0,1.8245493173599243,5.778850078582764,0,0,2006
27,12,106d12,Bac Ninh,Red River Delta,1,0,0,1.964872121810913,5.479376792907715,0,0,2006
27,12,106d12,Bac Ninh,Red River Delta,1,0,0,1.8562979698181152,5.656319618225098,0,0,2006
27,12,106d12,Bac Ninh,Red River Delta,0,0,0,1.9558604955673218,5.544116020202637,0,0,2006
30,3,107d3,Hai Duong,Red River Delta,0,0,0,2.6390573978424072,4.4934401512146,0,0,2006
30,3,107d3,Hai Duong,Red River Delta,1,0,0,2.7536606788635254,4.583276271820068,0,0,2006
30,3,107d3,Hai Duong,Red River Delta,1,0,0,2.3223876953125,4.996814727783203,0,0,2006
30,3,107d3,Hai Duong,Red River Delta,1,0,0,2.116255521774292,5.152664661407471,0,0,2006
30,3,107d3,Hai Duong,Red River Delta,1,0,0,2.0554049015045166,5.1715312004089355,0,0,2006
30,5,107d5,Hai Duong,Red River Delta,1,0,0,1.4060969352722168,5.913105487823486,0,0,2006
30,5,107d5,Hai Duong,Red River Delta,1,0,0,0.8671005368232727,5.68825626373291,0,0,2006
30,5,107d5,Hai Duong,Red River Delta,1,0,0,2.1667652130126953,5.647634506225586,0,0,2006
30,5,107d5,Hai Duong,Red River Delta,1,0,0,4.383275985717773,3.1369588375091553,0,0,2006
30,5,107d5,Hai Duong,Red River Delta,1,0,0,1.8050047159194946,5.729757785797119,0,0,2006
30,7,107d7,Hai Duong,Red River Delta,1,0,0,1.945910096168518,5.860786437988281,0,0,2006
30,7,107d7,Hai Duong,Red River Delta,1,0,0,2.1041340827941895,5.416642189025879,0,0,2006
30,7,107d7,Hai Duong,Red River Delta,1,0,0,1.8718022108078003,5.179187297821045,0,0,2006
30,7,107d7,Hai Duong,Red River Delta,1,0,0,1.4632554054260254,5.434449672698975,0,0,2006
30,7,107d7,Hai Duong,Red River Delta,1,0,0,1.3609765768051147,6.069730281829834,0,0,2006
30,7,107d7,Hai Duong,Red River Delta,1,0,0,1.7647308111190796,5.600449085235596,0,0,2006
30,9,107d9,Hai Duong,Red River Delta,1,0,0,1.4996230602264404,5.575340270996094,0,0,2006
30,9,107d9,Hai Duong,Red River Delta,1,0,0,1.667706847190857,5.394484996795654,0,0,2006
30,9,107d9,Hai Duong,Red River Delta,1,0,0,1.6154199838638306,5.521858215332031,0,0,2006
30,9,107d9,Hai Duong,Red River Delta,1,0,0,2.292534828186035,5.217348575592041,0,0,2006
30,9,107d9,Hai Duong,Red River Delta,1,0,0,1.4109869003295898,5.337772369384766,0,0,2006
30,9,107d9,Hai Duong,Red River Delta,1,0,0,2.0149030685424805,5.414618015289307,0,0,2006
30,11,107d11,Hai Duong,Red River Delta,1,0,0,2.0893919467926025,5.517989635467529,0,0,2006
30,11,107d11,Hai Duong,Red River Delta,1,0,0,2.248128890991211,5.40299129486084,0,0,2006
30,11,107d11,Hai Duong,Red River Delta,1,0,0,1.1249295473098755,5.417542457580566,0,0,2006
30,11,107d11,Hai Duong,Red River Delta,1,0,0,1.8885836601257324,5.815326690673828,0,0,2006
30,13,107d13,Hai Duong,Red River Delta,1,0,0,1.715957760810852,5.53112268447876,0,0,2006
30,13,107d13,Hai Duong,Red River Delta,1,0,0,1.7879188060760498,5.796854019165039,0,0,2006
30,13,107d13,Hai Duong,Red River Delta,1,0,0,1.502743124961853,5.854813098907471,0,0,2006
30,13,107d13,Hai Duong,Red River Delta,1,0,0,1.3785141706466675,5.893189430236816,0,0,2006
30,13,107d13,Hai Duong,Red River Delta,1,0,0,0.9516578316688538,6.01342248916626,0,0,2006
30,15,107d15,Hai Duong,Red River Delta,0,0,0,2.0877816677093506,5.566661357879639,0,0,2006
30,15,107d15,Hai Duong,Red River Delta,1,0,0,1.5260562896728516,5.747730255126953,0,0,2006
30,15,107d15,Hai Duong,Red River Delta,1,0,0,1.967112421989441,5.751128673553467,0,0,2006
30,15,107d15,Hai Duong,Red River Delta,1,0,0,1.887069582939148,5.612353801727295,0,0,2006
30,15,107d15,Hai Duong,Red River Delta,1,0,0,2.5336968898773193,5.50093412399292,0,0,2006
30,15,107d15,Hai Duong,Red River Delta,1,0,0,2.163322925567627,5.585999488830566,0,0,2006
30,17,107d17,Hai Duong,Red River Delta,1,0,0,1.6154199838638306,5.611515998840332,0,0,2006
30,17,107d17,Hai Duong,Red River Delta,1,0,0,2.029463291168213,5.295026779174805,0,0,2006
30,17,107d17,Hai Duong,Red River Delta,1,0,0,1.5260562896728516,6.044386863708496,0,0,2006
30,17,107d17,Hai Duong,Red River Delta,1,0,0,2.173614740371704,5.59829568862915,0,0,2006
30,19,107d19,Hai Duong,Red River Delta,1,0,0,2.054123640060425,5.17571496963501,0,0,2006
30,19,107d19,Hai Duong,Red River Delta,1,0,0,1.6789640188217163,5.665108680725098,0,0,2006
30,19,107d19,Hai Duong,Red River Delta,1,0,0,1.82131826877594,5.447601795196533,0,0,2006
30,21,107d21,Hai Duong,Red River Delta,1,0,0,2.163322925567627,5.473429203033447,0,0,2006
30,21,107d21,Hai Duong,Red River Delta,0,0,0,4.53474760055542,3.0716397762298584,0,0,2006
30,21,107d21,Hai Duong,Red River Delta,1,0,0,1.8718022108078003,5.834360599517822,0,0,2006
30,21,107d21,Hai Duong,Red River Delta,1,0,0,2.219203472137451,5.508771896362305,0,0,2006
30,21,107d21,Hai Duong,Red River Delta,1,0,0,1.2296406030654907,5.592556953430176,0,0,2006
30,23,107d23,Hai Duong,Red River Delta,1,0,0,1.7404661178588867,5.664421558380127,0,0,2006
30,23,107d23,Hai Duong,Red River Delta,1,0,0,1.4206957817077637,5.778982639312744,0,0,2006
30,23,107d23,Hai Duong,Red River Delta,1,0,0,1.64287269115448,5.521847724914551,0,0,2006
30,23,107d23,Hai Duong,Red River Delta,1,0,0,1.4586150646209717,5.462056636810303,0,0,2006
30,23,107d23,Hai Duong,Red River Delta,1,0,0,1.9110229015350342,5.645405292510986,0,0,2006
33,2,109d2,Hung Yen,Red River Delta,1,0,0,1.9851309061050415,5.752485275268555,0,0,2006
33,2,109d2,Hung Yen,Red River Delta,1,0,0,2.0819385051727295,5.987403869628906,0,0,2006
33,2,109d2,Hung Yen,Red River Delta,1,0,0,6.626452922821045,0.9633887410163879,0,0,2006
33,2,109d2,Hung Yen,Red River Delta,1,0,0,1.5892351865768433,5.8631672859191895,0,0,2006
33,3,109d3,Hung Yen,Red River Delta,1,0,0,6.652475833892822,0.7487553954124451,0,0,2006
33,3,109d3,Hung Yen,Red River Delta,1,0,0,1.8261609077453613,5.789137363433838,0,0,2006
33,3,109d3,Hung Yen,Red River Delta,1,0,0,1.6673293113708496,5.749650001525879,0,0,2006
33,4,109d4,Hung Yen,Red River Delta,1,0,0,1.1631507873535156,5.8964667320251465,0,0,2006
33,4,109d4,Hung Yen,Red River Delta,1,0,0,0.9555113911628723,5.828945636749268,0,0,2006
33,4,109d4,Hung Yen,Red River Delta,1,1,0,1.6486586332321167,5.890368461608887,0,0,2006
33,4,109d4,Hung Yen,Red River Delta,1,0,0,1.1939224004745483,6.198109149932861,0,0,2006
33,4,109d4,Hung Yen,Red River Delta,1,0,0,1.8718022108078003,5.699671268463135,0,0,2006
33,5,109d5,Hung Yen,Red River Delta,1,0,0,1.6694035530090332,5.902585029602051,0,0,2006
33,5,109d5,Hung Yen,Red River Delta,1,1,0,1.8931119441986084,6.073127746582031,0,0,2006
33,5,109d5,Hung Yen,Red River Delta,1,0,0,2.292534828186035,5.786153316497803,0,0,2006
33,5,109d5,Hung Yen,Red River Delta,1,0,0,2.1388890743255615,5.7569193840026855,0,0,2006
33,6,109d6,Hung Yen,Red River Delta,1,0,0,2.226783514022827,5.78821325302124,0,0,2006
33,6,109d6,Hung Yen,Red River Delta,1,0,0,1.7833912372589111,5.831414222717285,0,0,2006
33,6,109d6,Hung Yen,Red River Delta,1,0,1,1.6213665008544922,6.085246562957764,0,0,2006
33,6,109d6,Hung Yen,Red River Delta,1,0,0,1.1378329992294312,5.829133987426758,0,0,2006
33,6,109d6,Hung Yen,Red River Delta,1,0,0,1.403643012046814,5.942367076873779,0,0,2006
33,6,109d6,Hung Yen,Red River Delta,1,0,1,1.8066481351852417,5.913369655609131,0,0,2006
33,6,109d6,Hung Yen,Red River Delta,1,0,0,1.7749524116516113,5.858417510986328,0,0,2006
33,6,109d6,Hung Yen,Red River Delta,1,0,0,1.6094379425048828,5.845282077789307,0,0,2006
33,7,109d7,Hung Yen,Red River Delta,1,0,0,1.744667887687683,5.457248687744141,0,0,2006
33,7,109d7,Hung Yen,Red River Delta,1,0,0,2.021547555923462,5.781070709228516,0,0,2006
33,7,109d7,Hung Yen,Red River Delta,1,0,1,1.7544037103652954,5.567446231842041,0,0,2006
33,7,109d7,Hung Yen,Red River Delta,1,0,0,1.8239039182662964,5.785958290100098,0,0,2006
33,7,109d7,Hung Yen,Red River Delta,1,0,0,2.121063232421875,5.353708744049072,0,0,2006
33,7,109d7,Hung Yen,Red River Delta,1,0,0,1.4861396551132202,5.809595584869385,0,0,2006
33,9,109d9,Hung Yen,Red River Delta,0,0,0,1.677657127380371,5.190317153930664,0,0,2006
33,9,109d9,Hung Yen,Red River Delta,1,0,0,2.012232780456543,5.472697734832764,0,0,2006
33,9,109d9,Hung Yen,Red River Delta,1,0,0,1.2536197900772095,6.197041034698486,0,0,2006
33,9,109d9,Hung Yen,Red River Delta,1,0,0,1.8562979698181152,5.616771221160889,0,0,2006
33,9,109d9,Hung Yen,Red River Delta,1,0,0,1.9021074771881104,5.907027721405029,0,0,2006
33,11,109d11,Hung Yen,Red River Delta,1,0,0,2.325031280517578,5.505394458770752,0,0,2006
33,11,109d11,Hung Yen,Red River Delta,1,0,0,1.800719141960144,5.432736396789551,0,0,2006
33,11,109d11,Hung Yen,Red River Delta,0,0,0,1.796747088432312,5.542790412902832,0,0,2006
33,11,109d11,Hung Yen,Red River Delta,1,0,0,2.2721259593963623,5.655919551849365,0,0,2006
33,13,109d13,Hung Yen,Red River Delta,1,0,0,1.854264736175537,5.785377502441406,0,0,2006
33,13,109d13,Hung Yen,Red River Delta,1,0,0,1.8484548330307007,5.575113773345947,0,0,2006
33,13,109d13,Hung Yen,Red River Delta,1,0,0,1.9139771461486816,5.561928749084473,0,0,2006
33,13,109d13,Hung Yen,Red River Delta,1,0,0,1.722766637802124,6.017463207244873,0,0,2006
33,13,109d13,Hung Yen,Red River Delta,1,0,0,1.2870264053344727,5.562039852142334,0,0,2006
33,13,109d13,Hung Yen,Red River Delta,1,0,0,1.4816045761108398,5.358942031860352,0,0,2006
35,1,111d1,Ha Nam,Red River Delta,1,0,0,1.2011688947677612,5.993268013000488,0,0,2006
35,1,111d1,Ha Nam,Red River Delta,1,0,0,1.2305173873901367,6.072652816772461,0,0,2006
35,1,111d1,Ha Nam,Red River Delta,0,1,0,1.7298840284347534,5.982112407684326,0,0,2006
35,3,111d3,Ha Nam,Red River Delta,1,0,0,2.676215410232544,5.627536773681641,0,0,2006
35,3,111d3,Ha Nam,Red River Delta,1,0,0,1.5789786577224731,5.572506904602051,0,0,2006
35,3,111d3,Ha Nam,Red River Delta,1,0,0,1.4206957817077637,5.458660125732422,0,0,2006
35,3,111d3,Ha Nam,Red River Delta,1,0,0,2.1713368892669678,5.623898029327393,0,0,2006
35,3,111d3,Ha Nam,Red River Delta,1,0,0,1.9300711154937744,5.599335193634033,0,0,2006
35,3,111d3,Ha Nam,Red River Delta,1,0,0,2.010895013809204,5.15150260925293,0,0,2006
35,3,111d3,Ha Nam,Red River Delta,1,0,0,2.269028425216675,5.7541961669921875,0,0,2006
35,5,111d5,Ha Nam,Red River Delta,1,1,1,1.7698546648025513,5.6380696296691895,0,0,2006
35,5,111d5,Ha Nam,Red River Delta,1,0,1,3.014554023742676,3.8544604778289795,0,0,2006
35,5,111d5,Ha Nam,Red River Delta,1,1,0,2.3389170169830322,5.473056316375732,0,0,2006
35,5,111d5,Ha Nam,Red River Delta,1,1,0,1.813194751739502,5.471626281738281,0,0,2006
35,5,111d5,Ha Nam,Red River Delta,1,0,1,1.5432981252670288,6.234913349151611,0,0,2006
35,5,111d5,Ha Nam,Red River Delta,1,0,0,3.8501474857330322,3.4435501098632812,0,0,2006
35,5,111d5,Ha Nam,Red River Delta,1,0,0,1.7404661178588867,5.772151470184326,0,0,2006
35,7,111d7,Ha Nam,Red River Delta,1,0,0,2.022871255874634,5.690913677215576,0,0,2006
35,7,111d7,Ha Nam,Red River Delta,1,0,0,1.788420557975769,6.033623695373535,0,0,2006
35,7,111d7,Ha Nam,Red River Delta,1,0,0,2.3331143856048584,5.469912528991699,0,0,2006
35,7,111d7,Ha Nam,Red River Delta,1,0,0,1.9699056148529053,5.404723167419434,0,0,2006
35,7,111d7,Ha Nam,Red River Delta,1,0,0,2.063439130783081,5.901411533355713,0,0,2006
35,7,111d7,Ha Nam,Red River Delta,1,0,0,1.7715567350387573,5.253981590270996,0,0,2006
35,7,111d7,Ha Nam,Red River Delta,1,0,0,1.7544037103652954,5.777148723602295,0,0,2006
35,7,111d7,Ha Nam,Red River Delta,1,0,0,1.6587992906570435,6.175197124481201,0,0,2006
35,7,111d7,Ha Nam,Red River Delta,1,0,0,1.8779371976852417,5.531805038452148,0,0,2006
35,7,111d7,Ha Nam,Red River Delta,1,0,0,1.7681496143341064,6.096654415130615,0,0,2006
35,9,111d9,Ha Nam,Red River Delta,1,0,0,1.9865034818649292,5.370414733886719,0,0,2006
35,9,111d9,Ha Nam,Red River Delta,1,0,0,2.7427735328674316,4.6217732429504395,0,0,2006
35,9,111d9,Ha Nam,Red River Delta,1,0,0,2.3513753414154053,5.395789623260498,0,0,2006
35,9,111d9,Ha Nam,Red River Delta,1,0,0,2.6318888664245605,5.130281925201416,0,0,2006
35,9,111d9,Ha Nam,Red River Delta,1,0,0,1.740290641784668,5.482275485992432,0,0,2006
35,9,111d9,Ha Nam,Red River Delta,1,0,0,1.8453001976013184,5.449077129364014,0,0,2006
35,9,111d9,Ha Nam,Red River Delta,1,0,0,1.504077434539795,5.488018989562988,0,0,2006
35,11,111d11,Ha Nam,Red River Delta,1,0,0,2.106570243835449,5.382842063903809,0,0,2006
35,11,111d11,Ha Nam,Red River Delta,1,0,0,4.382651329040527,3.2670412063598633,0,0,2006
35,11,111d11,Ha Nam,Red River Delta,1,0,0,4.236278057098389,2.918337345123291,0,0,2006
35,11,111d11,Ha Nam,Red River Delta,0,0,0,2.461296796798706,5.618321418762207,0,0,2006
35,11,111d11,Ha Nam,Red River Delta,1,0,0,1.9643112421035767,5.640583038330078,0,0,2006
35,11,111d11,Ha Nam,Red River Delta,1,0,0,1.8515994548797607,5.550852298736572,0,0,2006
35,11,111d11,Ha Nam,Red River Delta,1,0,0,1.6620303392410278,5.915091514587402,0,0,2006
35,11,111d11,Ha Nam,Red River Delta,1,0,0,1.8373700380325317,5.738727569580078,0,0,2006
36,1,113d1,Nam Dinh,Red River Delta,1,0,1,1.8066481351852417,5.587230205535889,0,0,2006
36,1,113d1,Nam Dinh,Red River Delta,1,0,1,1.8245493173599243,6.205209255218506,0,0,2006
36,3,113d3,Nam Dinh,Red River Delta,1,0,0,1.8309801816940308,5.457947731018066,0,1,2006
36,3,113d3,Nam Dinh,Red River Delta,1,0,0,2.4406063556671143,5.770061492919922,0,1,2006
36,3,113d3,Nam Dinh,Red River Delta,0,0,0,2.224623441696167,5.201925754547119,0,1,2006
36,3,113d3,Nam Dinh,Red River Delta,1,0,0,2.3296165466308594,5.473818778991699,0,1,2006
36,5,113d5,Nam Dinh,Red River Delta,0,0,0,1.8196988105773926,5.74816370010376,0,1,2006
36,5,113d5,Nam Dinh,Red River Delta,1,0,0,2.156402587890625,5.420719146728516,0,1,2006
36,7,113d7,Nam Dinh,Red River Delta,0,0,0,1.8148247003555298,5.745776653289795,0,1,2006
36,7,113d7,Nam Dinh,Red River Delta,1,0,0,2.4956817626953125,5.520966053009033,0,1,2006
36,7,113d7,Nam Dinh,Red River Delta,0,0,0,2.0668628215789795,5.222747802734375,0,1,2006
36,7,113d7,Nam Dinh,Red River Delta,1,0,0,1.82131826877594,5.54449462890625,0,1,2006
36,7,113d7,Nam Dinh,Red River Delta,1,0,0,2.0918641090393066,5.676246166229248,0,1,2006
36,7,113d7,Nam Dinh,Red River Delta,0,0,0,2.073171854019165,5.064106464385986,0,1,2006
36,7,113d7,Nam Dinh,Red River Delta,0,0,0,1.695615530014038,5.128757953643799,0,1,2006
36,7,113d7,Nam Dinh,Red River Delta,1,0,0,2.0014801025390625,5.445688247680664,0,1,2006
36,9,113d9,Nam Dinh,Red River Delta,1,0,0,1.3056265115737915,5.739278793334961,0,1,2006
36,9,113d9,Nam Dinh,Red River Delta,1,0,0,2.3223876953125,5.724802017211914,0,1,2006
36,9,113d9,Nam Dinh,Red River Delta,1,1,1,2.2565412521362305,5.840580940246582,0,1,2006
36,9,113d9,Nam Dinh,Red River Delta,1,0,1,2.110213279724121,5.891476631164551,0,1,2006
36,9,113d9,Nam Dinh,Red River Delta,1,0,0,2.032087802886963,5.897758483886719,0,1,2006
36,9,113d9,Nam Dinh,Red River Delta,1,0,0,2.7013611793518066,5.5041303634643555,0,1,2006
36,11,113d11,Nam Dinh,Red River Delta,0,0,1,2.021547555923462,6.300846576690674,0,1,2006
36,11,113d11,Nam Dinh,Red River Delta,0,0,0,2.140066146850586,5.915091514587402,0,1,2006
36,11,113d11,Nam Dinh,Red River Delta,1,0,0,2.1126346588134766,5.7312140464782715,0,1,2006
36,11,113d11,Nam Dinh,Red River Delta,0,0,0,2.2565412521362305,6.092470169067383,0,1,2006
36,11,113d11,Nam Dinh,Red River Delta,1,0,0,1.736951231956482,5.830911636352539,0,1,2006
36,11,113d11,Nam Dinh,Red River Delta,1,0,0,2.008213996887207,5.817031383514404,0,1,2006
36,11,113d11,Nam Dinh,Red River Delta,0,0,0,1.788420557975769,5.5868353843688965,0,1,2006
36,13,113d13,Nam Dinh,Red River Delta,1,0,0,1.2781522274017334,6.472032070159912,0,1,2006
36,13,113d13,Nam Dinh,Red River Delta,0,0,1,1.4651055335998535,5.922603607177734,0,1,2006
36,13,113d13,Nam Dinh,Red River Delta,0,1,0,1.6213665008544922,5.808154582977295,0,1,2006
36,13,113d13,Nam Dinh,Red River Delta,1,0,0,2.312535524368286,5.3891167640686035,0,1,2006
36,13,113d13,Nam Dinh,Red River Delta,1,0,0,1.9572738409042358,6.0333027839660645,0,1,2006
36,15,113d15,Nam Dinh,Red River Delta,1,0,0,2.1494338512420654,6.346944332122803,0,1,2006
36,15,113d15,Nam Dinh,Red River Delta,1,0,0,2.28340220451355,5.76538610458374,0,1,2006
36,15,113d15,Nam Dinh,Red River Delta,1,0,0,2.0399208068847656,5.686291694641113,0,1,2006
36,15,113d15,Nam Dinh,Red River Delta,1,0,0,2.024193048477173,5.815332412719727,0,1,2006
36,15,113d15,Nam Dinh,Red River Delta,1,0,0,1.8389610052108765,5.948005676269531,0,1,2006
36,15,113d15,Nam Dinh,Red River Delta,1,0,0,2.1041340827941895,5.779688835144043,0,1,2006
36,15,113d15,Nam Dinh,Red River Delta,1,0,0,1.9516081809997559,5.810136795043945,0,1,2006
36,17,113d17,Nam Dinh,Red River Delta,1,0,0,2.6925981044769287,5.524840354919434,0,1,2006
36,17,113d17,Nam Dinh,Red River Delta,1,0,0,1.8148247003555298,5.631176948547363,0,1,2006
36,17,113d17,Nam Dinh,Red River Delta,1,0,0,2.0149030685424805,5.694853782653809,0,1,2006
36,17,113d17,Nam Dinh,Red River Delta,1,0,0,2.016235589981079,5.633457183837891,0,1,2006
36,17,113d17,Nam Dinh,Red River Delta,1,0,0,1.656321406364441,5.818450927734375,0,1,2006
36,17,113d17,Nam Dinh,Red River Delta,1,0,0,2.121063232421875,5.758606433868408,0,1,2006
36,17,113d17,Nam Dinh,Red River Delta,1,0,0,2.2512917518615723,5.408822536468506,0,1,2006
36,19,113d19,Nam Dinh,Red River Delta,1,0,0,1.8484548330307007,5.835869312286377,0,1,2006
36,19,113d19,Nam Dinh,Red River Delta,1,0,0,2.0489823818206787,5.6531219482421875,0,1,2006
36,19,113d19,Nam Dinh,Red River Delta,1,0,0,1.398716926574707,6.214608192443848,0,1,2006
36,19,113d19,Nam Dinh,Red River Delta,1,0,0,1.7749524116516113,5.9604811668396,0,1,2006
36,19,113d19,Nam Dinh,Red River Delta,1,0,0,1.9315214157104492,6.239512920379639,0,1,2006
36,19,113d19,Nam Dinh,Red River Delta,0,0,0,1.8069764375686646,6.202386856079102,0,1,2006
36,19,113d19,Nam Dinh,Red River Delta,1,0,0,1.4060969352722168,6.069242000579834,0,1,2006
36,19,113d19,Nam Dinh,Red River Delta,1,0,0,1.6937791109085083,5.942490577697754,0,1,2006
36,19,113d19,Nam Dinh,Red River Delta,1,0,0,1.9110229015350342,5.641214370727539,0,1,2006
34,1,115d1,Thai Binh,Red River Delta,1,1,0,1.813194751739502,6.371039867401123,0,0,2006
34,1,115d1,Thai Binh,Red River Delta,1,0,0,1.7715567350387573,6.394375324249268,0,0,2006
34,3,115d3,Thai Binh,Red River Delta,1,0,0,1.4586150646209717,5.688157081604004,0,0,2006
34,3,115d3,Thai Binh,Red River Delta,1,0,0,1.2809338569641113,5.702856063842773,0,0,2006
34,3,115d3,Thai Binh,Red River Delta,1,0,0,1.6389967203140259,5.756724834442139,0,0,2006
34,3,115d3,Thai Binh,Red River Delta,1,0,0,2.0357508659362793,5.784286975860596,0,0,2006
34,3,115d3,Thai Binh,Red River Delta,1,0,0,1.5581445693969727,5.655623912811279,0,0,2006
34,3,115d3,Thai Binh,Red River Delta,1,0,0,1.8484548330307007,5.7011542320251465,0,0,2006
34,3,115d3,Thai Binh,Red River Delta,1,0,0,1.3862943649291992,5.609471797943115,0,0,2006
34,3,115d3,Thai Binh,Red River Delta,1,0,0,1.2864739894866943,5.797752380371094,0,0,2006
34,3,115d3,Thai Binh,Red River Delta,1,0,0,2.0681278705596924,5.864952087402344,0,0,2006
34,5,115d5,Thai Binh,Red River Delta,1,0,0,1.7917594909667969,5.920684337615967,0,0,2006
34,5,115d5,Thai Binh,Red River Delta,1,0,0,1.9021074771881104,6.077573776245117,0,0,2006
34,5,115d5,Thai Binh,Red River Delta,1,1,0,1.348073124885559,5.782025337219238,0,0,2006
34,5,115d5,Thai Binh,Red River Delta,1,0,0,1.9487632513046265,5.767697811126709,0,0,2006
34,5,115d5,Thai Binh,Red River Delta,0,0,0,1.235471487045288,6.1999664306640625,0,0,2006
34,5,115d5,Thai Binh,Red River Delta,1,0,0,1.8050047159194946,5.602313041687012,0,0,2006
34,5,115d5,Thai Binh,Red River Delta,1,0,0,2.031825542449951,5.898380756378174,0,0,2006
34,5,115d5,Thai Binh,Red River Delta,1,0,0,1.3454723358154297,5.907289981842041,0,0,2006
34,5,115d5,Thai Binh,Red River Delta,0,0,0,2.0918641090393066,6.003734588623047,0,0,2006
34,7,115d7,Thai Binh,Red River Delta,1,0,0,1.2753627300262451,6.277924060821533,0,0,2006
34,7,115d7,Thai Binh,Red River Delta,1,0,0,1.4350844621658325,5.632235527038574,0,0,2006
34,7,115d7,Thai Binh,Red River Delta,1,0,1,1.8531681299209595,5.303788185119629,0,0,2006
34,7,115d7,Thai Binh,Red River Delta,1,0,0,1.4109869003295898,5.608309745788574,0,0,2006
34,7,115d7,Thai Binh,Red River Delta,1,1,0,1.7404661178588867,5.718296527862549,0,0,2006
34,7,115d7,Thai Binh,Red River Delta,1,0,0,1.403643012046814,5.68393087387085,0,0,2006
34,7,115d7,Thai Binh,Red River Delta,1,0,0,1.8855533599853516,5.933279037475586,0,0,2006
34,7,115d7,Thai Binh,Red River Delta,1,0,0,1.5892351865768433,5.764487266540527,0,0,2006
34,7,115d7,Thai Binh,Red River Delta,1,0,0,1.6094379425048828,6.052559852600098,0,0,2006
34,7,115d7,Thai Binh,Red River Delta,1,0,0,1.3609765768051147,5.659214019775391,0,0,2006
34,9,115d9,Thai Binh,Red River Delta,1,0,0,1.433416485786438,5.651648044586182,0,0,2006
34,9,115d9,Thai Binh,Red River Delta,1,0,0,1.8916047811508179,6.1124267578125,0,0,2006
34,9,115d9,Thai Binh,Red River Delta,1,0,0,1.8099267482757568,5.787971019744873,0,0,2006
34,9,115d9,Thai Binh,Red River Delta,1,0,0,1.599387526512146,5.722462177276611,0,0,2006
34,9,115d9,Thai Binh,Red River Delta,0,0,0,1.6826883554458618,6.1591973304748535,0,0,2006
34,9,115d9,Thai Binh,Red River Delta,1,0,0,1.3350011110305786,6.323226451873779,0,0,2006
34,9,115d9,Thai Binh,Red River Delta,0,0,0,1.6601310968399048,6.03653621673584,0,0,2006
34,9,115d9,Thai Binh,Red River Delta,1,0,0,1.4350844621658325,5.728087902069092,0,0,2006
34,9,115d9,Thai Binh,Red River Delta,1,0,0,1.4303112030029297,6.085577964782715,0,0,2006
34,11,115d11,Thai Binh,Red River Delta,1,0,0,1.7917594909667969,6.135925769805908,0,0,2006
34,11,115d11,Thai Binh,Red River Delta,1,1,0,4.251348495483398,3.5414135456085205,0,0,2006
34,11,115d11,Thai Binh,Red River Delta,1,0,0,1.5869877338409424,5.85667610168457,0,0,2006
34,11,115d11,Thai Binh,Red River Delta,1,0,0,2.079441547393799,5.730505466461182,0,0,2006
34,11,115d11,Thai Binh,Red River Delta,1,0,0,1.4586150646209717,5.893184661865234,0,0,2006
34,11,115d11,Thai Binh,Red River Delta,0,0,0,1.9315214157104492,5.461126327514648,0,0,2006
34,11,115d11,Thai Binh,Red River Delta,1,0,0,2.111424684524536,5.994184970855713,0,0,2006
34,11,115d11,Thai Binh,Red River Delta,1,0,0,1.7404661178588867,6.172323226928711,0,0,2006
34,13,115d13,Thai Binh,Red River Delta,1,0,0,1.8656293153762817,5.899515628814697,0,0,2006
34,13,115d13,Thai Binh,Red River Delta,1,0,0,1.2697604894638062,6.180318832397461,0,0,2006
34,13,115d13,Thai Binh,Red River Delta,1,0,0,2.0992441177368164,5.201228618621826,0,0,2006
34,13,115d13,Thai Binh,Red River Delta,1,0,0,2.0992441177368164,5.508634090423584,0,0,2006
34,13,115d13,Thai Binh,Red River Delta,1,0,0,1.695615530014038,5.816455841064453,0,0,2006
34,13,115d13,Thai Binh,Red River Delta,0,0,0,1.4398350715637207,5.578566551208496,0,0,2006
34,13,115d13,Thai Binh,Red River Delta,1,0,0,1.1817271709442139,5.675786972045898,0,0,2006
34,13,115d13,Thai Binh,Red River Delta,0,0,0,1.6174061298370361,5.889185905456543,0,0,2006
34,13,115d13,Thai Binh,Red River Delta,1,0,0,1.9810014963150024,5.689426898956299,0,0,2006
34,13,115d13,Thai Binh,Red River Delta,1,0,0,2.0202221870422363,5.84879732131958,0,0,2006
34,15,115d15,Thai Binh,Red River Delta,1,0,0,1.6934113502502441,5.650014877319336,0,0,2006
34,15,115d15,Thai Binh,Red River Delta,1,0,0,1.2612978219985962,6.114584445953369,0,0,2006
34,15,115d15,Thai Binh,Red River Delta,1,0,0,1.974081039428711,5.411769866943359,0,0,2006
34,15,115d15,Thai Binh,Red River Delta,1,0,0,2.0668628215789795,5.893809795379639,0,0,2006
34,15,115d15,Thai Binh,Red River Delta,1,0,0,1.8373700380325317,5.493035316467285,0,0,2006
34,15,115d15,Thai Binh,Red River Delta,1,0,0,1.7404661178588867,5.853411674499512,0,0,2006
34,15,115d15,Thai Binh,Red River Delta,1,0,0,3.7588717937469482,3.7748217582702637,0,0,2006
37,1,117d1,Ninh Binh,Red River Delta,1,0,0,1.8405497074127197,5.7452392578125,0,0,2006
37,3,117d3,Ninh Binh,Red River Delta,1,0,0,2.525728702545166,5.218408107757568,0,0,2006
37,5,117d5,Ninh Binh,Red River Delta,1,0,0,3.226844072341919,4.3830180168151855,0,0,2006
37,5,117d5,Ninh Binh,Red River Delta,1,0,0,4.043051242828369,3.090244770050049,0,0,2006
37,5,117d5,Ninh Binh,Red River Delta,1,0,0,2.6390573978424072,4.458491325378418,0,0,2006
37,5,117d5,Ninh Binh,Red River Delta,1,0,0,2.1747517585754395,4.664724826812744,0,0,2006
37,5,117d5,Ninh Binh,Red River Delta,0,0,0,2.360854148864746,4.7004804611206055,0,0,2006
37,5,117d5,Ninh Binh,Red River Delta,0,0,0,4.818142414093018,1.5870863199234009,0,0,2006
37,7,117d7,Ninh Binh,Red River Delta,1,0,0,2.3887627124786377,4.900847911834717,0,0,2006
37,7,117d7,Ninh Binh,Red River Delta,1,0,0,2.1747517585754395,5.417109966278076,0,0,2006
37,7,117d7,Ninh Binh,Red River Delta,1,0,0,1.722766637802124,5.138944625854492,0,0,2006
37,7,117d7,Ninh Binh,Red River Delta,1,0,1,1.722766637802124,5.789851188659668,0,0,2006
37,7,117d7,Ninh Binh,Red River Delta,1,0,1,2.0668628215789795,5.577099323272705,0,0,2006
37,7,117d7,Ninh Binh,Red River Delta,1,0,1,3.332204580307007,4.250024795532227,0,0,2006
37,9,117d9,Ninh Binh,Red River Delta,1,0,0,2.0831844806671143,5.2386651039123535,0,0,2006
37,9,117d9,Ninh Binh,Red River Delta,1,0,0,3.0633909702301025,4.998095989227295,0,0,2006
37,9,117d9,Ninh Binh,Red River Delta,1,0,0,2.2669577598571777,4.695285797119141,0,0,2006
37,9,117d9,Ninh Binh,Red River Delta,1,0,1,2.5368664264678955,5.237148761749268,0,0,2006
37,11,117d11,Ninh Binh,Red River Delta,1,0,1,2.4475510120391846,5.198325157165527,0,0,2006
37,11,117d11,Ninh Binh,Red River Delta,1,0,0,2.1770217418670654,5.408259391784668,0,0,2006
37,11,117d11,Ninh Binh,Red River Delta,1,0,0,1.5539251565933228,5.6169633865356445,0,0,2006
37,11,117d11,Ninh Binh,Red River Delta,1,0,0,2.167910099029541,5.213591575622559,0,0,2006
37,11,117d11,Ninh Binh,Red River Delta,1,0,0,2.0149030685424805,5.705114841461182,0,0,2006
37,11,117d11,Ninh Binh,Red River Delta,1,0,0,2.1972246170043945,5.091019630432129,0,0,2006
37,13,117d13,Ninh Binh,Red River Delta,1,0,0,1.9919755458831787,5.396352291107178,0,0,2006
37,13,117d13,Ninh Binh,Red River Delta,1,0,0,1.713797926902771,5.4984965324401855,0,0,2006
37,13,117d13,Ninh Binh,Red River Delta,1,0,0,1.9823799133300781,5.378995418548584,0,0,2006
37,13,117d13,Ninh Binh,Red River Delta,1,0,0,1.8562979698181152,5.4727959632873535,0,0,2006
37,13,117d13,Ninh Binh,Red River Delta,1,0,0,2.2721259593963623,5.6399312019348145,0,0,2006
37,13,117d13,Ninh Binh,Red River Delta,1,0,0,2.1041340827941895,5.6056227684021,0,0,2006
37,13,117d13,Ninh Binh,Red River Delta,1,0,0,2.054123640060425,5.427432060241699,0,0,2006
37,15,117d15,Ninh Binh,Red River Delta,1,0,0,2.3475584983825684,5.581568241119385,0,0,2006
37,15,117d15,Ninh Binh,Red River Delta,1,0,0,1.6034197807312012,5.601472854614258,0,0,2006
37,15,117d15,Ninh Binh,Red River Delta,1,0,0,1.7173950672149658,4.672845363616943,0,0,2006
37,15,117d15,Ninh Binh,Red River Delta,1,0,0,1.8825138807296753,5.6207756996154785,0,0,2006
37,15,117d15,Ninh Binh,Red River Delta,1,0,0,1.8840347528457642,5.558457851409912,0,0,2006
37,15,117d15,Ninh Binh,Red River Delta,0,0,0,1.7334238290786743,5.442830562591553,0,0,2006
37,15,117d15,Ninh Binh,Red River Delta,1,0,0,1.9125010967254639,5.627589225769043,0,0,2006
2,1,201d1,Ha Giang,Northern Midlands and Mountains,1,0,0,3.7727608680725098,3.1518514156341553,0,0,2006
2,3,201d3,Ha Giang,Northern Midlands and Mountains,1,0,0,3.416414260864258,2.8788516521453857,0,0,2006
2,3,201d3,Ha Giang,Northern Midlands and Mountains,1,0,0,2.710247755050659,3.5663957595825195,0,0,2006
2,5,201d5,Ha Giang,Northern Midlands and Mountains,1,0,0,3.9836363792419434,2.6523101329803467,0,0,2006
2,5,201d5,Ha Giang,Northern Midlands and Mountains,1,0,0,3.5857386589050293,2.484998941421509,0,0,2006
2,5,201d5,Ha Giang,Northern Midlands and Mountains,1,0,0,3.2104403972625732,3.2619059085845947,0,0,2006
2,7,201d7,Ha Giang,Northern Midlands and Mountains,1,0,0,3.2522332668304443,3.0810463428497314,0,0,2006
2,7,201d7,Ha Giang,Northern Midlands and Mountains,1,0,0,3.240245819091797,3.1910853385925293,0,0,2006
2,7,201d7,Ha Giang,Northern Midlands and Mountains,1,0,0,3.895487070083618,2.369814157485962,0,0,2006
2,9,201d9,Ha Giang,Northern Midlands and Mountains,1,0,0,3.7069649696350098,2.9510462284088135,0,0,2006
2,9,201d9,Ha Giang,Northern Midlands and Mountains,1,0,0,3.696847677230835,2.886561632156372,0,0,2006
2,11,201d11,Ha Giang,Northern Midlands and Mountains,1,0,0,3.799302101135254,2.1642773151397705,0,0,2006
2,13,201d13,Ha Giang,Northern Midlands and Mountains,0,0,0,3.0791537761688232,2.7229645252227783,0,0,2006
2,13,201d13,Ha Giang,Northern Midlands and Mountains,1,0,0,3.6602227687835693,2.4468002319335938,0,0,2006
2,13,201d13,Ha Giang,Northern Midlands and Mountains,1,0,0,3.2857491970062256,3.1358730792999268,0,0,2006
2,15,201d15,Ha Giang,Northern Midlands and Mountains,1,0,0,3.642573595046997,3.207552433013916,0,0,2006
2,15,201d15,Ha Giang,Northern Midlands and Mountains,1,0,0,4.0568156242370605,2.9766907691955566,0,0,2006
2,15,201d15,Ha Giang,Northern Midlands and Mountains,0,0,0,4.691348075866699,2.186978578567505,0,0,2006
2,15,201d15,Ha Giang,Northern Midlands and Mountains,0,0,0,4.768563747406006,1.762313961982727,0,0,2006
2,17,201d17,Ha Giang,Northern Midlands and Mountains,0,0,0,3.5709400177001953,2.893648147583008,0,0,2006
2,17,201d17,Ha Giang,Northern Midlands and Mountains,0,0,0,4.581491947174072,2.2142136096954346,0,0,2006
2,19,201d19,Ha Giang,Northern Midlands and Mountains,1,0,0,3.671224594116211,3.092660427093506,0,0,2006
2,19,201d19,Ha Giang,Northern Midlands and Mountains,1,0,0,3.818371534347534,3.1419763565063477,0,0,2006
2,19,201d19,Ha Giang,Northern Midlands and Mountains,1,0,0,3.2729852199554443,2.9295504093170166,0,0,2006
2,19,201d19,Ha Giang,Northern Midlands and Mountains,1,1,0,4.243195533752441,2.45383882522583,0,0,2006
2,19,201d19,Ha Giang,Northern Midlands and Mountains,1,0,0,3.7948148250579834,3.126843214035034,0,0,2006
2,19,201d19,Ha Giang,Northern Midlands and Mountains,1,0,0,3.5882298946380615,4.090559005737305,0,0,2006
2,19,201d19,Ha Giang,Northern Midlands and Mountains,1,0,0,3.699324607849121,3.615893602371216,0,0,2006
4,1,203d1,Cao Bang,Northern Midlands and Mountains,1,0,0,2.2995805740356445,4.039013385772705,0,0,2006
4,3,203d3,Cao Bang,Northern Midlands and Mountains,0,0,0,4.398269176483154,2.117924213409424,0,0,2006
4,3,203d3,Cao Bang,Northern Midlands and Mountains,0,0,0,4.377516269683838,2.45874285697937,0,0,2006
4,3,203d3,Cao Bang,Northern Midlands and Mountains,1,0,0,4.187227725982666,1.9927891492843628,0,0,2006
4,4,203d4,Cao Bang,Northern Midlands and Mountains,0,0,0,4.03724479675293,2.581494092941284,0,0,2006
4,4,203d4,Cao Bang,Northern Midlands and Mountains,0,0,0,4.827193260192871,2.0765540599823,0,0,2006
4,5,203d5,Cao Bang,Northern Midlands and Mountains,1,0,0,1.176807165145874,5.160018444061279,0,0,2006
4,5,203d5,Cao Bang,Northern Midlands and Mountains,1,0,0,2.8332133293151855,3.4415485858917236,0,0,2006
4,7,203d7,Cao Bang,Northern Midlands and Mountains,0,0,0,3.95316481590271,2.693225622177124,0,0,2006
4,9,203d9,Cao Bang,Northern Midlands and Mountains,0,0,0,3.305053472518921,2.8130438327789307,0,0,2006
4,11,203d11,Cao Bang,Northern Midlands and Mountains,0,0,0,3.014554023742676,3.503117322921753,0,0,2006
4,11,203d11,Cao Bang,Northern Midlands and Mountains,1,0,0,3.9470038414001465,3.0133438110351562,0,0,2006
4,11,203d11,Cao Bang,Northern Midlands and Mountains,1,0,0,2.657458543777466,3.363564968109131,0,0,2006
4,13,203d13,Cao Bang,Northern Midlands and Mountains,0,0,0,7.461640357971191,-1.7186371088027954,0,0,2006
4,13,203d13,Cao Bang,Northern Midlands and Mountains,1,1,0,3.9889841079711914,2.3757667541503906,0,0,2006
4,15,203d15,Cao Bang,Northern Midlands and Mountains,1,0,0,4.192076206207275,1.4880964756011963,0,0,2006
4,15,203d15,Cao Bang,Northern Midlands and Mountains,1,0,0,3.390810251235962,3.8562703132629395,0,0,2006
4,15,203d15,Cao Bang,Northern Midlands and Mountains,1,0,0,3.2152693271636963,4.072975158691406,0,0,2006
4,15,203d15,Cao Bang,Northern Midlands and Mountains,0,1,0,2.862772226333618,3.78621244430542,0,0,2006
4,15,203d15,Cao Bang,Northern Midlands and Mountains,1,0,0,2.342766761779785,4.73219633102417,0,0,2006
4,17,203d17,Cao Bang,Northern Midlands and Mountains,1,0,0,7.4030609130859375,-1.6827493906021118,0,0,2006
4,17,203d17,Cao Bang,Northern Midlands and Mountains,1,0,0,2.783776044845581,3.518843173980713,0,0,2006
4,18,203d18,Cao Bang,Northern Midlands and Mountains,1,0,0,3.0928590297698975,3.7834055423736572,0,0,2006
4,19,203d19,Cao Bang,Northern Midlands and Mountains,1,0,0,3.9213790893554688,2.1307101249694824,0,0,2006
4,19,203d19,Cao Bang,Northern Midlands and Mountains,0,0,0,3.703768014907837,2.3715779781341553,0,0,2006
4,21,203d21,Cao Bang,Northern Midlands and Mountains,0,0,0,3.5139901638031006,2.604106903076172,0,0,2006
10,1,205d1,Lao Cai,Northern Midlands and Mountains,1,1,0,3.011113405227661,3.8078107833862305,0,0,2006
10,5,205d5,Lao Cai,Northern Midlands and Mountains,1,0,0,3.1797192096710205,3.386953353881836,0,1,2006
10,5,205d5,Lao Cai,Northern Midlands and Mountains,1,1,0,3.3261146545410156,3.5335004329681396,0,1,2006
10,5,205d5,Lao Cai,Northern Midlands and Mountains,1,0,0,3.398192882537842,2.8063647747039795,0,1,2006
10,7,205d7,Lao Cai,Northern Midlands and Mountains,0,0,1,3.2913825511932373,2.5463478565216064,0,1,2006
10,7,205d7,Lao Cai,Northern Midlands and Mountains,0,0,0,4.378395080566406,2.3478384017944336,0,1,2006
10,8,205d8,Lao Cai,Northern Midlands and Mountains,0,0,0,4.668145179748535,1.2179590463638306,0,1,2006
10,8,205d8,Lao Cai,Northern Midlands and Mountains,0,0,0,3.0478501319885254,3.2455689907073975,0,1,2006
10,9,205d9,Lao Cai,Northern Midlands and Mountains,0,1,0,3.6082115173339844,2.571805000305176,0,1,2006
10,9,205d9,Lao Cai,Northern Midlands and Mountains,0,0,0,4.0621657371521,1.664682149887085,0,1,2006
10,11,205d11,Lao Cai,Northern Midlands and Mountains,1,0,0,3.3762214183807373,4.253754138946533,0,1,2006
10,11,205d11,Lao Cai,Northern Midlands and Mountains,1,0,0,3.4992311000823975,3.211292028427124,0,1,2006
10,11,205d11,Lao Cai,Northern Midlands and Mountains,0,0,0,4.55671501159668,2.969464063644409,0,1,2006
10,11,205d11,Lao Cai,Northern Midlands and Mountains,1,0,0,4.3593974113464355,3.799405097961426,0,1,2006
10,13,205d13,Lao Cai,Northern Midlands and Mountains,0,1,0,2.403154134750366,3.419891834259033,0,1,2006
10,13,205d13,Lao Cai,Northern Midlands and Mountains,0,0,0,3.1501686573028564,3.3344666957855225,0,1,2006
10,15,205d15,Lao Cai,Northern Midlands and Mountains,0,0,0,4.197502613067627,3.387270450592041,0,1,2006
10,15,205d15,Lao Cai,Northern Midlands and Mountains,1,0,0,3.7759740352630615,2.7177796363830566,0,1,2006
10,19,205d19,Lao Cai,Northern Midlands and Mountains,0,0,0,3.8584113121032715,3.6315596103668213,0,1,2006
10,19,205d19,Lao Cai,Northern Midlands and Mountains,0,0,0,3.2902657985687256,3.3284730911254883,0,1,2006
10,19,205d19,Lao Cai,Northern Midlands and Mountains,0,0,0,4.161535739898682,2.666093349456787,0,1,2006
10,19,205d19,Lao Cai,Northern Midlands and Mountains,0,0,0,4.113329887390137,2.2392995357513428,0,1,2006
6,1,207d1,Bac Kan,Northern Midlands and Mountains,1,0,0,3.0120975971221924,3.5489330291748047,0,0,2006
6,1,207d1,Bac Kan,Northern Midlands and Mountains,1,0,0,6.174806594848633,0.3472864329814911,0,0,2006
6,1,207d1,Bac Kan,Northern Midlands and Mountains,0,0,0,3.2554006576538086,3.2999563217163086,0,0,2006
6,3,207d3,Bac Kan,Northern Midlands and Mountains,1,0,0,4.088829517364502,2.3327929973602295,0,0,2006
6,3,207d3,Bac Kan,Northern Midlands and Mountains,0,0,0,5.967837810516357,0.49830713868141174,0,0,2006
6,3,207d3,Bac Kan,Northern Midlands and Mountains,1,0,0,3.4426591396331787,3.085298776626587,0,0,2006
6,4,207d4,Bac Kan,Northern Midlands and Mountains,1,0,0,6.094584941864014,-0.4385932385921478,0,0,2006
6,4,207d4,Bac Kan,Northern Midlands and Mountains,0,0,0,3.9768738746643066,2.1166958808898926,0,0,2006
6,4,207d4,Bac Kan,Northern Midlands and Mountains,0,0,0,4.050915241241455,2.8232834339141846,0,0,2006
6,5,207d5,Bac Kan,Northern Midlands and Mountains,0,0,0,4.204095363616943,1.7201603651046753,0,0,2006
6,5,207d5,Bac Kan,Northern Midlands and Mountains,1,0,0,6.491936683654785,-0.1289086639881134,0,0,2006
6,5,207d5,Bac Kan,Northern Midlands and Mountains,1,1,0,3.9337844848632812,2.6101274490356445,0,0,2006
6,7,207d7,Bac Kan,Northern Midlands and Mountains,1,0,0,3.691376209259033,2.200267791748047,0,0,2006
6,7,207d7,Bac Kan,Northern Midlands and Mountains,1,0,0,3.0736188888549805,3.1782851219177246,0,0,2006
6,7,207d7,Bac Kan,Northern Midlands and Mountains,1,0,0,3.6232736110687256,3.0500242710113525,0,0,2006
6,7,207d7,Bac Kan,Northern Midlands and Mountains,1,1,0,3.5835189819335938,2.637071132659912,0,0,2006
6,9,207d9,Bac Kan,Northern Midlands and Mountains,1,0,0,7.410776615142822,-1.4945744276046753,0,0,2006
6,9,207d9,Bac Kan,Northern Midlands and Mountains,1,0,0,6.322206020355225,-0.11160603910684586,0,0,2006
6,11,207d11,Bac Kan,Northern Midlands and Mountains,0,0,0,3.0383126735687256,3.2514028549194336,0,0,2006
6,11,207d11,Bac Kan,Northern Midlands and Mountains,1,0,0,3.480008602142334,2.5578625202178955,0,0,2006
6,11,207d11,Bac Kan,Northern Midlands and Mountains,0,0,0,2.5265283584594727,3.452357530593872,0,0,2006
6,12,207d12,Bac Kan,Northern Midlands and Mountains,1,0,0,4.06388521194458,2.683701276779175,0,0,2006
6,12,207d12,Bac Kan,Northern Midlands and Mountains,1,0,0,3.1570003032684326,2.8065788745880127,0,0,2006
6,12,207d12,Bac Kan,Northern Midlands and Mountains,0,0,0,3.332204580307007,2.5427262783050537,0,0,2006
20,1,209d1,Lang Son,Northern Midlands and Mountains,1,1,1,2.6056482791900635,4.650649070739746,0,0,2006
20,3,209d3,Lang Son,Northern Midlands and Mountains,1,0,0,3.36037540435791,4.18448543548584,0,0,2006
20,3,209d3,Lang Son,Northern Midlands and Mountains,0,0,0,3.891820192337036,2.677661180496216,0,0,2006
20,3,209d3,Lang Son,Northern Midlands and Mountains,1,0,0,4.127134323120117,3.1135153770446777,0,0,2006
20,5,209d5,Lang Son,Northern Midlands and Mountains,1,0,0,3.117949962615967,2.719780445098877,0,0,2006
20,5,209d5,Lang Son,Northern Midlands and Mountains,1,0,0,3.650658130645752,3.5806286334991455,0,0,2006
20,7,209d7,Lang Son,Northern Midlands and Mountains,0,0,0,3.714303493499756,2.8523690700531006,0,0,2006
20,7,209d7,Lang Son,Northern Midlands and Mountains,1,0,0,4.444062232971191,1.947854995727539,0,0,2006
20,9,209d9,Lang Son,Northern Midlands and Mountains,1,0,0,3.799973487854004,2.974250316619873,0,0,2006
20,9,209d9,Lang Son,Northern Midlands and Mountains,1,0,0,3.4965076446533203,3.3014328479766846,0,0,2006
20,9,209d9,Lang Son,Northern Midlands and Mountains,0,0,0,3.332204580307007,3.487811803817749,0,0,2006
20,11,209d11,Lang Son,Northern Midlands and Mountains,1,0,0,7.0166096687316895,-1.3398559093475342,0,0,2006
20,11,209d11,Lang Son,Northern Midlands and Mountains,1,0,0,2.3025851249694824,3.4934728145599365,0,0,2006
20,11,209d11,Lang Son,Northern Midlands and Mountains,0,0,0,3.8229732513427734,2.2907090187072754,0,0,2006
20,13,209d13,Lang Son,Northern Midlands and Mountains,0,0,0,3.1188344955444336,3.7087948322296143,0,0,2006
20,13,209d13,Lang Son,Northern Midlands and Mountains,1,0,0,2.219203472137451,3.9228339195251465,0,0,2006
20,15,209d15,Lang Son,Northern Midlands and Mountains,1,0,0,4.046029090881348,2.8093795776367188,0,0,2006
20,15,209d15,Lang Son,Northern Midlands and Mountains,1,0,0,2.505525827407837,3.1184916496276855,0,0,2006
20,15,209d15,Lang Son,Northern Midlands and Mountains,1,0,0,3.230804443359375,3.250772714614868,0,0,2006
20,17,209d17,Lang Son,Northern Midlands and Mountains,1,0,0,3.454738140106201,3.870410919189453,0,0,2006
20,17,209d17,Lang Son,Northern Midlands and Mountains,1,0,0,3.7231600284576416,2.967682123184204,0,0,2006
20,17,209d17,Lang Son,Northern Midlands and Mountains,1,0,0,3.4980216026306152,2.4100613594055176,0,0,2006
20,17,209d17,Lang Son,Northern Midlands and Mountains,0,0,0,3.46354603767395,3.0903873443603516,0,0,2006
20,19,209d19,Lang Son,Northern Midlands and Mountains,1,0,0,4.862135410308838,1.862898349761963,0,0,2006
20,21,209d21,Lang Son,Northern Midlands and Mountains,0,0,0,3.9684033393859863,2.939351797103882,0,0,2006
20,21,209d21,Lang Son,Northern Midlands and Mountains,1,0,0,1.7917594909667969,5.016175270080566,0,0,2006
20,21,209d21,Lang Son,Northern Midlands and Mountains,1,0,0,3.294725179672241,3.9942026138305664,0,0,2006
20,21,209d21,Lang Son,Northern Midlands and Mountains,0,0,0,3.2072079181671143,3.355236053466797,0,0,2006
8,1,211d1,Tuyen Quang,Northern Midlands and Mountains,1,1,1,2.1860511302948,5.922271251678467,0,0,2006
8,1,211d1,Tuyen Quang,Northern Midlands and Mountains,1,0,1,1.5665303468704224,5.914461612701416,0,0,2006
8,3,211d3,Tuyen Quang,Northern Midlands and Mountains,1,0,0,3.952396869659424,2.6461122035980225,0,0,2006
8,3,211d3,Tuyen Quang,Northern Midlands and Mountains,1,1,0,4.356965065002441,2.6378848552703857,0,0,2006
8,3,211d3,Tuyen Quang,Northern Midlands and Mountains,1,0,0,3.698582172393799,2.7262868881225586,0,0,2006
8,5,211d5,Tuyen Quang,Northern Midlands and Mountains,1,0,0,4.276388168334961,3.0644471645355225,0,0,2006
8,5,211d5,Tuyen Quang,Northern Midlands and Mountains,1,0,0,3.72978138923645,3.412255048751831,0,0,2006
8,5,211d5,Tuyen Quang,Northern Midlands and Mountains,1,0,0,3.7264161109924316,3.1942553520202637,0,0,2006
8,5,211d5,Tuyen Quang,Northern Midlands and Mountains,1,0,0,3.239462375640869,4.128246307373047,0,0,2006
8,5,211d5,Tuyen Quang,Northern Midlands and Mountains,1,0,0,4.020877361297607,3.1773061752319336,0,0,2006
8,7,211d7,Tuyen Quang,Northern Midlands and Mountains,1,0,0,3.3537564277648926,1.7761423587799072,0,0,2006
8,7,211d7,Tuyen Quang,Northern Midlands and Mountains,1,0,0,3.4021968841552734,3.405738115310669,0,0,2006
8,7,211d7,Tuyen Quang,Northern Midlands and Mountains,0,0,0,4.15731954574585,3.2328619956970215,0,0,2006
8,7,211d7,Tuyen Quang,Northern Midlands and Mountains,1,0,0,3.3561999797821045,2.858408212661743,0,0,2006
8,7,211d7,Tuyen Quang,Northern Midlands and Mountains,1,0,0,3.266140937805176,3.970198392868042,0,0,2006
8,9,211d9,Tuyen Quang,Northern Midlands and Mountains,1,0,0,2.6404848098754883,4.250123977661133,0,0,2006
8,9,211d9,Tuyen Quang,Northern Midlands and Mountains,1,1,0,2.9564714431762695,4.896356105804443,0,0,2006
8,9,211d9,Tuyen Quang,Northern Midlands and Mountains,1,1,0,2.4790563583374023,5.063687324523926,0,0,2006
8,9,211d9,Tuyen Quang,Northern Midlands and Mountains,1,0,0,3.390810251235962,4.067375659942627,0,0,2006
8,9,211d9,Tuyen Quang,Northern Midlands and Mountains,1,0,0,3.5040547847747803,4.4939446449279785,0,0,2006
8,9,211d9,Tuyen Quang,Northern Midlands and Mountains,0,0,0,4.0255303382873535,2.6958954334259033,0,0,2006
8,9,211d9,Tuyen Quang,Northern Midlands and Mountains,0,0,0,3.627535820007324,3.8926987648010254,0,0,2006
8,9,211d9,Tuyen Quang,Northern Midlands and Mountains,0,0,0,3.647275924682617,3.8291964530944824,0,0,2006
8,9,211d9,Tuyen Quang,Northern Midlands and Mountains,1,0,0,3.066190719604492,3.977842092514038,0,0,2006
8,11,211d11,Tuyen Quang,Northern Midlands and Mountains,1,0,0,3.4965076446533203,3.371466875076294,0,0,2006
8,11,211d11,Tuyen Quang,Northern Midlands and Mountains,0,0,0,3.2088255882263184,4.062182903289795,0,0,2006
8,11,211d11,Tuyen Quang,Northern Midlands and Mountains,1,0,0,2.2874715328216553,4.1986894607543945,0,0,2006
8,11,211d11,Tuyen Quang,Northern Midlands and Mountains,1,1,0,3.9039907455444336,3.5390875339508057,0,0,2006
8,11,211d11,Tuyen Quang,Northern Midlands and Mountains,1,0,0,3.6863763332366943,3.8653359413146973,0,0,2006
8,11,211d11,Tuyen Quang,Northern Midlands and Mountains,1,0,0,3.1005425453186035,4.005243301391602,0,0,2006
8,11,211d11,Tuyen Quang,Northern Midlands and Mountains,1,0,0,3.4349544048309326,3.6340689659118652,0,0,2006
8,11,211d11,Tuyen Quang,Northern Midlands and Mountains,1,0,0,3.5248889923095703,4.130501747131348,0,0,2006
15,1,213d1,Yen Bai,Northern Midlands and Mountains,1,0,0,1.7422189712524414,5.288638591766357,0,0,2006
15,5,213d5,Yen Bai,Northern Midlands and Mountains,0,0,0,3.621135711669922,3.2985479831695557,0,0,2006
15,5,213d5,Yen Bai,Northern Midlands and Mountains,0,1,0,3.0633909702301025,3.7489540576934814,0,0,2006
15,5,213d5,Yen Bai,Northern Midlands and Mountains,0,0,0,3.358463764190674,2.95327091217041,0,0,2006
15,5,213d5,Yen Bai,Northern Midlands and Mountains,0,0,0,3.3314900398254395,4.047518253326416,0,0,2006
15,7,213d7,Yen Bai,Northern Midlands and Mountains,1,0,0,3.27714467048645,4.164175510406494,0,0,2006
15,7,213d7,Yen Bai,Northern Midlands and Mountains,1,0,0,3.6394264698028564,3.319972038269043,0,0,2006
15,7,213d7,Yen Bai,Northern Midlands and Mountains,1,0,0,4.321878433227539,2.822528600692749,0,0,2006
15,7,213d7,Yen Bai,Northern Midlands and Mountains,1,0,0,3.588782787322998,3.349501609802246,0,0,2006
15,7,213d7,Yen Bai,Northern Midlands and Mountains,1,0,0,2.3823201656341553,3.836280107498169,0,0,2006
15,9,213d9,Yen Bai,Northern Midlands and Mountains,0,0,0,3.4968104362487793,2.691453695297241,0,0,2006
15,11,213d11,Yen Bai,Northern Midlands and Mountains,1,0,0,4.265492916107178,3.063601016998291,0,0,2006
15,11,213d11,Yen Bai,Northern Midlands and Mountains,1,0,0,7.192934036254883,-0.7221347093582153,0,0,2006
15,11,213d11,Yen Bai,Northern Midlands and Mountains,1,0,0,2.3739750385284424,3.8122334480285645,0,0,2006
15,11,213d11,Yen Bai,Northern Midlands and Mountains,1,0,0,1.6114360094070435,4.676422595977783,0,0,2006
15,11,213d11,Yen Bai,Northern Midlands and Mountains,1,0,0,3.4229588508605957,3.8889272212982178,0,0,2006
15,13,213d13,Yen Bai,Northern Midlands and Mountains,1,0,0,2.5217206478118896,4.1337199211120605,0,0,2006
15,13,213d13,Yen Bai,Northern Midlands and Mountains,1,0,0,3.3017454147338867,3.8458139896392822,0,0,2006
15,13,213d13,Yen Bai,Northern Midlands and Mountains,0,0,0,4.056988716125488,3.399465799331665,0,0,2006
15,13,213d13,Yen Bai,Northern Midlands and Mountains,1,0,0,4.160288333892822,3.1016387939453125,0,0,2006
15,13,213d13,Yen Bai,Northern Midlands and Mountains,1,0,0,3.390136480331421,2.8423116207122803,0,0,2006
15,15,213d15,Yen Bai,Northern Midlands and Mountains,0,0,0,3.2894089221954346,2.9291913509368896,0,0,2006
15,15,213d15,Yen Bai,Northern Midlands and Mountains,0,0,0,3.0478501319885254,4.253972053527832,0,0,2006
15,15,213d15,Yen Bai,Northern Midlands and Mountains,0,0,0,4.0172834396362305,3.018864870071411,0,0,2006
15,15,213d15,Yen Bai,Northern Midlands and Mountains,1,1,1,3.4503049850463867,4.08392333984375,0,0,2006
15,15,213d15,Yen Bai,Northern Midlands and Mountains,0,0,0,3.128951072692871,3.971076011657715,0,0,2006
15,15,213d15,Yen Bai,Northern Midlands and Mountains,0,0,0,5.128833293914795,2.3705902099609375,0,0,2006
15,17,213d17,Yen Bai,Northern Midlands and Mountains,0,0,0,2.665003538131714,3.5654778480529785,0,0,2006
19,1,215d1,Thai Nguyen,Northern Midlands and Mountains,1,0,0,2.2300143241882324,5.350174903869629,0,0,2006
19,1,215d1,Thai Nguyen,Northern Midlands and Mountains,1,0,0,2.5649492740631104,5.059181213378906,0,0,2006
19,3,215d3,Thai Nguyen,Northern Midlands and Mountains,0,0,0,2.995732307434082,4.673762798309326,0,0,2006
19,5,215d5,Thai Nguyen,Northern Midlands and Mountains,0,0,0,3.339322090148926,3.696826457977295,0,0,2006
19,5,215d5,Thai Nguyen,Northern Midlands and Mountains,1,0,0,2.694627285003662,3.9133734703063965,0,0,2006
19,5,215d5,Thai Nguyen,Northern Midlands and Mountains,1,0,0,2.8507063388824463,4.116260528564453,0,0,2006
19,5,215d5,Thai Nguyen,Northern Midlands and Mountains,0,0,0,2.190535545349121,4.616293907165527,0,0,2006
19,7,215d7,Thai Nguyen,Northern Midlands and Mountains,1,0,0,4.013676643371582,3.1228065490722656,0,0,2006
19,7,215d7,Thai Nguyen,Northern Midlands and Mountains,0,0,0,4.590056419372559,1.7070528268814087,0,0,2006
19,7,215d7,Thai Nguyen,Northern Midlands and Mountains,1,0,0,3.5418283939361572,3.7951083183288574,0,0,2006
19,9,215d9,Thai Nguyen,Northern Midlands and Mountains,0,1,0,3.0680530071258545,3.9194374084472656,0,0,2006
19,9,215d9,Thai Nguyen,Northern Midlands and Mountains,1,0,0,3.7727608680725098,3.578397274017334,0,0,2006
19,9,215d9,Thai Nguyen,Northern Midlands and Mountains,1,0,0,2.923161506652832,5.106922626495361,0,0,2006
19,9,215d9,Thai Nguyen,Northern Midlands and Mountains,1,0,0,3.230804443359375,4.6646318435668945,0,0,2006
19,11,215d11,Thai Nguyen,Northern Midlands and Mountains,1,0,0,2.7725887298583984,3.649033546447754,0,0,2006
19,11,215d11,Thai Nguyen,Northern Midlands and Mountains,1,0,0,2.1517622470855713,5.226621627807617,0,0,2006
19,11,215d11,Thai Nguyen,Northern Midlands and Mountains,0,0,0,3.210843563079834,4.312097549438477,0,0,2006
19,11,215d11,Thai Nguyen,Northern Midlands and Mountains,0,0,0,3.4268651008605957,3.8476145267486572,0,0,2006
19,13,215d13,Thai Nguyen,Northern Midlands and Mountains,1,0,0,3.0421385765075684,4.156792640686035,0,0,2006
19,13,215d13,Thai Nguyen,Northern Midlands and Mountains,1,0,0,2.7472708225250244,4.567281723022461,0,0,2006
19,13,215d13,Thai Nguyen,Northern Midlands and Mountains,1,0,0,3.1654751300811768,4.278773307800293,0,0,2006
19,13,215d13,Thai Nguyen,Northern Midlands and Mountains,1,0,0,2.8033604621887207,4.439437389373779,0,0,2006
19,13,215d13,Thai Nguyen,Northern Midlands and Mountains,1,0,0,3.7376697063446045,4.251551628112793,0,0,2006
19,13,215d13,Thai Nguyen,Northern Midlands and Mountains,1,0,0,3.8220982551574707,2.945244789123535,0,0,2006
19,13,215d13,Thai Nguyen,Northern Midlands and Mountains,1,0,0,2.730463743209839,4.633449554443359,0,0,2006
19,15,215d15,Thai Nguyen,Northern Midlands and Mountains,1,0,0,2.557227373123169,4.879389762878418,0,0,2006
19,15,215d15,Thai Nguyen,Northern Midlands and Mountains,1,0,0,2.2115657329559326,4.903203964233398,0,0,2006
19,15,215d15,Thai Nguyen,Northern Midlands and Mountains,0,0,0,2.3617968559265137,5.2425994873046875,0,0,2006
19,15,215d15,Thai Nguyen,Northern Midlands and Mountains,1,0,0,2.079441547393799,5.280025959014893,0,0,2006
19,15,215d15,Thai Nguyen,Northern Midlands and Mountains,0,0,0,1.997417688369751,5.406861305236816,0,0,2006
19,15,215d15,Thai Nguyen,Northern Midlands and Mountains,0,0,0,2.110213279724121,4.86145544052124,0,0,2006
19,17,215d17,Thai Nguyen,Northern Midlands and Mountains,0,0,0,2.685804605484009,5.271022319793701,0,0,2006
19,17,215d17,Thai Nguyen,Northern Midlands and Mountains,1,0,0,2.676215410232544,4.991410732269287,0,0,2006
19,17,215d17,Thai Nguyen,Northern Midlands and Mountains,1,0,0,2.1713368892669678,5.516660213470459,0,0,2006
19,17,215d17,Thai Nguyen,Northern Midlands and Mountains,1,0,1,2.1329822540283203,5.173549175262451,0,0,2006
19,17,215d17,Thai Nguyen,Northern Midlands and Mountains,1,0,0,3.9759364128112793,3.994112968444824,0,0,2006
25,1,217d1,Phu Tho,Northern Midlands and Mountains,1,0,1,1.7698546648025513,5.824023246765137,0,0,2006
25,3,217d3,Phu Tho,Northern Midlands and Mountains,1,0,0,1.8033586740493774,5.685494422912598,0,0,2006
25,5,217d5,Phu Tho,Northern Midlands and Mountains,1,0,0,2.877511739730835,4.57314920425415,0,0,2006
25,5,217d5,Phu Tho,Northern Midlands and Mountains,1,0,0,2.4714837074279785,4.390227794647217,0,0,2006
25,5,217d5,Phu Tho,Northern Midlands and Mountains,1,0,0,1.6018089056015015,4.810009479522705,0,0,2006
25,5,217d5,Phu Tho,Northern Midlands and Mountains,1,0,0,2.4647040367126465,4.457940101623535,0,0,2006
25,7,217d7,Phu Tho,Northern Midlands and Mountains,0,0,0,1.8809906244277954,4.86776876449585,0,0,2006
25,7,217d7,Phu Tho,Northern Midlands and Mountains,1,0,0,1.7870819568634033,4.611513137817383,0,0,2006
25,7,217d7,Phu Tho,Northern Midlands and Mountains,0,0,0,7.331715106964111,-0.07966102659702301,0,0,2006
25,7,217d7,Phu Tho,Northern Midlands and Mountains,1,1,0,7.116150379180908,-0.33395853638648987,0,0,2006
25,9,217d9,Phu Tho,Northern Midlands and Mountains,1,0,0,2.7120423316955566,4.521413326263428,0,0,2006
25,9,217d9,Phu Tho,Northern Midlands and Mountains,1,0,0,2.528923511505127,4.882028579711914,0,0,2006
25,9,217d9,Phu Tho,Northern Midlands and Mountains,1,0,0,1.4906543493270874,5.9640655517578125,0,0,2006
25,9,217d9,Phu Tho,Northern Midlands and Mountains,0,0,0,1.9643112421035767,5.256793975830078,0,0,2006
25,9,217d9,Phu Tho,Northern Midlands and Mountains,0,0,0,2.051556348800659,4.843113422393799,0,0,2006
25,11,217d11,Phu Tho,Northern Midlands and Mountains,1,0,0,1.8357763290405273,5.1618194580078125,0,0,2006
25,11,217d11,Phu Tho,Northern Midlands and Mountains,1,0,0,2.369215250015259,5.256867408752441,0,0,2006
25,11,217d11,Phu Tho,Northern Midlands and Mountains,1,0,0,1.7457154989242554,5.166031837463379,0,0,2006
25,11,217d11,Phu Tho,Northern Midlands and Mountains,1,0,0,2.220289945602417,4.543594837188721,0,0,2006
25,12,217d12,Phu Tho,Northern Midlands and Mountains,1,0,0,1.887069582939148,5.7931060791015625,0,0,2006
25,12,217d12,Phu Tho,Northern Midlands and Mountains,1,0,0,2.029463291168213,5.654860973358154,0,0,2006
25,12,217d12,Phu Tho,Northern Midlands and Mountains,1,0,0,1.8245493173599243,5.323009967803955,0,0,2006
25,12,217d12,Phu Tho,Northern Midlands and Mountains,1,0,0,1.6018089056015015,5.917341232299805,0,0,2006
25,12,217d12,Phu Tho,Northern Midlands and Mountains,0,0,0,2.3570733070373535,5.0906782150268555,0,0,2006
25,13,217d13,Phu Tho,Northern Midlands and Mountains,1,1,0,2.739548921585083,4.583621978759766,0,0,2006
25,13,217d13,Phu Tho,Northern Midlands and Mountains,1,0,0,1.5787725448608398,5.113311290740967,0,0,2006
25,13,217d13,Phu Tho,Northern Midlands and Mountains,1,0,0,1.5260562896728516,5.38966703414917,0,0,2006
25,13,217d13,Phu Tho,Northern Midlands and Mountains,0,0,0,2.1273980140686035,4.8291473388671875,0,0,2006
25,15,217d15,Phu Tho,Northern Midlands and Mountains,1,0,0,3.3509562015533447,3.8214683532714844,0,0,2006
25,15,217d15,Phu Tho,Northern Midlands and Mountains,0,0,0,3.2850379943847656,4.167364597320557,0,0,2006
25,15,217d15,Phu Tho,Northern Midlands and Mountains,1,0,0,3.4210000038146973,3.7328338623046875,0,0,2006
25,17,217d17,Phu Tho,Northern Midlands and Mountains,1,0,0,1.3083328008651733,4.888111114501953,0,0,2006
25,17,217d17,Phu Tho,Northern Midlands and Mountains,1,0,0,2.646174907684326,3.979217529296875,0,0,2006
25,17,217d17,Phu Tho,Northern Midlands and Mountains,1,0,0,1.5475624799728394,5.162960529327393,0,0,2006
25,17,217d17,Phu Tho,Northern Midlands and Mountains,1,0,0,1.3609765768051147,5.294463634490967,0,0,2006
25,18,217d18,Phu Tho,Northern Midlands and Mountains,1,0,0,1.7155981063842773,5.3618998527526855,0,0,2006
25,18,217d18,Phu Tho,Northern Midlands and Mountains,1,0,0,1.6134299039840698,5.359176158905029,0,0,2006
25,19,217d19,Phu Tho,Northern Midlands and Mountains,1,0,0,3.238678455352783,3.8123109340667725,0,0,2006
25,19,217d19,Phu Tho,Northern Midlands and Mountains,0,0,0,2.8997719287872314,4.190304756164551,0,0,2006
25,19,217d19,Phu Tho,Northern Midlands and Mountains,1,0,0,3.5986812114715576,2.778045654296875,0,0,2006
25,19,217d19,Phu Tho,Northern Midlands and Mountains,1,0,0,3.4496700763702393,3.2669246196746826,0,0,2006
25,19,217d19,Phu Tho,Northern Midlands and Mountains,1,0,0,2.9932291507720947,3.4990108013153076,0,0,2006
25,19,217d19,Phu Tho,Northern Midlands and Mountains,1,1,0,4.354398250579834,2.8072235584259033,0,0,2006
24,1,221d1,Bac Giang,Northern Midlands and Mountains,0,0,0,2.1972246170043945,5.467591285705566,0,0,2006
24,1,221d1,Bac Giang,Northern Midlands and Mountains,1,0,1,1.5518087148666382,6.10026216506958,0,0,2006
24,3,221d3,Bac Giang,Northern Midlands and Mountains,1,0,0,1.9865034818649292,4.899005889892578,0,0,2006
24,3,221d3,Bac Giang,Northern Midlands and Mountains,1,0,0,1.7749524116516113,5.620155334472656,0,0,2006
24,3,221d3,Bac Giang,Northern Midlands and Mountains,1,1,0,3.3978583812713623,3.9153618812561035,0,0,2006
24,5,221d5,Bac Giang,Northern Midlands and Mountains,1,0,0,2.4410417079925537,4.90496826171875,0,0,2006
24,5,221d5,Bac Giang,Northern Midlands and Mountains,1,0,0,2.302885055541992,5.239328384399414,0,0,2006
24,5,221d5,Bac Giang,Northern Midlands and Mountains,1,0,0,2.726348400115967,5.168342113494873,0,0,2006
24,5,221d5,Bac Giang,Northern Midlands and Mountains,1,0,0,2.2235419750213623,5.225955963134766,0,0,2006
24,5,221d5,Bac Giang,Northern Midlands and Mountains,1,0,0,2.405141592025757,5.206700801849365,0,0,2006
24,5,221d5,Bac Giang,Northern Midlands and Mountains,0,0,0,1.7538845539093018,5.309163570404053,0,0,2006
24,7,221d7,Bac Giang,Northern Midlands and Mountains,1,0,0,3.3911471366882324,3.970228433609009,0,0,2006
24,7,221d7,Bac Giang,Northern Midlands and Mountains,1,0,0,2.555675745010376,5.122187614440918,0,0,2006
24,7,221d7,Bac Giang,Northern Midlands and Mountains,1,0,0,2.27006196975708,4.969152927398682,0,0,2006
24,7,221d7,Bac Giang,Northern Midlands and Mountains,1,0,0,3.7398102283477783,3.5150744915008545,0,0,2006
24,7,221d7,Bac Giang,Northern Midlands and Mountains,1,0,0,4.096675395965576,3.003351926803589,0,0,2006
24,9,221d9,Bac Giang,Northern Midlands and Mountains,0,0,0,2.172476291656494,5.63949728012085,0,0,2006
24,9,221d9,Bac Giang,Northern Midlands and Mountains,0,0,0,2.4159138202667236,5.4485063552856445,0,0,2006
24,9,221d9,Bac Giang,Northern Midlands and Mountains,1,0,0,2.2884862422943115,5.796384334564209,0,0,2006
24,9,221d9,Bac Giang,Northern Midlands and Mountains,1,0,0,2.810004949569702,5.226244926452637,0,0,2006
24,9,221d9,Bac Giang,Northern Midlands and Mountains,1,0,0,1.3376291990280151,5.245779991149902,0,0,2006
24,9,221d9,Bac Giang,Northern Midlands and Mountains,0,0,0,2.3263015747070312,5.396376132965088,0,0,2006
24,9,221d9,Bac Giang,Northern Midlands and Mountains,1,0,0,2.5360748767852783,5.597512245178223,0,0,2006
24,9,221d9,Bac Giang,Northern Midlands and Mountains,1,0,0,1.581038475036621,5.541828155517578,0,0,2006
24,11,221d11,Bac Giang,Northern Midlands and Mountains,1,0,0,2.427983522415161,5.211177825927734,0,0,2006
24,11,221d11,Bac Giang,Northern Midlands and Mountains,1,0,0,2.4849066734313965,5.425683975219727,0,0,2006
24,11,221d11,Bac Giang,Northern Midlands and Mountains,1,0,0,2.6493611335754395,5.284435749053955,0,0,2006
24,11,221d11,Bac Giang,Northern Midlands and Mountains,0,0,0,2.7725887298583984,4.954064846038818,0,0,2006
24,11,221d11,Bac Giang,Northern Midlands and Mountains,1,0,0,2.399711847305298,5.257098197937012,0,0,2006
24,11,221d11,Bac Giang,Northern Midlands and Mountains,1,0,0,2.079441547393799,5.537334442138672,0,0,2006
24,13,221d13,Bac Giang,Northern Midlands and Mountains,1,0,0,3.6262059211730957,2.6818926334381104,0,0,2006
24,13,221d13,Bac Giang,Northern Midlands and Mountains,1,0,1,4.2626800537109375,2.5551507472991943,0,0,2006
24,15,221d15,Bac Giang,Northern Midlands and Mountains,0,0,0,2.9359822273254395,4.703178882598877,0,0,2006
24,15,221d15,Bac Giang,Northern Midlands and Mountains,0,0,0,3.1570003032684326,4.860966205596924,0,0,2006
24,15,221d15,Bac Giang,Northern Midlands and Mountains,0,0,0,4.025351524353027,3.9959044456481934,0,0,2006
24,15,221d15,Bac Giang,Northern Midlands and Mountains,1,0,0,2.7725887298583984,4.9972124099731445,0,0,2006
24,15,221d15,Bac Giang,Northern Midlands and Mountains,1,0,0,3.332204580307007,4.269197940826416,0,0,2006
24,15,221d15,Bac Giang,Northern Midlands and Mountains,1,0,0,2.7180004119873047,5.007771015167236,0,0,2006
24,15,221d15,Bac Giang,Northern Midlands and Mountains,0,0,0,3.269948959350586,4.446511745452881,0,0,2006
24,17,221d17,Bac Giang,Northern Midlands and Mountains,1,0,0,1.921324610710144,5.727415084838867,0,0,2006
24,17,221d17,Bac Giang,Northern Midlands and Mountains,1,0,0,2.5087859630584717,5.168151378631592,0,0,2006
24,17,221d17,Bac Giang,Northern Midlands and Mountains,1,0,0,2.4283363819122314,5.2308349609375,0,0,2006
24,17,221d17,Bac Giang,Northern Midlands and Mountains,1,0,0,2.6695172786712646,4.797853946685791,0,0,2006
24,17,221d17,Bac Giang,Northern Midlands and Mountains,1,0,0,2.2586331367492676,5.425230979919434,0,0,2006
24,17,221d17,Bac Giang,Northern Midlands and Mountains,1,0,0,2.203869104385376,5.469354152679443,0,0,2006
24,19,221d19,Bac Giang,Northern Midlands and Mountains,1,0,0,2.041220188140869,5.527675151824951,0,0,2006
24,19,221d19,Bac Giang,Northern Midlands and Mountains,1,0,0,2.5336968898773193,5.064201354980469,0,0,2006
24,19,221d19,Bac Giang,Northern Midlands and Mountains,1,0,0,2.2027647495269775,5.264606475830078,0,0,2006
24,19,221d19,Bac Giang,Northern Midlands and Mountains,1,0,0,1.8405497074127197,5.6715216636657715,0,0,2006
24,19,221d19,Bac Giang,Northern Midlands and Mountains,1,0,0,2.100468873977661,5.409961700439453,0,0,2006
24,19,221d19,Bac Giang,Northern Midlands and Mountains,0,0,0,2.1517622470855713,5.284854888916016,0,0,2006
22,3,225d3,Quang Ninh,Red River Delta,1,0,0,4.716711521148682,1.7353373765945435,0,0,2006
22,3,225d3,Quang Ninh,Red River Delta,1,0,0,4.158883094787598,4.0231170654296875,0,0,2006
22,5,225d5,Quang Ninh,Red River Delta,0,0,0,3.1738784313201904,4.681278705596924,0,0,2006
22,6,225d6,Quang Ninh,Red River Delta,1,0,0,3.534562110900879,3.4427192211151123,0,0,2006
22,6,225d6,Quang Ninh,Red River Delta,1,0,0,3.6612513065338135,3.6671860218048096,0,0,2006
22,7,225d7,Quang Ninh,Red River Delta,0,0,0,4.137723445892334,2.3710458278656006,0,0,2006
22,11,225d11,Quang Ninh,Red River Delta,0,0,0,2.4997951984405518,3.6116719245910645,0,0,2006
22,12,225d12,Quang Ninh,Red River Delta,1,0,0,4.236278057098389,3.226511001586914,0,0,2006
22,12,225d12,Quang Ninh,Red River Delta,1,0,0,3.716494560241699,2.9830057621002197,0,0,2006
22,13,225d13,Quang Ninh,Red River Delta,1,0,0,4.010147571563721,3.2021470069885254,0,0,2006
22,17,225d17,Quang Ninh,Red River Delta,1,0,0,3.346036911010742,4.2453203201293945,0,0,2006
22,19,225d19,Quang Ninh,Red River Delta,1,0,0,4.326777935028076,1.7531551122665405,0,0,2006
22,19,225d19,Quang Ninh,Red River Delta,1,0,0,4.2682976722717285,2.6069343090057373,0,0,2006
22,21,225d21,Quang Ninh,Red River Delta,1,0,0,2.3223876953125,5.30758810043335,0,0,2006
22,21,225d21,Quang Ninh,Red River Delta,1,0,0,4.056954383850098,3.70223331451416,0,0,2006
22,21,225d21,Quang Ninh,Red River Delta,1,0,0,2.345644474029541,5.197099208831787,0,0,2006
22,21,225d21,Quang Ninh,Red River Delta,1,0,0,4.419081687927246,2.9649078845977783,0,0,2006
22,21,225d21,Quang Ninh,Red River Delta,1,0,0,1.8405497074127197,5.79185152053833,0,0,2006
22,21,225d21,Quang Ninh,Red River Delta,1,0,0,2.70805025100708,4.738534927368164,0,0,2006
22,25,225d25,Quang Ninh,Red River Delta,1,0,0,2.822568655014038,4.590195178985596,0,0,2006
22,25,225d25,Quang Ninh,Red River Delta,1,0,0,3.295836925506592,4.260068416595459,0,0,2006
22,25,225d25,Quang Ninh,Red River Delta,1,0,0,3.4011974334716797,4.0223708152771,0,0,2006
22,25,225d25,Quang Ninh,Red River Delta,1,0,0,2.6810214519500732,4.4073872566223145,0,0,2006
22,25,225d25,Quang Ninh,Red River Delta,1,0,0,2.435366153717041,5.262208938598633,0,0,2006
12,5,301d5,Lai Chau,Northern Midlands and Mountains,0,0,0,5.217931270599365,1.2923270463943481,0,0,2006
12,5,301d5,Lai Chau,Northern Midlands and Mountains,0,0,0,7.207029819488525,-1.071465015411377,0,0,2006
12,5,301d5,Lai Chau,Northern Midlands and Mountains,0,0,0,5.129218101501465,1.6653685569763184,0,0,2006
12,5,301d5,Lai Chau,Northern Midlands and Mountains,0,0,0,5.463886737823486,0.22647252678871155,0,0,2006
12,5,301d5,Lai Chau,Northern Midlands and Mountains,0,0,0,4.682131290435791,0.40546509623527527,0,0,2006
12,7,301d7,Lai Chau,Northern Midlands and Mountains,1,0,0,3.103240489959717,3.3361098766326904,0,0,2006
12,7,301d7,Lai Chau,Northern Midlands and Mountains,1,0,0,3.535757303237915,3.381948232650757,0,0,2006
12,7,301d7,Lai Chau,Northern Midlands and Mountains,0,0,0,4.206183910369873,2.7682948112487793,0,0,2006
12,7,301d7,Lai Chau,Northern Midlands and Mountains,0,0,0,3.824895143508911,1.7955056428909302,0,0,2006
12,7,301d7,Lai Chau,Northern Midlands and Mountains,0,0,0,3.515418529510498,2.2987120151519775,0,0,2006
12,7,301d7,Lai Chau,Northern Midlands and Mountains,1,0,0,4.828665733337402,2.0277962684631348,0,0,2006
12,8,301d8,Lai Chau,Northern Midlands and Mountains,1,0,0,3.088174819946289,2.6548285484313965,0,0,2006
12,8,301d8,Lai Chau,Northern Midlands and Mountains,0,0,0,3.9239516258239746,2.3006067276000977,0,0,2006
12,8,301d8,Lai Chau,Northern Midlands and Mountains,0,0,0,3.1846983432769775,2.911126136779785,0,0,2006
12,8,301d8,Lai Chau,Northern Midlands and Mountains,0,0,0,3.5904393196105957,2.398522138595581,0,0,2006
12,8,301d8,Lai Chau,Northern Midlands and Mountains,1,0,0,3.659708023071289,2.4715185165405273,0,0,2006
12,8,301d8,Lai Chau,Northern Midlands and Mountains,0,0,0,4.337552070617676,2.2623183727264404,0,0,2006
12,9,301d9,Lai Chau,Northern Midlands and Mountains,0,0,0,4.734705924987793,1.647109866142273,0,0,2006
12,9,301d9,Lai Chau,Northern Midlands and Mountains,0,0,0,4.312127113342285,2.127223253250122,0,0,2006
12,9,301d9,Lai Chau,Northern Midlands and Mountains,1,0,0,4.912434101104736,1.8328020572662354,0,0,2006
12,9,301d9,Lai Chau,Northern Midlands and Mountains,0,0,0,4.823019504547119,1.4517422914505005,0,0,2006
12,9,301d9,Lai Chau,Northern Midlands and Mountains,1,0,0,3.4725873470306396,2.099566698074341,0,0,2006
12,9,301d9,Lai Chau,Northern Midlands and Mountains,0,0,0,4.210941791534424,2.719552993774414,0,0,2006
12,9,301d9,Lai Chau,Northern Midlands and Mountains,0,0,0,4.878931045532227,1.897576093673706,0,0,2006
12,11,301d11,Lai Chau,Northern Midlands and Mountains,1,0,0,4.526776313781738,2.7864441871643066,0,0,2006
12,11,301d11,Lai Chau,Northern Midlands and Mountains,1,0,0,4.636349201202393,3.0061750411987305,0,0,2006
12,11,301d11,Lai Chau,Northern Midlands and Mountains,1,0,0,4.802544593811035,2.755972146987915,0,0,2006
12,11,301d11,Lai Chau,Northern Midlands and Mountains,1,1,0,4.213533878326416,2.9921011924743652,0,0,2006
12,11,301d11,Lai Chau,Northern Midlands and Mountains,0,0,0,6.871091365814209,-0.20923657715320587,0,0,2006
12,11,301d11,Lai Chau,Northern Midlands and Mountains,1,0,0,4.345232963562012,1.716223955154419,0,0,2006
11,1,302d1,Dien Bien,Northern Midlands and Mountains,1,0,1,1.504077434539795,4.430816650390625,0,0,2006
11,3,302d3,Dien Bien,Northern Midlands and Mountains,1,0,0,4.104294776916504,2.724417209625244,0,0,2006
11,5,302d5,Dien Bien,Northern Midlands and Mountains,1,1,0,5.2642951011657715,1.1124317646026611,0,0,2006
11,7,302d7,Dien Bien,Northern Midlands and Mountains,1,0,0,4.219507694244385,2.9868695735931396,0,0,2006
11,7,302d7,Dien Bien,Northern Midlands and Mountains,1,0,0,4.476768493652344,2.0870871543884277,0,0,2006
11,7,302d7,Dien Bien,Northern Midlands and Mountains,1,0,0,3.914479970932007,1.6228543519973755,0,0,2006
11,9,302d9,Dien Bien,Northern Midlands and Mountains,0,0,0,5.510804176330566,1.4748375415802002,0,0,2006
11,9,302d9,Dien Bien,Northern Midlands and Mountains,1,0,0,4.99788761138916,1.3010615110397339,0,0,2006
11,9,302d9,Dien Bien,Northern Midlands and Mountains,0,0,0,5.152134895324707,1.258039951324463,0,0,2006
11,9,302d9,Dien Bien,Northern Midlands and Mountains,1,0,0,5.673323154449463,1.548512578010559,0,0,2006
11,11,302d11,Dien Bien,Northern Midlands and Mountains,1,0,0,3.9512436389923096,2.938347578048706,0,0,2006
11,11,302d11,Dien Bien,Northern Midlands and Mountains,0,0,0,4.343805313110352,2.966076135635376,0,0,2006
11,11,302d11,Dien Bien,Northern Midlands and Mountains,0,0,0,4.667205810546875,1.4705214500427246,0,0,2006
11,11,302d11,Dien Bien,Northern Midlands and Mountains,0,0,0,4.844187259674072,2.278679609298706,0,0,2006
11,11,302d11,Dien Bien,Northern Midlands and Mountains,1,0,0,5.357058048248291,1.666701078414917,0,0,2006
11,11,302d11,Dien Bien,Northern Midlands and Mountains,0,0,0,4.931087017059326,1.77577543258667,0,0,2006
11,13,302d13,Dien Bien,Northern Midlands and Mountains,0,0,0,4.804020881652832,2.1760549545288086,0,0,2006
11,13,302d13,Dien Bien,Northern Midlands and Mountains,0,1,0,2.9549102783203125,4.486410140991211,0,0,2006
11,13,302d13,Dien Bien,Northern Midlands and Mountains,1,1,0,2.9765493869781494,4.447615623474121,0,0,2006
11,13,302d13,Dien Bien,Northern Midlands and Mountains,1,0,0,4.37701416015625,2.454939603805542,0,0,2006
11,13,302d13,Dien Bien,Northern Midlands and Mountains,1,0,0,7.170119762420654,0.37527021765708923,0,0,2006
11,13,302d13,Dien Bien,Northern Midlands and Mountains,1,0,0,4.516776084899902,2.788412094116211,0,0,2006
11,15,302d15,Dien Bien,Northern Midlands and Mountains,0,0,0,4.943782806396484,1.772811770439148,0,0,2006
11,15,302d15,Dien Bien,Northern Midlands and Mountains,0,0,0,4.369447708129883,1.684991478919983,0,0,2006
11,15,302d15,Dien Bien,Northern Midlands and Mountains,0,0,0,4.133565425872803,2.2666921615600586,0,0,2006
11,15,302d15,Dien Bien,Northern Midlands and Mountains,0,0,0,4.184032917022705,1.4789276123046875,0,0,2006
11,15,302d15,Dien Bien,Northern Midlands and Mountains,0,0,0,4.826872825622559,1.8514693975448608,0,0,2006
14,3,303d3,Son La,Northern Midlands and Mountains,1,1,0,3.8121142387390137,3.0230703353881836,0,0,2006
14,5,303d5,Son La,Northern Midlands and Mountains,1,0,0,4.565909385681152,2.1663012504577637,0,0,2006
14,5,303d5,Son La,Northern Midlands and Mountains,0,0,0,4.792562007904053,1.4300141334533691,0,0,2006
14,5,303d5,Son La,Northern Midlands and Mountains,0,0,0,4.264087200164795,2.7178473472595215,0,0,2006
14,7,303d7,Son La,Northern Midlands and Mountains,1,0,0,2.7682042121887207,4.708834171295166,0,0,2006
14,7,303d7,Son La,Northern Midlands and Mountains,0,0,0,3.3105430603027344,2.852771759033203,0,0,2006
14,7,303d7,Son La,Northern Midlands and Mountains,0,1,0,5.047288417816162,1.8070658445358276,0,0,2006
14,7,303d7,Son La,Northern Midlands and Mountains,1,1,0,4.514041423797607,2.513273239135742,0,0,2006
14,7,303d7,Son La,Northern Midlands and Mountains,0,1,0,4.210348129272461,2.8987138271331787,0,0,2006
14,9,303d9,Son La,Northern Midlands and Mountains,0,0,0,4.021953105926514,2.2085282802581787,0,0,2006
14,9,303d9,Son La,Northern Midlands and Mountains,0,0,0,5.1851487159729,1.0686801671981812,0,0,2006
14,11,303d11,Son La,Northern Midlands and Mountains,0,0,0,3.7081916332244873,2.5320842266082764,0,0,2006
14,11,303d11,Son La,Northern Midlands and Mountains,1,1,0,3.3421549797058105,3.8455023765563965,0,0,2006
14,11,303d11,Son La,Northern Midlands and Mountains,1,0,0,3.8115394115448,3.3843977451324463,0,0,2006
14,11,303d11,Son La,Northern Midlands and Mountains,0,1,0,4.502162456512451,1.9339878559112549,0,0,2006
14,13,303d13,Son La,Northern Midlands and Mountains,1,0,0,4.436514854431152,3.420192003250122,0,0,2006
14,13,303d13,Son La,Northern Midlands and Mountains,0,0,0,3.6635615825653076,2.4523305892944336,0,0,2006
14,13,303d13,Son La,Northern Midlands and Mountains,0,1,0,3.5524868965148926,3.62223744392395,0,0,2006
14,15,303d15,Son La,Northern Midlands and Mountains,1,0,0,4.454347133636475,3.1643950939178467,0,0,2006
14,15,303d15,Son La,Northern Midlands and Mountains,0,0,0,4.6786065101623535,2.1746926307678223,0,0,2006
14,15,303d15,Son La,Northern Midlands and Mountains,0,0,0,4.303929805755615,2.160658359527588,0,0,2006
14,15,303d15,Son La,Northern Midlands and Mountains,0,0,0,4.939139366149902,1.8852344751358032,0,0,2006
14,15,303d15,Son La,Northern Midlands and Mountains,1,0,0,4.695924758911133,2.9301581382751465,0,0,2006
14,17,303d17,Son La,Northern Midlands and Mountains,1,0,0,4.51633882522583,3.0114550590515137,0,0,2006
14,17,303d17,Son La,Northern Midlands and Mountains,1,0,0,4.272630214691162,2.9637091159820557,0,0,2006
14,17,303d17,Son La,Northern Midlands and Mountains,1,0,0,4.207375526428223,2.442903518676758,0,0,2006
14,19,303d19,Son La,Northern Midlands and Mountains,1,1,0,3.757519006729126,3.0121231079101562,0,0,2006
14,19,303d19,Son La,Northern Midlands and Mountains,1,0,0,4.696654796600342,1.8657891750335693,0,0,2006
14,19,303d19,Son La,Northern Midlands and Mountains,0,0,0,3.703521728515625,2.896348714828491,0,0,2006
14,19,303d19,Son La,Northern Midlands and Mountains,0,0,0,5.82304573059082,1.6385945081710815,0,0,2006
17,1,305d1,Hoa Binh,Northern Midlands and Mountains,1,0,0,3.1130707263946533,3.5538861751556396,0,0,2006
17,3,305d3,Hoa Binh,Northern Midlands and Mountains,1,0,0,3.656097888946533,2.4306766986846924,0,0,2006
17,3,305d3,Hoa Binh,Northern Midlands and Mountains,0,0,0,3.7094171047210693,2.6466903686523438,0,0,2006
17,5,305d5,Hoa Binh,Northern Midlands and Mountains,0,0,0,2.797281265258789,3.454622507095337,0,0,2006
17,5,305d5,Hoa Binh,Northern Midlands and Mountains,1,0,0,2.8735647201538086,3.583204984664917,0,0,2006
17,7,305d7,Hoa Binh,Northern Midlands and Mountains,1,0,0,2.7107133865356445,4.610475063323975,0,0,2006
17,7,305d7,Hoa Binh,Northern Midlands and Mountains,1,0,0,2.9601049423217773,3.6009256839752197,0,0,2006
17,9,305d9,Hoa Binh,Northern Midlands and Mountains,1,0,0,3.5923686027526855,3.1864163875579834,0,0,2006
17,9,305d9,Hoa Binh,Northern Midlands and Mountains,1,0,0,3.511545419692993,3.4101126194000244,0,0,2006
17,9,305d9,Hoa Binh,Northern Midlands and Mountains,1,0,0,2.540814161300659,4.203245162963867,0,0,2006
17,9,305d9,Hoa Binh,Northern Midlands and Mountains,1,0,0,3.0315818786621094,4.151529788970947,0,0,2006
17,10,305d10,Hoa Binh,Northern Midlands and Mountains,0,0,0,2.1329822540283203,4.040803909301758,0,0,2006
17,11,305d11,Hoa Binh,Northern Midlands and Mountains,1,0,0,3.061051845550537,3.681828737258911,0,0,2006
17,11,305d11,Hoa Binh,Northern Midlands and Mountains,1,0,0,3.1884167194366455,3.28855562210083,0,0,2006
17,11,305d11,Hoa Binh,Northern Midlands and Mountains,1,0,0,3.119276523590088,3.8598687648773193,0,0,2006
17,11,305d11,Hoa Binh,Northern Midlands and Mountains,1,0,0,3.6584203243255615,2.919440984725952,0,0,2006
17,11,305d11,Hoa Binh,Northern Midlands and Mountains,1,0,0,1.9810014963150024,5.14508581161499,0,0,2006
17,11,305d11,Hoa Binh,Northern Midlands and Mountains,1,0,0,3.8336288928985596,3.3954849243164062,0,0,2006
17,13,305d13,Hoa Binh,Northern Midlands and Mountains,1,0,0,3.448716878890991,3.686173915863037,0,0,2006
17,13,305d13,Hoa Binh,Northern Midlands and Mountains,1,0,0,2.1459312438964844,3.899074077606201,0,0,2006
17,13,305d13,Hoa Binh,Northern Midlands and Mountains,1,0,0,2.995732307434082,3.8732821941375732,0,0,2006
17,15,305d15,Hoa Binh,Northern Midlands and Mountains,1,0,0,2.718660354614258,4.558587551116943,0,0,2006
17,15,305d15,Hoa Binh,Northern Midlands and Mountains,1,0,0,2.3896796703338623,4.082666397094727,0,0,2006
17,15,305d15,Hoa Binh,Northern Midlands and Mountains,1,0,0,3.572345495223999,3.0869483947753906,0,0,2006
17,15,305d15,Hoa Binh,Northern Midlands and Mountains,1,0,0,2.6644465923309326,4.731888771057129,0,0,2006
17,15,305d15,Hoa Binh,Northern Midlands and Mountains,1,0,0,3.116621494293213,3.8351504802703857,0,0,2006
17,15,305d15,Hoa Binh,Northern Midlands and Mountains,0,0,0,3.495901346206665,2.5632219314575195,0,0,2006
17,17,305d17,Hoa Binh,Northern Midlands and Mountains,1,0,0,2.74019455909729,4.222995281219482,0,0,2006
17,17,305d17,Hoa Binh,Northern Midlands and Mountains,0,0,0,3.6848714351654053,2.9536962509155273,0,0,2006
17,19,305d19,Hoa Binh,Northern Midlands and Mountains,1,0,0,3.339322090148926,3.8277158737182617,0,0,2006
17,19,305d19,Hoa Binh,Northern Midlands and Mountains,1,0,0,2.610069751739502,4.049223899841309,0,0,2006
38,1,401d1,Thanh Hoa,North and South Central Coast,1,1,0,1.2527629137039185,6.132467746734619,0,0,2006
38,3,401d3,Thanh Hoa,North and South Central Coast,1,0,0,2.2575876712799072,5.521042346954346,0,0,2006
38,9,401d9,Thanh Hoa,North and South Central Coast,0,0,0,3.653252124786377,2.5121655464172363,0,0,2006
38,11,401d11,Thanh Hoa,North and South Central Coast,0,0,0,3.781458616256714,2.3121111392974854,0,0,2006
38,13,401d13,Thanh Hoa,North and South Central Coast,1,0,0,3.044522523880005,4.192536354064941,0,0,2006
38,13,401d13,Thanh Hoa,North and South Central Coast,1,0,0,3.345896005630493,3.2821452617645264,0,0,2006
38,15,401d15,Thanh Hoa,North and South Central Coast,0,0,0,3.8220982551574707,3.5449788570404053,0,0,2006
38,15,401d15,Thanh Hoa,North and South Central Coast,1,0,0,2.8408312797546387,4.719249248504639,0,0,2006
38,15,401d15,Thanh Hoa,North and South Central Coast,1,1,0,3.633155345916748,3.2924399375915527,0,0,2006
38,19,401d19,Thanh Hoa,North and South Central Coast,0,0,0,3.7907588481903076,2.6784913539886475,0,0,2006
38,19,401d19,Thanh Hoa,North and South Central Coast,1,1,0,2.647308826446533,4.391474723815918,0,0,2006
38,19,401d19,Thanh Hoa,North and South Central Coast,1,0,0,2.375370740890503,4.636744499206543,0,0,2006
38,21,401d21,Thanh Hoa,North and South Central Coast,0,0,0,3.1738784313201904,3.773097515106201,0,0,2006
38,21,401d21,Thanh Hoa,North and South Central Coast,0,0,0,3.441058874130249,4.233094215393066,0,0,2006
38,21,401d21,Thanh Hoa,North and South Central Coast,0,1,0,3.457892656326294,4.132959365844727,0,0,2006
38,21,401d21,Thanh Hoa,North and South Central Coast,1,0,0,3.9180049896240234,3.190239191055298,0,0,2006
38,23,401d23,Thanh Hoa,North and South Central Coast,0,1,0,4.032469272613525,3.0365540981292725,0,0,2006
38,25,401d25,Thanh Hoa,North and South Central Coast,1,1,0,2.859339714050293,3.1737465858459473,0,0,2006
38,27,401d27,Thanh Hoa,North and South Central Coast,1,1,0,3.2296178340911865,3.734517812728882,0,0,2006
38,27,401d27,Thanh Hoa,North and South Central Coast,1,0,0,3.7485623359680176,3.7113523483276367,0,0,2006
38,29,401d29,Thanh Hoa,North and South Central Coast,1,0,0,1.2536197900772095,5.851345539093018,0,0,2006
38,29,401d29,Thanh Hoa,North and South Central Coast,1,0,0,2.982140302658081,4.4532976150512695,0,0,2006
38,31,401d31,Thanh Hoa,North and South Central Coast,1,0,0,2.23964524269104,4.995973587036133,0,0,2006
38,31,401d31,Thanh Hoa,North and South Central Coast,1,1,0,1.8515994548797607,5.075958251953125,0,0,2006
38,31,401d31,Thanh Hoa,North and South Central Coast,1,1,0,2.8937549591064453,4.4516096115112305,0,0,2006
38,33,401d33,Thanh Hoa,North and South Central Coast,1,1,0,1.8520703315734863,5.418242454528809,0,0,2006
38,33,401d33,Thanh Hoa,North and South Central Coast,1,0,0,2.4058635234832764,4.968765735626221,0,0,2006
38,33,401d33,Thanh Hoa,North and South Central Coast,1,0,0,1.292258381843567,5.718053340911865,0,0,2006
38,33,401d33,Thanh Hoa,North and South Central Coast,1,0,0,1.7613003253936768,5.312816619873047,0,0,2006
38,33,401d33,Thanh Hoa,North and South Central Coast,1,0,0,1.5640220642089844,5.408584117889404,0,0,2006
38,35,401d35,Thanh Hoa,North and South Central Coast,1,1,0,1.788420557975769,5.156630516052246,0,0,2006
38,35,401d35,Thanh Hoa,North and South Central Coast,1,0,0,2.0476927757263184,5.285983562469482,0,0,2006
38,35,401d35,Thanh Hoa,North and South Central Coast,1,0,0,2.030776262283325,5.28577184677124,0,0,2006
38,35,401d35,Thanh Hoa,North and South Central Coast,1,1,0,1.9499021768569946,5.569790363311768,0,0,2006
38,37,401d37,Thanh Hoa,North and South Central Coast,1,1,0,1.7742741107940674,5.341308116912842,0,0,2006
38,37,401d37,Thanh Hoa,North and South Central Coast,1,1,0,1.3039990663528442,5.641051769256592,0,0,2006
38,37,401d37,Thanh Hoa,North and South Central Coast,1,0,0,3.2347490787506104,4.034171104431152,0,0,2006
38,37,401d37,Thanh Hoa,North and South Central Coast,1,1,1,1.474305272102356,5.5378098487854,0,0,2006
38,37,401d37,Thanh Hoa,North and South Central Coast,1,0,0,1.7900913953781128,5.7531819343566895,0,0,2006
38,39,401d39,Thanh Hoa,North and South Central Coast,1,0,0,1.8578592538833618,5.645430564880371,0,0,2006
38,39,401d39,Thanh Hoa,North and South Central Coast,1,0,0,1.0145057439804077,6.40906286239624,0,0,2006
38,39,401d39,Thanh Hoa,North and South Central Coast,1,0,0,2.022209644317627,5.549263954162598,0,0,2006
38,39,401d39,Thanh Hoa,North and South Central Coast,1,1,0,1.3350011110305786,5.71164608001709,0,0,2006
38,41,401d41,Thanh Hoa,North and South Central Coast,1,1,0,1.648850917816162,5.574444770812988,0,0,2006
38,41,401d41,Thanh Hoa,North and South Central Coast,1,1,0,1.3932698965072632,5.7084059715271,0,0,2006
38,41,401d41,Thanh Hoa,North and South Central Coast,0,0,0,1.688249111175537,5.973748683929443,0,0,2006
38,41,401d41,Thanh Hoa,North and South Central Coast,1,0,0,1.2267123460769653,5.812071323394775,0,0,2006
38,41,401d41,Thanh Hoa,North and South Central Coast,1,0,0,2.0224742889404297,5.41708517074585,0,0,2006
38,43,401d43,Thanh Hoa,North and South Central Coast,1,0,0,1.2214196920394897,5.95941162109375,0,0,2006
38,43,401d43,Thanh Hoa,North and South Central Coast,1,0,0,2.2082743644714355,5.108937740325928,0,0,2006
38,43,401d43,Thanh Hoa,North and South Central Coast,1,1,0,1.0814660787582397,5.776048183441162,0,0,2006
38,43,401d43,Thanh Hoa,North and South Central Coast,1,1,0,1.270602822303772,5.616949558258057,0,0,2006
38,43,401d43,Thanh Hoa,North and South Central Coast,1,0,0,1.1410330533981323,5.693075656890869,0,0,2006
38,43,401d43,Thanh Hoa,North and South Central Coast,1,0,0,1.4586150646209717,5.606998443603516,0,0,2006
38,45,401d45,Thanh Hoa,North and South Central Coast,1,0,0,2.2638442516326904,4.864651679992676,0,0,2006
38,45,401d45,Thanh Hoa,North and South Central Coast,1,1,0,1.713797926902771,5.74207878112793,0,0,2006
38,45,401d45,Thanh Hoa,North and South Central Coast,1,0,0,1.7509374618530273,5.608530044555664,0,0,2006
38,47,401d47,Thanh Hoa,North and South Central Coast,1,0,0,1.1631507873535156,5.540037155151367,0,0,2006
38,47,401d47,Thanh Hoa,North and South Central Coast,1,0,0,2.7245140075683594,4.7144575119018555,0,0,2006
38,47,401d47,Thanh Hoa,North and South Central Coast,1,0,0,2.0959298610687256,5.090214252471924,0,0,2006
38,47,401d47,Thanh Hoa,North and South Central Coast,0,1,0,1.945910096168518,5.135798454284668,0,0,2006
38,47,401d47,Thanh Hoa,North and South Central Coast,0,0,0,1.7047480344772339,5.552254676818848,0,0,2006
38,49,401d49,Thanh Hoa,North and South Central Coast,1,0,0,1.994700312614441,5.3185200691223145,0,0,2006
38,49,401d49,Thanh Hoa,North and South Central Coast,1,0,0,1.60563063621521,5.736501216888428,0,0,2006
38,49,401d49,Thanh Hoa,North and South Central Coast,1,0,0,1.8825138807296753,5.4386749267578125,0,0,2006
38,49,401d49,Thanh Hoa,North and South Central Coast,1,1,0,1.3962446451187134,6.048588752746582,0,0,2006
38,49,401d49,Thanh Hoa,North and South Central Coast,1,0,0,1.937301754951477,5.295431137084961,0,0,2006
38,49,401d49,Thanh Hoa,North and South Central Coast,0,1,0,1.887069582939148,5.495054721832275,0,0,2006
38,51,401d51,Thanh Hoa,North and South Central Coast,1,0,0,2.184926986694336,5.268634796142578,0,0,2006
38,51,401d51,Thanh Hoa,North and South Central Coast,1,0,0,4.06388521194458,2.928211212158203,0,0,2006
38,51,401d51,Thanh Hoa,North and South Central Coast,1,0,0,1.940179467201233,4.8917741775512695,0,0,2006
38,51,401d51,Thanh Hoa,North and South Central Coast,1,0,0,2.468099594116211,4.999271392822266,0,0,2006
38,53,401d53,Thanh Hoa,North and South Central Coast,1,1,0,2.2884862422943115,4.969925880432129,0,0,2006
38,53,401d53,Thanh Hoa,North and South Central Coast,1,0,0,1.2753627300262451,5.872982978820801,0,0,2006
38,53,401d53,Thanh Hoa,North and South Central Coast,0,1,0,3.1945831775665283,4.3444437980651855,0,0,2006
38,53,401d53,Thanh Hoa,North and South Central Coast,1,0,0,2.884800672531128,4.452136039733887,0,0,2006
38,53,401d53,Thanh Hoa,North and South Central Coast,1,0,0,1.8115620613098145,6.119363307952881,0,0,2006
40,1,403d1,Nghe An,North and South Central Coast,1,0,0,1.8562979698181152,5.819712162017822,0,0,2006
40,3,403d3,Nghe An,North and South Central Coast,1,0,0,1.3083328008651733,5.527926445007324,0,0,2006
40,5,403d5,Nghe An,North and South Central Coast,1,0,0,3.4531571865081787,3.6427359580993652,0,0,2006
40,7,403d7,Nghe An,North and South Central Coast,1,0,0,4.593502521514893,2.609158754348755,0,0,2006
40,9,403d9,Nghe An,North and South Central Coast,1,0,0,4.102329254150391,2.08593487739563,0,0,2006
40,11,403d11,Nghe An,North and South Central Coast,1,0,0,3.556318998336792,3.8636608123779297,0,0,2006
40,11,403d11,Nghe An,North and South Central Coast,1,0,0,2.8332133293151855,3.744647979736328,0,0,2006
40,11,403d11,Nghe An,North and South Central Coast,1,0,0,3.9378857612609863,3.123448610305786,0,0,2006
40,13,403d13,Nghe An,North and South Central Coast,1,0,0,3.210843563079834,3.4712650775909424,0,0,2006
40,13,403d13,Nghe An,North and South Central Coast,1,0,0,3.4339871406555176,4.350902080535889,0,0,2006
40,13,403d13,Nghe An,North and South Central Coast,1,0,0,2.9547019004821777,3.6492419242858887,0,0,2006
40,13,403d13,Nghe An,North and South Central Coast,1,0,0,2.196112871170044,4.54203987121582,0,0,2006
40,15,403d15,Nghe An,North and South Central Coast,1,0,0,4.868803024291992,1.8562308549880981,0,0,2006
40,15,403d15,Nghe An,North and South Central Coast,1,0,0,4.855928897857666,1.966268539428711,0,0,2006
40,17,403d17,Nghe An,North and South Central Coast,1,0,0,1.383791208267212,5.70628547668457,0,0,2006
40,17,403d17,Nghe An,North and South Central Coast,1,0,0,2.0438144207000732,5.486665725708008,0,0,2006
40,17,403d17,Nghe An,North and South Central Coast,1,0,0,1.2383742332458496,6.703277111053467,0,0,2006
40,17,403d17,Nghe An,North and South Central Coast,1,0,0,3.1612467765808105,4.307837009429932,0,0,2006
40,17,403d17,Nghe An,North and South Central Coast,1,0,0,3.4200191497802734,4.0005598068237305,0,0,2006
40,17,403d17,Nghe An,North and South Central Coast,0,0,0,1.2296406030654907,5.817876815795898,0,0,2006
40,17,403d17,Nghe An,North and South Central Coast,1,0,0,0.5481213927268982,7.043740272521973,0,0,2006
40,17,403d17,Nghe An,North and South Central Coast,1,0,0,1.3609765768051147,6.131226539611816,0,0,2006
40,17,403d17,Nghe An,North and South Central Coast,1,0,0,2.919013261795044,4.8107218742370605,0,0,2006
40,19,403d19,Nghe An,North and South Central Coast,1,0,0,3.178053855895996,4.0496087074279785,0,0,2006
40,19,403d19,Nghe An,North and South Central Coast,1,0,0,2.8095834255218506,4.728911399841309,0,0,2006
40,19,403d19,Nghe An,North and South Central Coast,1,0,0,4.026172637939453,3.3944060802459717,0,0,2006
40,21,403d21,Nghe An,North and South Central Coast,0,0,0,6.0879106521606445,0.9596067667007446,0,0,2006
40,23,403d23,Nghe An,North and South Central Coast,1,0,0,3.899099826812744,3.4824020862579346,0,0,2006
40,23,403d23,Nghe An,North and South Central Coast,1,0,0,2.1667652130126953,5.121479034423828,0,0,2006
40,23,403d23,Nghe An,North and South Central Coast,1,0,0,3.241849899291992,4.295047283172607,0,0,2006
40,23,403d23,Nghe An,North and South Central Coast,1,0,0,2.51697039604187,5.201714992523193,0,0,2006
40,23,403d23,Nghe An,North and South Central Coast,1,0,0,1.2441545724868774,5.790233135223389,0,0,2006
40,23,403d23,Nghe An,North and South Central Coast,1,0,0,3.147165060043335,4.617130756378174,0,0,2006
40,23,403d23,Nghe An,North and South Central Coast,1,0,0,2.5353620052337646,4.9810709953308105,0,0,2006
40,25,403d25,Nghe An,North and South Central Coast,1,0,0,1.75492262840271,5.858896255493164,0,0,2006
40,25,403d25,Nghe An,North and South Central Coast,0,0,0,3.5055572986602783,4.450218200683594,0,0,2006
40,25,403d25,Nghe An,North and South Central Coast,1,0,0,1.760096788406372,5.915913105010986,0,0,2006
40,25,403d25,Nghe An,North and South Central Coast,1,0,0,2.7225446701049805,5.3313422203063965,0,0,2006
40,25,403d25,Nghe An,North and South Central Coast,1,0,0,1.795087218284607,5.600634574890137,0,0,2006
40,25,403d25,Nghe An,North and South Central Coast,1,0,0,1.5173226594924927,5.788537502288818,0,0,2006
40,27,403d27,Nghe An,North and South Central Coast,1,0,0,3.7764322757720947,4.018390655517578,0,0,2006
40,27,403d27,Nghe An,North and South Central Coast,0,0,0,3.303621292114258,3.4238104820251465,0,0,2006
40,27,403d27,Nghe An,North and South Central Coast,0,0,0,3.2623183727264404,3.7886710166931152,0,0,2006
40,29,403d29,Nghe An,North and South Central Coast,1,0,1,1.4632554054260254,5.6843037605285645,0,0,2006
40,29,403d29,Nghe An,North and South Central Coast,0,0,0,2.990719795227051,4.363002777099609,0,0,2006
40,29,403d29,Nghe An,North and South Central Coast,1,0,0,2.7536606788635254,4.89030122756958,0,0,2006
40,29,403d29,Nghe An,North and South Central Coast,1,0,0,2.532902956008911,4.589963912963867,0,0,2006
40,29,403d29,Nghe An,North and South Central Coast,1,0,0,2.222459077835083,5.035953044891357,0,0,2006
40,31,403d31,Nghe An,North and South Central Coast,1,0,0,2.2071750164031982,4.796799182891846,0,0,2006
40,31,403d31,Nghe An,North and South Central Coast,0,0,0,1.8671760559082031,5.37705135345459,0,0,2006
40,31,403d31,Nghe An,North and South Central Coast,0,0,0,3.574618339538574,3.53116774559021,0,0,2006
40,31,403d31,Nghe An,North and South Central Coast,1,0,0,1.8245493173599243,4.9100422859191895,0,0,2006
40,31,403d31,Nghe An,North and South Central Coast,1,0,0,3.5322256088256836,3.861037492752075,0,0,2006
40,31,403d31,Nghe An,North and South Central Coast,1,0,0,2.7199788093566895,4.895812511444092,0,0,2006
40,31,403d31,Nghe An,North and South Central Coast,1,1,0,2.0909996032714844,5.361402988433838,0,0,2006
40,33,403d33,Nghe An,North and South Central Coast,1,0,0,2.2638442516326904,5.252044677734375,0,0,2006
40,33,403d33,Nghe An,North and South Central Coast,1,0,0,3.1813817024230957,4.397786617279053,0,0,2006
40,33,403d33,Nghe An,North and South Central Coast,1,0,0,2.2518179416656494,5.203480243682861,0,0,2006
40,33,403d33,Nghe An,North and South Central Coast,1,0,0,1.7065646648406982,5.875664710998535,0,0,2006
40,33,403d33,Nghe An,North and South Central Coast,1,0,0,2.624668598175049,4.343240737915039,0,0,2006
40,33,403d33,Nghe An,North and South Central Coast,1,0,0,2.1871743202209473,4.791971206665039,0,0,2006
40,35,403d35,Nghe An,North and South Central Coast,1,0,0,2.4790563583374023,4.844114303588867,0,0,2006
40,35,403d35,Nghe An,North and South Central Coast,1,0,0,2.715819835662842,5.244503498077393,0,0,2006
40,35,403d35,Nghe An,North and South Central Coast,1,0,0,2.1391243934631348,5.186683177947998,0,0,2006
40,35,403d35,Nghe An,North and South Central Coast,1,0,0,2.549445152282715,4.941084384918213,0,0,2006
40,37,403d37,Nghe An,North and South Central Coast,1,0,0,1.5325568914413452,5.654344081878662,0,0,2006
40,37,403d37,Nghe An,North and South Central Coast,1,0,0,1.4085450172424316,5.185868263244629,0,0,2006
40,37,403d37,Nghe An,North and South Central Coast,1,0,0,2.360854148864746,5.131906032562256,0,0,2006
42,1,405d1,Ha Tinh,North and South Central Coast,1,0,0,2.039140224456787,5.210785388946533,0,0,2006
42,1,405d1,Ha Tinh,North and South Central Coast,1,0,0,1.7083778381347656,4.854066371917725,0,0,2006
42,3,405d3,Ha Tinh,North and South Central Coast,1,0,0,1.974081039428711,4.94954776763916,0,0,2006
42,5,405d5,Ha Tinh,North and South Central Coast,1,0,0,2.4595887660980225,4.865560054779053,0,0,2006
42,5,405d5,Ha Tinh,North and South Central Coast,1,0,0,1.7047480344772339,5.411645889282227,0,0,2006
42,5,405d5,Ha Tinh,North and South Central Coast,1,0,0,3.0540013313293457,4.000448226928711,0,0,2006
42,5,405d5,Ha Tinh,North and South Central Coast,1,0,0,3.103689432144165,4.823635101318359,0,0,2006
42,7,405d7,Ha Tinh,North and South Central Coast,1,0,0,2.525728702545166,4.653579235076904,0,0,2006
42,7,405d7,Ha Tinh,North and South Central Coast,0,0,0,2.697999954223633,4.07164192199707,0,0,2006
42,7,405d7,Ha Tinh,North and South Central Coast,0,0,0,1.5475624799728394,4.906062602996826,0,0,2006
42,7,405d7,Ha Tinh,North and South Central Coast,1,0,0,1.3787660598754883,5.976235866546631,0,0,2006
42,7,405d7,Ha Tinh,North and South Central Coast,1,0,0,2.3223876953125,4.8515706062316895,0,0,2006
42,7,405d7,Ha Tinh,North and South Central Coast,1,0,0,1.2178757190704346,5.73293924331665,0,0,2006
42,9,405d9,Ha Tinh,North and South Central Coast,1,0,0,3.6415257453918457,2.807363510131836,0,0,2006
42,9,405d9,Ha Tinh,North and South Central Coast,1,0,0,5.420313835144043,1.5708632469177246,0,0,2006
42,9,405d9,Ha Tinh,North and South Central Coast,1,0,0,4.795459747314453,2.789313316345215,0,0,2006
42,9,405d9,Ha Tinh,North and South Central Coast,0,0,0,2.7311155796051025,3.771674633026123,0,0,2006
42,9,405d9,Ha Tinh,North and South Central Coast,1,0,0,1.7561322450637817,5.135493755340576,0,0,2006
42,11,405d11,Ha Tinh,North and South Central Coast,1,0,0,3.0955777168273926,4.107828140258789,0,0,2006
42,11,405d11,Ha Tinh,North and South Central Coast,1,0,0,1.7800241708755493,5.097271919250488,0,0,2006
42,11,405d11,Ha Tinh,North and South Central Coast,1,0,0,2.5344901084899902,4.662196636199951,0,0,2006
42,11,405d11,Ha Tinh,North and South Central Coast,1,0,0,2.599722385406494,4.85383939743042,0,0,2006
42,11,405d11,Ha Tinh,North and South Central Coast,1,0,0,1.795087218284607,5.085296630859375,0,0,2006
42,11,405d11,Ha Tinh,North and South Central Coast,1,0,0,2.3905959129333496,5.06470251083374,0,0,2006
42,11,405d11,Ha Tinh,North and South Central Coast,1,0,0,3.3199872970581055,4.167746543884277,0,0,2006
42,13,405d13,Ha Tinh,North and South Central Coast,1,0,0,1.665818214416504,5.479377746582031,0,0,2006
42,13,405d13,Ha Tinh,North and South Central Coast,0,0,0,1.9919755458831787,5.274153232574463,0,0,2006
42,13,405d13,Ha Tinh,North and South Central Coast,1,1,0,1.8991179466247559,5.023525714874268,0,0,2006
42,13,405d13,Ha Tinh,North and South Central Coast,1,0,0,3.2472689151763916,3.8544070720672607,0,0,2006
42,13,405d13,Ha Tinh,North and South Central Coast,1,0,0,1.5851452350616455,5.0586442947387695,0,0,2006
42,13,405d13,Ha Tinh,North and South Central Coast,1,0,0,2.451005220413208,4.607752799987793,0,0,2006
42,15,405d15,Ha Tinh,North and South Central Coast,0,0,0,2.3951642513275146,5.07505989074707,0,0,2006
42,15,405d15,Ha Tinh,North and South Central Coast,1,0,1,1.0188473463058472,6.791505336761475,0,0,2006
42,15,405d15,Ha Tinh,North and South Central Coast,0,0,0,5.09943962097168,2.177116870880127,0,0,2006
42,15,405d15,Ha Tinh,North and South Central Coast,1,0,0,2.0693912506103516,4.824265003204346,0,0,2006
42,15,405d15,Ha Tinh,North and South Central Coast,1,0,1,2.6658382415771484,4.6203532218933105,0,0,2006
42,15,405d15,Ha Tinh,North and South Central Coast,1,0,0,2.236445188522339,5.014899730682373,0,0,2006
42,17,405d17,Ha Tinh,North and South Central Coast,1,0,0,4.951132774353027,2.178164482116699,0,0,2006
42,17,405d17,Ha Tinh,North and South Central Coast,1,0,0,3.6635615825653076,3.6335294246673584,0,0,2006
42,17,405d17,Ha Tinh,North and South Central Coast,1,0,0,4.034594535827637,3.018991231918335,0,0,2006
42,17,405d17,Ha Tinh,North and South Central Coast,1,0,0,3.8960764408111572,2.527170419692993,0,0,2006
42,19,405d19,Ha Tinh,North and South Central Coast,0,0,0,3.575990676879883,3.404085159301758,0,0,2006
42,19,405d19,Ha Tinh,North and South Central Coast,0,0,0,3.7116189002990723,3.905648946762085,0,0,2006
42,19,405d19,Ha Tinh,North and South Central Coast,1,0,0,2.681706190109253,4.959858417510986,0,0,2006
42,19,405d19,Ha Tinh,North and South Central Coast,0,0,0,2.344686269760132,4.646490573883057,0,0,2006
42,19,405d19,Ha Tinh,North and South Central Coast,1,1,0,3.5034830570220947,2.5272021293640137,0,0,2006
42,19,405d19,Ha Tinh,North and South Central Coast,1,0,0,2.9947316646575928,4.168440818786621,0,0,2006
44,1,407d1,Quang Binh,North and South Central Coast,1,0,0,2.7911651134490967,4.720359802246094,0,0,2006
44,1,407d1,Quang Binh,North and South Central Coast,1,0,0,1.7172154188156128,5.605955123901367,0,0,2006
44,3,407d3,Quang Binh,North and South Central Coast,1,1,0,3.4688560962677,3.942095994949341,0,0,2006
44,3,407d3,Quang Binh,North and South Central Coast,1,0,0,3.4018638134002686,3.189809799194336,0,0,2006
44,3,407d3,Quang Binh,North and South Central Coast,0,0,1,2.4697930812835693,3.8527722358703613,0,0,2006
44,3,407d3,Quang Binh,North and South Central Coast,1,0,0,2.916689157485962,4.081820487976074,0,0,2006
44,5,407d5,Quang Binh,North and South Central Coast,1,0,0,3.5481796264648438,3.089078426361084,0,0,2006
44,5,407d5,Quang Binh,North and South Central Coast,0,0,0,4.223323822021484,2.07562518119812,0,0,2006
44,7,407d7,Quang Binh,North and South Central Coast,1,0,0,2.4561641216278076,5.02482795715332,0,0,2006
44,7,407d7,Quang Binh,North and South Central Coast,1,0,1,0.418710321187973,7.093360900878906,0,0,2006
44,7,407d7,Quang Binh,North and South Central Coast,1,0,0,2.908539056777954,4.5769524574279785,0,0,2006
44,7,407d7,Quang Binh,North and South Central Coast,1,0,0,2.316488027572632,4.747416019439697,0,0,2006
44,7,407d7,Quang Binh,North and South Central Coast,1,0,0,2.0281481742858887,5.274348258972168,0,0,2006
44,7,407d7,Quang Binh,North and South Central Coast,1,0,0,2.9311938285827637,4.675690650939941,0,0,2006
44,7,407d7,Quang Binh,North and South Central Coast,1,0,0,1.796747088432312,5.626821517944336,0,0,2006
44,7,407d7,Quang Binh,North and South Central Coast,1,0,0,2.013568878173828,4.57122278213501,0,0,2006
44,7,407d7,Quang Binh,North and South Central Coast,1,0,0,1.9685099124908447,5.2562432289123535,0,0,2006
44,9,407d9,Quang Binh,North and South Central Coast,1,0,0,0.6780335307121277,6.8975510597229,0,0,2006
44,9,407d9,Quang Binh,North and South Central Coast,1,0,0,1.8625285625457764,5.295985698699951,0,0,2006
44,9,407d9,Quang Binh,North and South Central Coast,0,0,0,0.8919980525970459,6.633641719818115,0,0,2006
44,9,407d9,Quang Binh,North and South Central Coast,1,0,0,4.096009731292725,3.5388107299804688,0,0,2006
44,9,407d9,Quang Binh,North and South Central Coast,1,0,0,3.4901235103607178,3.980100631713867,0,0,2006
44,9,407d9,Quang Binh,North and South Central Coast,1,0,0,2.314513683319092,5.320306777954102,0,0,2006
44,9,407d9,Quang Binh,North and South Central Coast,1,0,0,2.042518138885498,4.715576171875,0,0,2006
44,9,407d9,Quang Binh,North and South Central Coast,0,0,0,2.880882501602173,4.100123405456543,0,0,2006
44,11,407d11,Quang Binh,North and South Central Coast,0,0,0,2.7127060890197754,4.769975662231445,0,0,2006
44,11,407d11,Quang Binh,North and South Central Coast,0,0,0,1.722766637802124,5.1199164390563965,0,0,2006
44,11,407d11,Quang Binh,North and South Central Coast,1,0,0,2.0930979251861572,5.321475028991699,0,0,2006
44,11,407d11,Quang Binh,North and South Central Coast,1,0,1,2.969388246536255,4.64837121963501,0,0,2006
44,13,407d13,Quang Binh,North and South Central Coast,1,0,0,3.384390354156494,4.0082573890686035,0,0,2006
44,13,407d13,Quang Binh,North and South Central Coast,1,0,0,2.298577070236206,5.097144603729248,0,0,2006
44,13,407d13,Quang Binh,North and South Central Coast,1,0,0,6.159412384033203,0.48176971077919006,0,0,2006
44,13,407d13,Quang Binh,North and South Central Coast,1,0,0,2.0476927757263184,4.893497467041016,0,0,2006
44,13,407d13,Quang Binh,North and South Central Coast,1,0,0,2.2300143241882324,4.6285505294799805,0,0,2006
44,13,407d13,Quang Binh,North and South Central Coast,0,0,0,2.5336968898773193,3.9957220554351807,0,0,2006
44,13,407d13,Quang Binh,North and South Central Coast,1,0,0,3.8212225437164307,3.51245379447937,0,0,2006
45,5,409d5,Quang Tri,North and South Central Coast,1,0,0,0.8091508746147156,6.364807605743408,0,1,2006
45,5,409d5,Quang Tri,North and South Central Coast,1,0,0,2.6665334701538086,3.8481791019439697,0,1,2006
45,5,409d5,Quang Tri,North and South Central Coast,1,0,0,2.2343063354492188,4.949564456939697,0,1,2006
45,5,409d5,Quang Tri,North and South Central Coast,1,0,0,2.562638998031616,4.311559677124023,0,1,2006
45,5,409d5,Quang Tri,North and South Central Coast,1,0,0,3.885679006576538,3.4499549865722656,0,1,2006
45,7,409d7,Quang Tri,North and South Central Coast,1,1,0,2.554898977279663,4.066506862640381,0,1,2006
45,7,409d7,Quang Tri,North and South Central Coast,1,0,0,2.67759108543396,4.26166296005249,0,1,2006
45,7,409d7,Quang Tri,North and South Central Coast,1,0,0,2.846071481704712,3.800319194793701,0,1,2006
45,7,409d7,Quang Tri,North and South Central Coast,1,0,0,2.9101743698120117,3.4631452560424805,0,1,2006
45,9,409d9,Quang Tri,North and South Central Coast,0,0,0,4.638217926025391,2.4526917934417725,0,1,2006
45,9,409d9,Quang Tri,North and South Central Coast,1,0,0,4.075840950012207,2.8378963470458984,0,1,2006
45,11,409d11,Quang Tri,North and South Central Coast,1,0,0,2.19944429397583,5.127678871154785,0,1,2006
45,11,409d11,Quang Tri,North and South Central Coast,1,0,0,2.3969857692718506,4.079986572265625,0,1,2006
45,11,409d11,Quang Tri,North and South Central Coast,1,0,0,2.370243787765503,4.784371376037598,0,1,2006
45,11,409d11,Quang Tri,North and South Central Coast,1,0,0,2.4849066734313965,4.506270408630371,0,1,2006
45,11,409d11,Quang Tri,North and South Central Coast,1,0,0,1.9837563037872314,5.104652404785156,0,1,2006
45,11,409d11,Quang Tri,North and South Central Coast,1,0,0,1.9657127857208252,4.987971305847168,0,1,2006
45,13,409d13,Quang Tri,North and South Central Coast,1,0,1,2.4697930812835693,4.464604377746582,0,1,2006
45,13,409d13,Quang Tri,North and South Central Coast,0,0,0,3.1830413341522217,3.818204164505005,0,1,2006
45,13,409d13,Quang Tri,North and South Central Coast,1,0,0,2.452727794647217,4.457025527954102,0,1,2006
45,13,409d13,Quang Tri,North and South Central Coast,1,0,0,2.396075487136841,4.680578231811523,0,1,2006
45,13,409d13,Quang Tri,North and South Central Coast,1,0,0,2.5416018962860107,4.274037837982178,0,1,2006
45,13,409d13,Quang Tri,North and South Central Coast,1,0,0,4.013857364654541,2.8958959579467773,0,1,2006
45,15,409d15,Quang Tri,North and South Central Coast,1,0,0,3.822995185852051,2.52264142036438,0,1,2006
45,17,409d17,Quang Tri,North and South Central Coast,1,0,0,4.986820697784424,1.026894450187683,0,1,2006
45,17,409d17,Quang Tri,North and South Central Coast,1,0,0,3.2281527519226074,2.151744842529297,0,1,2006
46,1,411d1,Thua Thien - Hue,North and South Central Coast,1,0,1,2.0399208068847656,5.577838897705078,0,0,2006
46,1,411d1,Thua Thien - Hue,North and South Central Coast,1,0,1,2.6390573978424072,5.601064205169678,0,0,2006
46,1,411d1,Thua Thien - Hue,North and South Central Coast,1,0,1,2.1282317638397217,5.993842601776123,0,0,2006
46,3,411d3,Thua Thien - Hue,North and South Central Coast,1,0,0,1.7247289419174194,5.237514495849609,0,0,2006
46,3,411d3,Thua Thien - Hue,North and South Central Coast,1,0,0,3.471966505050659,4.301207065582275,0,0,2006
46,3,411d3,Thua Thien - Hue,North and South Central Coast,1,0,0,4.747537612915039,2.9270801544189453,0,0,2006
46,3,411d3,Thua Thien - Hue,North and South Central Coast,1,0,1,2.844909429550171,4.524691104888916,0,0,2006
46,5,411d5,Thua Thien - Hue,North and South Central Coast,1,0,0,2.5336968898773193,4.642557621002197,0,0,2006
46,5,411d5,Thua Thien - Hue,North and South Central Coast,1,0,1,2.3795461654663086,5.273948669433594,0,0,2006
46,5,411d5,Thua Thien - Hue,North and South Central Coast,0,0,1,2.6532418727874756,4.983027458190918,0,0,2006
46,7,411d7,Thua Thien - Hue,North and South Central Coast,1,0,0,2.763169527053833,4.831211566925049,0,0,2006
46,7,411d7,Thua Thien - Hue,North and South Central Coast,1,0,1,3.8522729873657227,2.9807586669921875,0,0,2006
46,7,411d7,Thua Thien - Hue,North and South Central Coast,1,0,1,2.753023624420166,4.935889720916748,0,0,2006
46,7,411d7,Thua Thien - Hue,North and South Central Coast,1,1,0,2.6318888664245605,4.870297431945801,0,0,2006
46,9,411d9,Thua Thien - Hue,North and South Central Coast,0,0,1,1.945910096168518,5.47526741027832,0,0,2006
46,9,411d9,Thua Thien - Hue,North and South Central Coast,1,0,1,1.762158989906311,5.880844593048096,0,0,2006
46,9,411d9,Thua Thien - Hue,North and South Central Coast,1,0,0,2.7212953567504883,4.7591328620910645,0,0,2006
46,9,411d9,Thua Thien - Hue,North and South Central Coast,1,0,0,2.908539056777954,4.333543300628662,0,0,2006
46,9,411d9,Thua Thien - Hue,North and South Central Coast,1,0,0,3.407841920852661,3.993389368057251,0,0,2006
46,9,411d9,Thua Thien - Hue,North and South Central Coast,1,0,0,2.637627601623535,5.1405839920043945,0,0,2006
46,11,411d11,Thua Thien - Hue,North and South Central Coast,0,0,0,3.534562110900879,4.260261058807373,0,0,2006
46,11,411d11,Thua Thien - Hue,North and South Central Coast,1,0,1,2.525728702545166,5.204885482788086,0,0,2006
46,11,411d11,Thua Thien - Hue,North and South Central Coast,1,1,0,2.887590169906616,4.717802047729492,0,0,2006
46,13,411d13,Thua Thien - Hue,North and South Central Coast,0,0,0,3.29768705368042,4.703668117523193,0,0,2006
46,13,411d13,Thua Thien - Hue,North and South Central Coast,1,0,0,4.046554088592529,3.4627814292907715,0,0,2006
46,13,411d13,Thua Thien - Hue,North and South Central Coast,1,0,0,2.0918641090393066,5.169361114501953,0,0,2006
46,13,411d13,Thua Thien - Hue,North and South Central Coast,1,0,0,4.750135898590088,3.350935459136963,0,0,2006
46,13,411d13,Thua Thien - Hue,North and South Central Coast,1,0,0,2.94968843460083,4.591994762420654,0,0,2006
46,15,411d15,Thua Thien - Hue,North and South Central Coast,1,0,0,3.4499876499176025,2.5263633728027344,0,0,2006
46,17,411d17,Thua Thien - Hue,North and South Central Coast,1,0,0,4.5020294189453125,1.6335355043411255,0,0,2006
48,11,501d11,Da Nang city,North and South Central Coast,1,0,0,3.3877744674682617,4.606520652770996,1,1,2006
48,11,501d11,Da Nang city,North and South Central Coast,1,0,0,2.2823824882507324,5.6082000732421875,1,1,2006
48,11,501d11,Da Nang city,North and South Central Coast,0,0,0,4.390490531921387,3.4766147136688232,1,1,2006
48,11,501d11,Da Nang city,North and South Central Coast,1,0,0,2.895911931991577,5.247314929962158,1,1,2006
48,11,501d11,Da Nang city,North and South Central Coast,0,0,0,3.6428356170654297,4.210381031036377,1,1,2006
48,11,501d11,Da Nang city,North and South Central Coast,1,1,0,2.629006862640381,5.498692989349365,1,1,2006
51,1,503d1,Quang Ngai,North and South Central Coast,1,0,0,2.8112082481384277,4.827471733093262,0,0,2006
51,1,503d1,Quang Ngai,North and South Central Coast,1,0,0,2.733717918395996,5.010851860046387,0,0,2006
51,1,503d1,Quang Ngai,North and South Central Coast,1,0,0,2.7013611793518066,5.1274733543396,0,0,2006
51,1,503d1,Quang Ngai,North and South Central Coast,1,1,0,3.0252912044525146,4.638116359710693,0,0,2006
51,1,503d1,Quang Ngai,North and South Central Coast,1,0,0,3.414442539215088,4.083319187164307,0,0,2006
51,3,503d3,Quang Ngai,North and South Central Coast,1,0,0,1.5151273012161255,5.694952487945557,0,0,2006
51,5,503d5,Quang Ngai,North and South Central Coast,1,1,0,4.499809741973877,2.33644962310791,0,0,2006
51,7,503d7,Quang Ngai,North and South Central Coast,1,1,0,3.601958990097046,3.9653866291046143,0,0,2006
51,7,503d7,Quang Ngai,North and South Central Coast,1,0,0,2.0476927757263184,5.519652843475342,0,0,2006
51,7,503d7,Quang Ngai,North and South Central Coast,1,0,0,3.9359347820281982,3.826235771179199,0,0,2006
51,7,503d7,Quang Ngai,North and South Central Coast,1,0,0,2.6122732162475586,5.5596089363098145,0,0,2006
51,7,503d7,Quang Ngai,North and South Central Coast,1,0,0,3.2523105144500732,4.378635883331299,0,0,2006
51,9,503d9,Quang Ngai,North and South Central Coast,1,0,0,2.0528409481048584,5.780759334564209,0,0,2006
51,9,503d9,Quang Ngai,North and South Central Coast,1,0,0,1.2725656032562256,5.955822944641113,0,0,2006
51,9,503d9,Quang Ngai,North and South Central Coast,1,0,0,2.681706190109253,4.960338115692139,0,0,2006
51,9,503d9,Quang Ngai,North and South Central Coast,1,0,0,2.4379897117614746,5.533786296844482,0,0,2006
51,9,503d9,Quang Ngai,North and South Central Coast,1,0,0,2.7899374961853027,5.140987873077393,0,0,2006
51,9,503d9,Quang Ngai,North and South Central Coast,1,0,0,2.1701958179473877,5.247984886169434,0,0,2006
51,9,503d9,Quang Ngai,North and South Central Coast,1,0,0,2.7376089096069336,5.310859680175781,0,0,2006
51,11,503d11,Quang Ngai,North and South Central Coast,1,0,0,2.5152742862701416,5.482052803039551,0,0,2006
51,11,503d11,Quang Ngai,North and South Central Coast,0,1,0,2.980618715286255,4.556811332702637,0,0,2006
51,11,503d11,Quang Ngai,North and South Central Coast,1,0,0,2.1747517585754395,5.546597003936768,0,0,2006
51,11,503d11,Quang Ngai,North and South Central Coast,1,0,0,2.0681278705596924,5.125557899475098,0,0,2006
51,15,503d15,Quang Ngai,North and South Central Coast,1,0,0,2.895911931991577,4.830300807952881,0,0,2006
51,15,503d15,Quang Ngai,North and South Central Coast,1,0,0,2.7427735328674316,4.767109394073486,0,0,2006
51,15,503d15,Quang Ngai,North and South Central Coast,0,0,1,3.0204248428344727,4.456613540649414,0,0,2006
51,15,503d15,Quang Ngai,North and South Central Coast,1,0,0,2.995732307434082,4.973971366882324,0,0,2006
51,15,503d15,Quang Ngai,North and South Central Coast,1,0,0,2.468099594116211,4.868185997009277,0,0,2006
51,15,503d15,Quang Ngai,North and South Central Coast,1,0,0,2.929058074951172,4.998987674713135,0,0,2006
51,15,503d15,Quang Ngai,North and South Central Coast,0,0,0,3.4339871406555176,4.320494174957275,0,0,2006
51,17,503d17,Quang Ngai,North and South Central Coast,1,0,0,3.332204580307007,5.048481464385986,0,0,2006
51,17,503d17,Quang Ngai,North and South Central Coast,0,0,0,2.3795461654663086,4.79823637008667,0,0,2006
51,17,503d17,Quang Ngai,North and South Central Coast,1,0,0,3.83406138420105,3.917843818664551,0,0,2006
51,17,503d17,Quang Ngai,North and South Central Coast,0,0,0,2.9739978313446045,4.094174385070801,0,0,2006
51,17,503d17,Quang Ngai,North and South Central Coast,1,0,0,2.5455312728881836,4.487975120544434,0,0,2006
51,19,503d19,Quang Ngai,North and South Central Coast,1,0,0,2.687847375869751,3.5962867736816406,0,0,2006
51,21,503d21,Quang Ngai,North and South Central Coast,1,0,0,3.0301337242126465,3.8018198013305664,0,0,2006
51,21,503d21,Quang Ngai,North and South Central Coast,1,0,0,3.1458749771118164,3.6631643772125244,0,0,2006
51,23,503d23,Quang Ngai,North and South Central Coast,0,0,0,4.132122039794922,1.4476078748703003,0,0,2006
51,25,503d25,Quang Ngai,North and South Central Coast,1,0,0,2.817800998687744,4.555573463439941,0,0,2006
51,25,503d25,Quang Ngai,North and South Central Coast,0,0,0,3.1068263053894043,4.8625311851501465,0,0,2006
51,25,503d25,Quang Ngai,North and South Central Coast,1,1,0,3.626471996307373,4.275275230407715,0,0,2006
51,25,503d25,Quang Ngai,North and South Central Coast,0,0,0,2.430978298187256,5.681549549102783,0,0,2006
51,25,503d25,Quang Ngai,North and South Central Coast,1,0,0,3.086486577987671,4.592764854431152,0,0,2006
51,27,503d27,Quang Ngai,North and South Central Coast,0,0,0,4.166665077209473,1.9645612239837646,0,0,2006
52,1,505d1,Binh Dinh,North and South Central Coast,1,0,0,1.6068345308303833,5.841499328613281,0,0,2006
52,3,505d3,Binh Dinh,North and South Central Coast,0,1,0,1.4469189643859863,6.392212867736816,0,0,2006
52,5,505d5,Binh Dinh,North and South Central Coast,1,0,1,2.1792869567871094,5.499039649963379,0,0,2006
52,5,505d5,Binh Dinh,North and South Central Coast,1,0,0,2.928523540496826,4.285980701446533,0,0,2006
52,5,505d5,Binh Dinh,North and South Central Coast,1,0,0,2.549445152282715,5.536041736602783,0,0,2006
52,5,505d5,Binh Dinh,North and South Central Coast,1,0,0,2.669309377670288,4.967925071716309,0,0,2006
52,5,505d5,Binh Dinh,North and South Central Coast,1,0,0,2.6217658519744873,4.7465739250183105,0,0,2006
52,5,505d5,Binh Dinh,North and South Central Coast,0,0,0,2.671386241912842,3.9853403568267822,0,0,2006
52,5,505d5,Binh Dinh,North and South Central Coast,1,0,0,2.7258901596069336,5.058999061584473,0,0,2006
52,5,505d5,Binh Dinh,North and South Central Coast,1,0,0,2.9433858394622803,5.188145160675049,0,0,2006
52,7,505d7,Binh Dinh,North and South Central Coast,0,0,0,3.8763959407806396,2.031687021255493,0,0,2006
52,9,505d9,Binh Dinh,North and South Central Coast,1,0,0,3.2172744274139404,4.068917274475098,0,0,2006
52,9,505d9,Binh Dinh,North and South Central Coast,0,0,0,3.229815721511841,4.664129257202148,0,0,2006
52,9,505d9,Binh Dinh,North and South Central Coast,1,0,0,2.749192237854004,5.151073932647705,0,0,2006
52,9,505d9,Binh Dinh,North and South Central Coast,1,0,0,2.2823824882507324,4.979544639587402,0,0,2006
52,9,505d9,Binh Dinh,North and South Central Coast,0,0,0,3.314549684524536,4.433478832244873,0,0,2006
52,9,505d9,Binh Dinh,North and South Central Coast,1,0,0,2.212660312652588,5.012821197509766,0,0,2006
52,9,505d9,Binh Dinh,North and South Central Coast,1,0,0,2.9561595916748047,5.306399345397949,0,0,2006
52,11,505d11,Binh Dinh,North and South Central Coast,1,0,0,4.303659439086914,2.3309736251831055,0,0,2006
52,13,505d13,Binh Dinh,North and South Central Coast,0,0,0,3.8066625595092773,2.8952977657318115,0,0,2006
52,13,505d13,Binh Dinh,North and South Central Coast,1,0,0,3.2638492584228516,3.651874303817749,0,0,2006
52,15,505d15,Binh Dinh,North and South Central Coast,1,0,0,2.65675687789917,5.440364837646484,0,0,2006
52,15,505d15,Binh Dinh,North and South Central Coast,1,0,0,2.685804605484009,5.367128372192383,0,0,2006
52,15,505d15,Binh Dinh,North and South Central Coast,1,0,0,3.2794063091278076,4.966240406036377,0,0,2006
52,15,505d15,Binh Dinh,North and South Central Coast,1,0,0,2.644044876098633,4.740565776824951,0,0,2006
52,15,505d15,Binh Dinh,North and South Central Coast,1,0,0,1.887069582939148,5.6200714111328125,0,0,2006
52,15,505d15,Binh Dinh,North and South Central Coast,1,0,0,1.1908875703811646,6.903796195983887,0,0,2006
52,17,505d17,Binh Dinh,North and South Central Coast,1,0,0,3.2216718196868896,4.175276756286621,0,0,2006
52,17,505d17,Binh Dinh,North and South Central Coast,1,0,0,2.1270406246185303,5.498066425323486,0,0,2006
52,17,505d17,Binh Dinh,North and South Central Coast,1,0,0,2.8063859939575195,5.2026448249816895,0,0,2006
52,17,505d17,Binh Dinh,North and South Central Coast,1,0,1,3.413125991821289,4.077961444854736,0,0,2006
52,21,505d21,Binh Dinh,North and South Central Coast,1,0,0,3.3884499073028564,4.6824564933776855,0,0,2006
52,21,505d21,Binh Dinh,North and South Central Coast,1,0,0,2.580216884613037,5.239820957183838,0,0,2006
52,21,505d21,Binh Dinh,North and South Central Coast,1,1,0,2.3418056964874268,5.759871959686279,0,0,2006
52,21,505d21,Binh Dinh,North and South Central Coast,1,1,0,2.8861963748931885,5.299711227416992,0,0,2006
52,21,505d21,Binh Dinh,North and South Central Coast,1,0,0,2.7874772548675537,4.502133369445801,0,0,2006
52,21,505d21,Binh Dinh,North and South Central Coast,1,0,0,3.3024814128875732,5.026452541351318,0,0,2006
52,23,505d23,Binh Dinh,North and South Central Coast,1,0,0,4.01818323135376,3.9316139221191406,0,0,2006
52,23,505d23,Binh Dinh,North and South Central Coast,1,0,0,2.8454904556274414,5.024293422698975,0,0,2006
52,23,505d23,Binh Dinh,North and South Central Coast,1,0,0,2.248128890991211,5.490794658660889,0,0,2006
52,23,505d23,Binh Dinh,North and South Central Coast,1,0,0,3.3364810943603516,4.958817481994629,0,0,2006
52,23,505d23,Binh Dinh,North and South Central Coast,1,0,0,4.5020294189453125,2.6423778533935547,0,0,2006
52,25,505d25,Binh Dinh,North and South Central Coast,1,0,0,3.8509984016418457,2.583548069000244,0,0,2006
52,25,505d25,Binh Dinh,North and South Central Coast,0,0,0,3.4068479537963867,2.7222020626068115,0,0,2006
49,1,507d1,Quang Nam,North and South Central Coast,0,0,0,2.7311155796051025,4.531513214111328,0,0,2006
49,3,507d3,Quang Nam,North and South Central Coast,1,0,0,3.68912935256958,4.104869842529297,0,0,2006
49,5,507d5,Quang Nam,North and South Central Coast,1,0,0,1.9823799133300781,6.243926048278809,0,0,2006
49,5,507d5,Quang Nam,North and South Central Coast,1,0,0,2.2793164253234863,5.372754096984863,0,0,2006
49,5,507d5,Quang Nam,North and South Central Coast,1,0,0,3.635742425918579,4.471977710723877,0,0,2006
49,5,507d5,Quang Nam,North and South Central Coast,1,1,0,3.6117284297943115,4.753478527069092,0,0,2006
49,5,507d5,Quang Nam,North and South Central Coast,1,0,0,3.1354942321777344,4.649394989013672,0,0,2006
49,5,507d5,Quang Nam,North and South Central Coast,1,0,0,2.6532418727874756,5.244054317474365,0,0,2006
49,5,507d5,Quang Nam,North and South Central Coast,1,1,0,4.143134593963623,4.0705180168151855,0,0,2006
49,7,507d7,Quang Nam,North and South Central Coast,1,0,0,3.418382167816162,4.043258190155029,0,0,2006
49,7,507d7,Quang Nam,North and South Central Coast,1,0,0,3.440418004989624,4.233734607696533,0,0,2006
49,7,507d7,Quang Nam,North and South Central Coast,0,0,0,3.860097885131836,3.1627702713012695,0,0,2006
49,9,507d9,Quang Nam,North and South Central Coast,0,0,0,3.9380805492401123,3.4979472160339355,0,0,2006
49,9,507d9,Quang Nam,North and South Central Coast,1,0,0,3.451573610305786,4.240540027618408,0,0,2006
49,9,507d9,Quang Nam,North and South Central Coast,1,0,0,3.554776430130005,4.069842338562012,0,0,2006
49,9,507d9,Quang Nam,North and South Central Coast,1,0,0,3.0096352100372314,4.424622058868408,0,0,2006
49,9,507d9,Quang Nam,North and South Central Coast,1,0,0,3.3541057109832764,4.502601146697998,0,0,2006
49,11,507d11,Quang Nam,North and South Central Coast,0,0,0,4.817859172821045,1.526021122932434,0,0,2006
49,13,507d13,Quang Nam,North and South Central Coast,1,0,0,3.7878193855285645,4.478344917297363,0,0,2006
49,13,507d13,Quang Nam,North and South Central Coast,1,0,0,3.332918643951416,4.856326103210449,0,0,2006
49,13,507d13,Quang Nam,North and South Central Coast,1,0,0,3.3721117973327637,4.867745399475098,0,0,2006
49,13,507d13,Quang Nam,North and South Central Coast,1,0,0,3.2208738327026367,5.016605377197266,0,0,2006
49,13,507d13,Quang Nam,North and South Central Coast,1,0,0,3.441058874130249,4.481926918029785,0,0,2006
49,13,507d13,Quang Nam,North and South Central Coast,1,0,0,3.8617818355560303,4.268866062164307,0,0,2006
49,15,507d15,Quang Nam,North and South Central Coast,1,0,0,4.703022480010986,2.673485517501831,0,0,2006
49,15,507d15,Quang Nam,North and South Central Coast,1,0,0,2.624668598175049,5.090008735656738,0,0,2006
49,15,507d15,Quang Nam,North and South Central Coast,1,0,0,4.646312236785889,0.8090090751647949,0,0,2006
49,15,507d15,Quang Nam,North and South Central Coast,1,0,0,3.891820192337036,4.183451175689697,0,0,2006
49,15,507d15,Quang Nam,North and South Central Coast,1,0,0,1.9782390594482422,5.344931602478027,0,0,2006
49,17,507d17,Quang Nam,North and South Central Coast,1,0,0,4.116269111633301,3.427004098892212,0,0,2006
49,17,507d17,Quang Nam,North and South Central Coast,1,0,0,2.1701958179473877,5.547155380249023,0,0,2006
49,17,507d17,Quang Nam,North and South Central Coast,1,0,0,2.110213279724121,5.54090690612793,0,0,2006
49,17,507d17,Quang Nam,North and South Central Coast,1,0,0,2.8419981002807617,5.071156978607178,0,0,2006
49,17,507d17,Quang Nam,North and South Central Coast,1,0,0,3.3261146545410156,5.100278377532959,0,0,2006
49,17,507d17,Quang Nam,North and South Central Coast,1,0,0,2.1494338512420654,5.596001625061035,0,0,2006
49,19,507d19,Quang Nam,North and South Central Coast,1,0,0,2.995232105255127,5.120288848876953,0,0,2006
49,19,507d19,Quang Nam,North and South Central Coast,1,0,0,2.455306053161621,5.562990188598633,0,0,2006
49,19,507d19,Quang Nam,North and South Central Coast,1,0,0,4.220977306365967,2.7535016536712646,0,0,2006
49,19,507d19,Quang Nam,North and South Central Coast,1,0,0,3.5118439197540283,4.823347568511963,0,0,2006
49,19,507d19,Quang Nam,North and South Central Coast,1,0,0,2.7549338340759277,5.484395503997803,0,0,2006
49,19,507d19,Quang Nam,North and South Central Coast,1,0,0,2.380471706390381,5.615845680236816,0,0,2006
54,1,509d1,Phu Yen,North and South Central Coast,1,0,0,2.540814161300659,4.865289211273193,0,0,2006
54,1,509d1,Phu Yen,North and South Central Coast,1,0,0,1.403643012046814,5.634263038635254,0,0,2006
54,3,509d3,Phu Yen,North and South Central Coast,0,1,0,4.738826751708984,2.1588783264160156,0,1,2006
54,3,509d3,Phu Yen,North and South Central Coast,1,0,0,4.40525484085083,3.2041118144989014,0,1,2006
54,5,509d5,Phu Yen,North and South Central Coast,1,0,0,4.393213748931885,3.535552501678467,0,0,2006
54,5,509d5,Phu Yen,North and South Central Coast,1,0,0,3.0540013313293457,4.114578723907471,0,0,2006
54,5,509d5,Phu Yen,North and South Central Coast,0,0,1,3.6428356170654297,3.7878715991973877,0,0,2006
54,7,509d7,Phu Yen,North and South Central Coast,1,0,0,3.085115909576416,4.497113227844238,0,1,2006
54,7,509d7,Phu Yen,North and South Central Coast,1,0,0,3.2733640670776367,4.793785095214844,0,1,2006
54,7,509d7,Phu Yen,North and South Central Coast,1,0,0,3.4934728145599365,2.7812893390655518,0,1,2006
54,7,509d7,Phu Yen,North and South Central Coast,1,0,0,2.687847375869751,4.066756725311279,0,1,2006
54,7,509d7,Phu Yen,North and South Central Coast,1,0,0,3.0349528789520264,4.665342330932617,0,1,2006
54,7,509d7,Phu Yen,North and South Central Coast,1,0,0,3.1441524028778076,4.702437877655029,0,1,2006
54,9,509d9,Phu Yen,North and South Central Coast,1,0,0,2.8408312797546387,3.661958694458008,0,1,2006
54,9,509d9,Phu Yen,North and South Central Coast,1,0,0,4.007333278656006,3.606485605239868,0,1,2006
54,10,509d10,Phu Yen,North and South Central Coast,1,0,0,3.7532618045806885,3.890700340270996,0,1,2006
54,10,509d10,Phu Yen,North and South Central Coast,1,0,0,2.578700542449951,5.789992809295654,0,1,2006
54,10,509d10,Phu Yen,North and South Central Coast,1,0,0,2.771963596343994,5.710638046264648,0,1,2006
54,10,509d10,Phu Yen,North and South Central Coast,1,0,0,2.789322853088379,5.486817359924316,0,1,2006
54,10,509d10,Phu Yen,North and South Central Coast,1,0,0,3.604138135910034,4.329300403594971,0,1,2006
54,11,509d11,Phu Yen,North and South Central Coast,1,0,0,3.047375440597534,5.002051830291748,0,1,2006
54,11,509d11,Phu Yen,North and South Central Coast,1,0,0,2.6019487380981445,5.928160667419434,0,1,2006
54,11,509d11,Phu Yen,North and South Central Coast,1,0,0,3.813748359680176,4.161128520965576,0,1,2006
54,11,509d11,Phu Yen,North and South Central Coast,1,0,0,3.1241254806518555,4.811461925506592,0,1,2006
54,11,509d11,Phu Yen,North and South Central Coast,1,1,0,2.6390573978424072,5.496582508087158,0,1,2006
54,11,509d11,Phu Yen,North and South Central Coast,0,0,0,2.642622470855713,5.477073669433594,0,1,2006
54,11,509d11,Phu Yen,North and South Central Coast,1,0,0,2.7991089820861816,5.4420671463012695,0,1,2006
54,11,509d11,Phu Yen,North and South Central Coast,1,0,0,4.969813346862793,2.99468994140625,0,1,2006
54,11,509d11,Phu Yen,North and South Central Coast,0,0,0,4.7708539962768555,2.9244489669799805,0,1,2006
54,11,509d11,Phu Yen,North and South Central Coast,1,0,0,2.7523860931396484,5.0416131019592285,0,1,2006
54,11,509d11,Phu Yen,North and South Central Coast,1,0,0,3.551053047180176,4.107174396514893,0,1,2006
54,13,509d13,Phu Yen,North and South Central Coast,1,0,1,3.300640106201172,2.765467882156372,0,1,2006
56,1,511d1,Khanh Hoa,North and South Central Coast,1,0,0,3.826465129852295,3.9215633869171143,0,0,2006
56,1,511d1,Khanh Hoa,North and South Central Coast,1,0,0,2.6672282218933105,4.498265266418457,0,0,2006
56,1,511d1,Khanh Hoa,North and South Central Coast,1,0,1,-0.2231435328722,7.872836112976074,0,0,2006
56,2,511d2,Khanh Hoa,North and South Central Coast,1,0,0,4.842610836029053,1.4924432039260864,0,0,2006
56,2,511d2,Khanh Hoa,North and South Central Coast,1,0,0,2.3223876953125,5.391396999359131,0,0,2006
56,2,511d2,Khanh Hoa,North and South Central Coast,1,0,0,2.9972312450408936,4.162837982177734,0,0,2006
56,2,511d2,Khanh Hoa,North and South Central Coast,1,0,0,4.469350337982178,2.8636724948883057,0,0,2006
56,2,511d2,Khanh Hoa,North and South Central Coast,1,0,0,4.245490550994873,3.5318827629089355,0,0,2006
56,3,511d3,Khanh Hoa,North and South Central Coast,1,0,0,2.867898941040039,5.157617568969727,0,0,2006
56,3,511d3,Khanh Hoa,North and South Central Coast,1,0,0,3.3568971157073975,4.093182563781738,0,0,2006
56,3,511d3,Khanh Hoa,North and South Central Coast,1,0,0,4.154655456542969,3.4724020957946777,0,0,2006
56,3,511d3,Khanh Hoa,North and South Central Coast,1,0,0,3.7184383869171143,3.6480069160461426,0,0,2006
56,5,511d5,Khanh Hoa,North and South Central Coast,1,0,1,3.3178157806396484,4.0593180656433105,0,0,2006
56,5,511d5,Khanh Hoa,North and South Central Coast,1,0,0,3.6813511848449707,4.310917377471924,0,0,2006
56,5,511d5,Khanh Hoa,North and South Central Coast,1,0,0,2.602689743041992,5.160331726074219,0,0,2006
56,5,511d5,Khanh Hoa,North and South Central Coast,1,0,0,4.346399307250977,2.0009896755218506,0,0,2006
56,5,511d5,Khanh Hoa,North and South Central Coast,1,0,0,2.1435892581939697,5.641716003417969,0,0,2006
56,5,511d5,Khanh Hoa,North and South Central Coast,1,0,1,4.10841178894043,3.420994758605957,0,0,2006
56,5,511d5,Khanh Hoa,North and South Central Coast,1,0,0,2.163322925567627,4.834272861480713,0,0,2006
56,5,511d5,Khanh Hoa,North and South Central Coast,1,0,0,2.9150643348693848,4.7669572830200195,0,0,2006
56,7,511d7,Khanh Hoa,North and South Central Coast,1,0,0,2.1341664791107178,5.395240306854248,0,0,2006
56,7,511d7,Khanh Hoa,North and South Central Coast,1,0,0,3.1570003032684326,4.432335376739502,0,0,2006
56,7,511d7,Khanh Hoa,North and South Central Coast,1,0,0,2.7757089138031006,4.588204860687256,0,0,2006
56,7,511d7,Khanh Hoa,North and South Central Coast,1,0,0,1.597365379333496,5.458809852600098,0,0,2006
56,7,511d7,Khanh Hoa,North and South Central Coast,1,0,0,3.1863527297973633,3.373262643814087,0,0,2006
56,11,511d11,Khanh Hoa,North and South Central Coast,1,0,0,2.990719795227051,3.0471513271331787,0,0,2006
56,13,511d13,Khanh Hoa,North and South Central Coast,1,0,0,3.527242422103882,2.234808921813965,0,0,2006
79,35,701d35,Ho Chi Minh City,Southeast,1,0,0,2.7874772548675537,4.922728061676025,1,1,2006
79,35,701d35,Ho Chi Minh City,Southeast,1,0,0,2.8836827278137207,5.600780487060547,1,1,2006
79,35,701d35,Ho Chi Minh City,Southeast,1,0,0,3.0809922218322754,5.451286792755127,1,1,2006
79,35,701d35,Ho Chi Minh City,Southeast,1,0,0,3.1925318241119385,4.510024070739746,1,1,2006
79,35,701d35,Ho Chi Minh City,Southeast,1,1,1,2.7127060890197754,5.443230152130127,1,1,2006
79,35,701d35,Ho Chi Minh City,Southeast,1,0,0,2.832624912261963,4.7424468994140625,1,1,2006
79,37,701d37,Ho Chi Minh City,Southeast,0,0,1,1.953027606010437,7.204333782196045,1,1,2006
79,37,701d37,Ho Chi Minh City,Southeast,1,0,0,2.1916534900665283,6.808952808380127,1,1,2006
79,37,701d37,Ho Chi Minh City,Southeast,1,0,0,2.740839958190918,5.095529556274414,1,1,2006
79,37,701d37,Ho Chi Minh City,Southeast,1,0,0,1.00430166721344,6.661920070648193,1,1,2006
79,39,701d39,Ho Chi Minh City,Southeast,1,0,0,6.473890781402588,0.9193723797798157,1,1,2006
79,39,701d39,Ho Chi Minh City,Southeast,1,0,0,3.3126940727233887,3.955528974533081,1,1,2006
79,41,701d41,Ho Chi Minh City,Southeast,1,0,1,2.6720776557922363,4.7352399826049805,1,1,2006
79,43,701d43,Ho Chi Minh City,Southeast,1,0,0,4.703956127166748,2.389448404312134,1,1,2006
58,1,705d1,Ninh Thuan,North and South Central Coast,1,0,0,1.7526720762252808,5.492982864379883,0,0,2006
58,1,705d1,Ninh Thuan,North and South Central Coast,1,0,1,2.360854148864746,5.811874866485596,0,0,2006
58,3,705d3,Ninh Thuan,North and South Central Coast,1,0,0,3.4339871406555176,4.517571926116943,0,0,2006
58,3,705d3,Ninh Thuan,North and South Central Coast,1,0,0,5.541263580322266,1.0626802444458008,0,0,2006
58,3,705d3,Ninh Thuan,North and South Central Coast,1,0,0,4.9965362548828125,2.8762998580932617,0,0,2006
58,3,705d3,Ninh Thuan,North and South Central Coast,1,0,0,4.857483863830566,2.7237257957458496,0,0,2006
58,4,705d4,Ninh Thuan,North and South Central Coast,1,0,0,4.613733291625977,1.6591435670852661,0,0,2006
58,4,705d4,Ninh Thuan,North and South Central Coast,1,0,0,4.382651329040527,1.16252601146698,0,0,2006
58,5,705d5,Ninh Thuan,North and South Central Coast,1,0,0,1.8885836601257324,5.271485328674316,0,0,2006
58,5,705d5,Ninh Thuan,North and South Central Coast,1,0,0,2.509599208831787,5.347881317138672,0,0,2006
58,5,705d5,Ninh Thuan,North and South Central Coast,1,1,1,3.298795461654663,4.333605766296387,0,0,2006
58,5,705d5,Ninh Thuan,North and South Central Coast,1,0,1,3.1077208518981934,4.0670037269592285,0,0,2006
58,5,705d5,Ninh Thuan,North and South Central Coast,1,1,0,3.1148478984832764,4.878772258758545,0,0,2006
58,5,705d5,Ninh Thuan,North and South Central Coast,1,0,0,4.222444534301758,3.167736768722534,0,0,2006
58,7,705d7,Ninh Thuan,North and South Central Coast,0,0,0,3.8251571655273438,3.7421886920928955,0,0,2006
58,7,705d7,Ninh Thuan,North and South Central Coast,1,0,0,2.5185024738311768,5.497485160827637,0,0,2006
58,7,705d7,Ninh Thuan,North and South Central Coast,1,0,0,5.187218189239502,0.9461798667907715,0,0,2006
58,7,705d7,Ninh Thuan,North and South Central Coast,1,0,0,4.101485729217529,3.845839262008667,0,0,2006
58,7,705d7,Ninh Thuan,North and South Central Coast,1,0,0,3.040705680847168,4.8562188148498535,0,0,2006
58,7,705d7,Ninh Thuan,North and South Central Coast,1,0,0,2.6810214519500732,5.285912036895752,0,0,2006
58,7,705d7,Ninh Thuan,North and South Central Coast,1,0,0,4.876570224761963,2.3554399013519287,0,0,2006
70,1,707d1,Binh Phuoc,Southeast,1,0,0,3.908015012741089,3.7891063690185547,0,0,2006
70,1,707d1,Binh Phuoc,Southeast,1,1,0,4.047951698303223,3.6948843002319336,0,0,2006
70,2,707d2,Binh Phuoc,Southeast,1,0,0,4.46992301940918,3.053558349609375,0,0,2006
70,2,707d2,Binh Phuoc,Southeast,0,0,0,4.286066055297852,3.3871569633483887,0,0,2006
70,3,707d3,Binh Phuoc,Southeast,1,0,0,3.6152329444885254,3.9685235023498535,0,0,2006
70,3,707d3,Binh Phuoc,Southeast,1,0,0,4.063025951385498,3.530348300933838,0,0,2006
70,3,707d3,Binh Phuoc,Southeast,1,0,0,5.868194580078125,1.0613222122192383,0,0,2006
70,3,707d3,Binh Phuoc,Southeast,1,0,0,4.551980495452881,3.5783731937408447,0,0,2006
70,3,707d3,Binh Phuoc,Southeast,1,0,0,4.333230018615723,3.7026960849761963,0,0,2006
70,3,707d3,Binh Phuoc,Southeast,1,0,0,4.510200023651123,3.389695405960083,0,0,2006
70,3,707d3,Binh Phuoc,Southeast,1,0,0,5.091416358947754,2.748896837234497,0,0,2006
70,3,707d3,Binh Phuoc,Southeast,1,0,0,4.976802825927734,2.5853588581085205,0,0,2006
70,5,707d5,Binh Phuoc,Southeast,1,0,0,2.7536606788635254,4.7256388664245605,0,0,2006
70,5,707d5,Binh Phuoc,Southeast,1,0,0,4.36398983001709,2.182795524597168,0,0,2006
70,5,707d5,Binh Phuoc,Southeast,1,0,0,3.9013664722442627,3.569427251815796,0,0,2006
70,5,707d5,Binh Phuoc,Southeast,1,0,0,5.359130382537842,2.5295794010162354,0,0,2006
70,5,707d5,Binh Phuoc,Southeast,1,0,0,3.3286266326904297,4.222034454345703,0,0,2006
70,6,707d6,Binh Phuoc,Southeast,0,0,0,3.699819326400757,3.618720293045044,0,0,2006
70,6,707d6,Binh Phuoc,Southeast,1,0,0,3.898937702178955,3.651197671890259,0,0,2006
70,7,707d7,Binh Phuoc,Southeast,1,0,0,4.413767337799072,2.508876323699951,0,0,2006
70,7,707d7,Binh Phuoc,Southeast,1,1,0,4.81141996383667,2.6484949588775635,0,0,2006
70,7,707d7,Binh Phuoc,Southeast,1,0,0,4.894625663757324,2.8359882831573486,0,0,2006
70,7,707d7,Binh Phuoc,Southeast,1,0,0,4.465793132781982,3.1670923233032227,0,0,2006
70,9,707d9,Binh Phuoc,Southeast,1,0,0,3.8471643924713135,3.024963617324829,0,0,2006
70,9,707d9,Binh Phuoc,Southeast,1,0,0,4.136765480041504,3.389413595199585,0,0,2006
70,9,707d9,Binh Phuoc,Southeast,0,0,0,3.9858310222625732,3.7207820415496826,0,0,2006
70,9,707d9,Binh Phuoc,Southeast,1,0,0,4.016743183135986,3.906242609024048,0,0,2006
70,9,707d9,Binh Phuoc,Southeast,1,0,0,3.3105430603027344,4.290859222412109,0,0,2006
70,9,707d9,Binh Phuoc,Southeast,1,0,0,4.5723371505737305,3.2233095169067383,0,0,2006
70,10,707d10,Binh Phuoc,Southeast,1,1,0,4.121148586273193,3.673262357711792,0,0,2006
70,10,707d10,Binh Phuoc,Southeast,1,0,0,3.604410171508789,3.543148994445801,0,0,2006
70,10,707d10,Binh Phuoc,Southeast,1,0,0,3.8940627574920654,3.3657569885253906,0,0,2006
72,1,709d1,Tay Ninh,Southeast,1,1,0,2.720637321472168,5.196170330047607,0,0,2006
72,1,709d1,Tay Ninh,Southeast,1,1,0,2.970414400100708,4.399186134338379,0,0,2006
72,1,709d1,Tay Ninh,Southeast,1,1,0,3.232778787612915,5.047425270080566,0,0,2006
72,3,709d3,Tay Ninh,Southeast,1,0,0,4.744932174682617,3.2590994834899902,0,0,2006
72,3,709d3,Tay Ninh,Southeast,1,0,0,4.132122039794922,3.780301094055176,0,0,2006
72,5,709d5,Tay Ninh,Southeast,1,0,0,3.7732205390930176,4.0265326499938965,0,0,2006
72,5,709d5,Tay Ninh,Southeast,1,0,0,4.437816143035889,3.447136878967285,0,0,2006
72,5,709d5,Tay Ninh,Southeast,1,0,0,4.736549377441406,3.065251111984253,0,0,2006
72,5,709d5,Tay Ninh,Southeast,1,0,0,3.9343714714050293,3.274229049682617,0,0,2006
72,7,709d7,Tay Ninh,Southeast,1,0,0,3.5553481578826904,3.9665112495422363,0,0,2006
72,7,709d7,Tay Ninh,Southeast,1,1,0,5.005890846252441,3.12121844291687,0,0,2006
72,7,709d7,Tay Ninh,Southeast,1,0,0,3.662792205810547,4.4948649406433105,0,0,2006
72,7,709d7,Tay Ninh,Southeast,1,0,1,3.734330654144287,3.7869873046875,0,0,2006
72,7,709d7,Tay Ninh,Southeast,1,0,0,3.2047770023345947,4.218791484832764,0,0,2006
72,9,709d9,Tay Ninh,Southeast,1,0,0,3.4901235103607178,3.835683822631836,0,0,2006
72,9,709d9,Tay Ninh,Southeast,1,0,0,3.3669509887695312,4.813089847564697,0,0,2006
72,9,709d9,Tay Ninh,Southeast,1,0,0,3.543853521347046,4.053542613983154,0,0,2006
72,9,709d9,Tay Ninh,Southeast,1,0,0,3.4940803050994873,3.2993857860565186,0,0,2006
72,9,709d9,Tay Ninh,Southeast,1,0,0,3.162940263748169,4.965054988861084,0,0,2006
72,11,709d11,Tay Ninh,Southeast,1,0,0,2.054123640060425,6.441232681274414,0,0,2006
72,11,709d11,Tay Ninh,Southeast,1,0,0,2.2864556312561035,5.994508743286133,0,0,2006
72,11,709d11,Tay Ninh,Southeast,1,0,0,2.887590169906616,4.886845588684082,0,0,2006
72,11,709d11,Tay Ninh,Southeast,1,0,0,3.130263090133667,5.16203498840332,0,0,2006
72,11,709d11,Tay Ninh,Southeast,1,0,0,1.8931119441986084,6.4532928466796875,0,0,2006
72,13,709d13,Tay Ninh,Southeast,1,0,0,3.3634955883026123,3.7488319873809814,0,0,2006
72,13,709d13,Tay Ninh,Southeast,1,0,0,3.2196755409240723,4.658479690551758,0,0,2006
72,15,709d15,Tay Ninh,Southeast,1,0,0,4.259435176849365,4.295246601104736,0,0,2006
72,15,709d15,Tay Ninh,Southeast,1,0,0,3.607398271560669,4.774891376495361,0,0,2006
72,15,709d15,Tay Ninh,Southeast,1,0,0,3.189652919769287,4.972578048706055,0,0,2006
72,15,709d15,Tay Ninh,Southeast,1,0,0,3.0017144680023193,4.653202533721924,0,0,2006
72,15,709d15,Tay Ninh,Southeast,1,0,0,3.2072079181671143,5.064340114593506,0,0,2006
72,17,709d17,Tay Ninh,Southeast,1,0,0,4.069539546966553,3.736342668533325,0,0,2006
72,17,709d17,Tay Ninh,Southeast,1,0,0,3.40883469581604,5.103547096252441,0,0,2006
72,17,709d17,Tay Ninh,Southeast,1,0,0,3.503453016281128,4.929488658905029,0,0,2006
72,17,709d17,Tay Ninh,Southeast,1,0,0,3.407841920852661,4.929746150970459,0,0,2006
72,17,709d17,Tay Ninh,Southeast,1,0,1,2.5809741020202637,4.69003438949585,0,0,2006
74,1,711d1,Binh Duong,Southeast,1,0,0,4.072439670562744,3.9520950317382812,0,0,2006
74,1,711d1,Binh Duong,Southeast,1,0,0,2.7006897926330566,4.868721961975098,0,0,2006
74,2,711d2,Binh Duong,Southeast,1,0,0,4.148359298706055,3.3911995887756348,0,0,2006
74,2,711d2,Binh Duong,Southeast,1,0,0,4.125843048095703,3.9642527103424072,0,0,2006
74,2,711d2,Binh Duong,Southeast,1,0,0,4.074481964111328,3.635723352432251,0,0,2006
74,2,711d2,Binh Duong,Southeast,1,0,0,4.556610107421875,2.7074201107025146,0,0,2006
74,2,711d2,Binh Duong,Southeast,1,0,0,3.8055508136749268,3.751922130584717,0,0,2006
74,3,711d3,Binh Duong,Southeast,1,0,0,4.329812049865723,3.4878134727478027,0,0,2006
74,3,711d3,Binh Duong,Southeast,1,0,0,2.810667037963867,4.61290168762207,0,0,2006
74,3,711d3,Binh Duong,Southeast,1,0,0,3.443394422531128,4.0730390548706055,0,0,2006
74,3,711d3,Binh Duong,Southeast,1,0,0,3.635742425918579,4.190301418304443,0,0,2006
74,3,711d3,Binh Duong,Southeast,1,0,0,4.484808921813965,3.3214805126190186,0,0,2006
74,4,711d4,Binh Duong,Southeast,1,0,0,4.15119743347168,3.9501771926879883,0,0,2006
74,4,711d4,Binh Duong,Southeast,1,0,0,4.11529016494751,3.474551200866699,0,0,2006
74,5,711d5,Binh Duong,Southeast,1,0,0,3.0685179233551025,4.220409870147705,0,0,2006
74,5,711d5,Binh Duong,Southeast,1,0,0,3.5621819496154785,3.635253429412842,0,0,2006
74,5,711d5,Binh Duong,Southeast,1,0,0,3.364187479019165,3.7651100158691406,0,0,2006
74,5,711d5,Binh Duong,Southeast,1,0,0,2.0864171981811523,4.959359645843506,0,0,2006
74,5,711d5,Binh Duong,Southeast,1,0,0,2.3757426738739014,4.770241737365723,0,0,2006
74,7,711d7,Binh Duong,Southeast,1,0,0,1.688249111175537,6.225271701812744,0,0,2006
74,7,711d7,Binh Duong,Southeast,1,0,0,1.8764070272445679,5.826148986816406,0,0,2006
74,7,711d7,Binh Duong,Southeast,1,0,0,2.434490203857422,5.3470659255981445,0,0,2006
74,8,711d8,Binh Duong,Southeast,1,0,0,2.4481563568115234,5.348312854766846,0,0,2006
74,8,711d8,Binh Duong,Southeast,1,0,0,2.5233256816864014,5.563392162322998,0,0,2006
74,8,711d8,Binh Duong,Southeast,1,0,0,2.337952136993408,5.128847122192383,0,0,2006
74,8,711d8,Binh Duong,Southeast,1,0,0,2.327277660369873,5.861966609954834,0,0,2006
75,1,713d1,Dong Nai,Southeast,1,0,0,1.8066481351852417,5.485689163208008,0,0,2006
75,3,713d3,Dong Nai,Southeast,1,0,0,3.0955777168273926,4.068368911743164,0,0,2006
75,3,713d3,Dong Nai,Southeast,1,0,0,1.8405497074127197,6.109952926635742,0,0,2006
75,3,713d3,Dong Nai,Southeast,1,0,0,3.382354259490967,4.421896934509277,0,0,2006
75,3,713d3,Dong Nai,Southeast,0,0,0,3.25809645652771,4.1937255859375,0,0,2006
75,5,713d5,Dong Nai,Southeast,1,0,0,4.2524871826171875,3.8354604244232178,0,0,2006
75,5,713d5,Dong Nai,Southeast,1,0,0,4.41182804107666,3.5804405212402344,0,0,2006
75,5,713d5,Dong Nai,Southeast,1,0,0,2.748552083969116,4.361327171325684,0,0,2006
75,5,713d5,Dong Nai,Southeast,1,0,0,3.7857792377471924,3.6643002033233643,0,0,2006
75,5,713d5,Dong Nai,Southeast,1,0,0,3.3307747840881348,4.532876491546631,0,0,2006
75,7,713d7,Dong Nai,Southeast,1,1,0,2.6644465923309326,5.002243518829346,0,0,2006
75,7,713d7,Dong Nai,Southeast,1,0,0,3.3061537742614746,4.505009651184082,0,0,2006
75,7,713d7,Dong Nai,Southeast,1,0,0,2.4123358726501465,4.908852577209473,0,0,2006
75,9,713d9,Dong Nai,Southeast,1,0,0,4.499809741973877,3.799227476119995,0,0,2006
75,9,713d9,Dong Nai,Southeast,1,0,0,2.1894164085388184,4.739121437072754,0,0,2006
75,9,713d9,Dong Nai,Southeast,1,0,0,2.925309658050537,5.28915548324585,0,0,2006
75,9,713d9,Dong Nai,Southeast,1,0,0,3.5779478549957275,4.623437881469727,0,0,2006
75,9,713d9,Dong Nai,Southeast,1,0,0,2.435366153717041,5.099396228790283,0,0,2006
75,9,713d9,Dong Nai,Southeast,1,0,0,2.995732307434082,5.164214134216309,0,0,2006
75,9,713d9,Dong Nai,Southeast,1,0,0,2.694627285003662,4.707824230194092,0,0,2006
75,9,713d9,Dong Nai,Southeast,1,0,0,3.761200189590454,3.8159217834472656,0,0,2006
75,11,713d11,Dong Nai,Southeast,1,0,0,3.230804443359375,4.357519149780273,0,0,2006
75,11,713d11,Dong Nai,Southeast,1,0,0,3.6888794898986816,3.6888794898986816,0,0,2006
75,11,713d11,Dong Nai,Southeast,1,0,0,2.7663190364837646,5.189105987548828,0,0,2006
75,11,713d11,Dong Nai,Southeast,1,0,0,3.621670722961426,3.6001651287078857,0,0,2006
75,11,713d11,Dong Nai,Southeast,1,1,0,2.360854148864746,5.057326793670654,0,0,2006
75,13,713d13,Dong Nai,Southeast,1,0,0,3.610917806625366,4.493181228637695,0,0,2006
75,13,713d13,Dong Nai,Southeast,1,0,0,3.5380566120147705,4.4943037033081055,0,0,2006
75,13,713d13,Dong Nai,Southeast,1,0,0,2.9576148986816406,4.300796985626221,0,0,2006
75,13,713d13,Dong Nai,Southeast,1,0,0,3.85439395904541,4.212441444396973,0,0,2006
75,13,713d13,Dong Nai,Southeast,1,0,0,3.9114229679107666,4.2201080322265625,0,0,2006
75,13,713d13,Dong Nai,Southeast,1,1,0,3.653252124786377,4.044776916503906,0,0,2006
75,13,713d13,Dong Nai,Southeast,1,0,0,4.418840408325195,3.2183938026428223,0,0,2006
75,13,713d13,Dong Nai,Southeast,1,0,0,3.6125383377075195,4.136784076690674,0,0,2006
75,15,713d15,Dong Nai,Southeast,0,0,0,3.7541990280151367,4.012641429901123,0,0,2006
75,15,713d15,Dong Nai,Southeast,1,0,0,2.181546688079834,5.856642246246338,0,0,2006
75,15,713d15,Dong Nai,Southeast,0,0,0,3.4855384826660156,4.585054874420166,0,0,2006
75,15,713d15,Dong Nai,Southeast,0,0,0,3.8077728748321533,4.150804042816162,0,0,2006
75,15,713d15,Dong Nai,Southeast,1,0,0,3.450939416885376,4.033990859985352,0,0,2006
75,17,713d17,Dong Nai,Southeast,1,0,0,3.567841053009033,3.881074905395508,0,0,2006
75,17,713d17,Dong Nai,Southeast,1,0,0,5.003946304321289,2.364393472671509,0,0,2006
75,17,713d17,Dong Nai,Southeast,1,0,1,3.044522523880005,4.61134147644043,0,0,2006
60,1,715d1,Binh Thuan,North and South Central Coast,1,0,0,3.9259259700775146,3.1765735149383545,0,0,2006
60,3,715d3,Binh Thuan,North and South Central Coast,1,0,1,2.311544895172119,5.460786819458008,0,0,2006
60,3,715d3,Binh Thuan,North and South Central Coast,0,0,0,2.4561641216278076,4.724667072296143,0,0,2006
60,5,715d5,Binh Thuan,North and South Central Coast,1,0,1,5.268939971923828,2.103806257247925,0,0,2006
60,5,715d5,Binh Thuan,North and South Central Coast,1,1,0,4.258586883544922,3.683419942855835,0,0,2006
60,5,715d5,Binh Thuan,North and South Central Coast,1,0,0,3.130263090133667,4.802099227905273,0,0,2006
60,7,715d7,Binh Thuan,North and South Central Coast,0,0,0,3.542928457260132,4.225182056427002,0,0,2006
60,7,715d7,Binh Thuan,North and South Central Coast,1,0,0,3.8168327808380127,4.233551502227783,0,0,2006
60,7,715d7,Binh Thuan,North and South Central Coast,1,0,0,4.17899227142334,3.4011974334716797,0,0,2006
60,7,715d7,Binh Thuan,North and South Central Coast,1,0,0,4.025351524353027,4.237980842590332,0,0,2006
60,9,715d9,Binh Thuan,North and South Central Coast,1,0,0,4.186239719390869,3.6576087474823,0,0,2006
60,9,715d9,Binh Thuan,North and South Central Coast,1,0,0,4.726901054382324,2.5969295501708984,0,0,2006
60,9,715d9,Binh Thuan,North and South Central Coast,1,0,0,4.118142604827881,2.857271432876587,0,0,2006
60,11,715d11,Binh Thuan,North and South Central Coast,1,0,0,5.3938093185424805,1.5069212913513184,0,0,2006
60,11,715d11,Binh Thuan,North and South Central Coast,1,0,0,4.481645584106445,2.6092641353607178,0,0,2006
60,11,715d11,Binh Thuan,North and South Central Coast,1,0,0,3.0411834716796875,4.196594715118408,0,0,2006
60,13,715d13,Binh Thuan,North and South Central Coast,1,0,0,4.057542324066162,3.031700849533081,0,0,2006
60,13,715d13,Binh Thuan,North and South Central Coast,1,0,0,4.010962963104248,3.883727788925171,0,0,2006
60,13,715d13,Binh Thuan,North and South Central Coast,1,0,0,4.691348075866699,2.1566574573516846,0,0,2006
60,15,715d15,Binh Thuan,North and South Central Coast,1,0,0,3.0066721439361572,4.561190605163574,0,0,2006
60,15,715d15,Binh Thuan,North and South Central Coast,1,0,0,3.7807745933532715,3.6044561862945557,0,0,2006
60,15,715d15,Binh Thuan,North and South Central Coast,1,0,0,3.934762477874756,3.4719481468200684,0,0,2006
77,3,717d3,Ba Ria - Vung Tau,Southeast,1,0,0,2.7173402309417725,5.054991245269775,0,0,2006
77,5,717d5,Ba Ria - Vung Tau,Southeast,1,0,0,3.409165620803833,4.0627665519714355,0,1,2006
77,5,717d5,Ba Ria - Vung Tau,Southeast,1,0,0,2.810004949569702,4.728489875793457,0,1,2006
77,5,717d5,Ba Ria - Vung Tau,Southeast,1,0,0,3.0987401008605957,4.711612701416016,0,1,2006
77,7,717d7,Ba Ria - Vung Tau,Southeast,1,0,0,4.486161231994629,2.5004050731658936,0,1,2006
77,7,717d7,Ba Ria - Vung Tau,Southeast,1,0,0,3.9246826171875,3.2986130714416504,0,1,2006
77,9,717d9,Ba Ria - Vung Tau,Southeast,1,0,0,3.981549024581909,3.5078630447387695,0,1,2006
77,9,717d9,Ba Ria - Vung Tau,Southeast,1,0,0,3.1183922290802,4.5832600593566895,0,1,2006
77,11,717d11,Ba Ria - Vung Tau,Southeast,1,0,1,3.8469510078430176,4.181178092956543,0,1,2006
77,11,717d11,Ba Ria - Vung Tau,Southeast,1,0,1,1.1969481706619263,6.855030059814453,0,1,2006
80,1,801d1,Long An,Mekong River Delta,1,0,0,2.141242027282715,4.958785057067871,0,0,2006
80,1,801d1,Long An,Mekong River Delta,1,0,1,2.3731367588043213,5.352193355560303,0,0,2006
80,3,801d3,Long An,Mekong River Delta,0,0,0,3.687628746032715,2.830042600631714,0,0,2006
80,5,801d5,Long An,Mekong River Delta,1,0,0,4.080904483795166,2.769221544265747,0,0,2006
80,5,801d5,Long An,Mekong River Delta,1,0,1,3.947911262512207,3.0952486991882324,0,0,2006
80,7,801d7,Long An,Mekong River Delta,0,0,0,3.813969135284424,3.1492209434509277,0,0,2006
80,7,801d7,Long An,Mekong River Delta,0,0,0,3.751619577407837,3.782074213027954,0,0,2006
80,9,801d9,Long An,Mekong River Delta,0,0,1,3.725693464279175,3.8207528591156006,0,0,2006
80,9,801d9,Long An,Mekong River Delta,0,0,1,3.8836236000061035,3.4617414474487305,0,0,2006
80,11,801d11,Long An,Mekong River Delta,1,0,0,3.6248741149902344,3.175295829772949,0,0,2006
80,11,801d11,Long An,Mekong River Delta,0,0,0,3.769998550415039,3.00764799118042,0,0,2006
80,13,801d13,Long An,Mekong River Delta,0,0,0,3.901972770690918,3.2947139739990234,0,0,2006
80,13,801d13,Long An,Mekong River Delta,0,0,0,3.585461378097534,4.000327110290527,0,0,2006
80,15,801d15,Long An,Mekong River Delta,1,0,0,2.775085687637329,4.604546546936035,0,0,2006
80,15,801d15,Long An,Mekong River Delta,1,0,0,2.8909270763397217,4.588372707366943,0,0,2006
80,15,801d15,Long An,Mekong River Delta,1,0,0,3.316728115081787,4.314218521118164,0,0,2006
80,15,801d15,Long An,Mekong River Delta,1,0,0,2.8633430004119873,4.783010482788086,0,0,2006
80,15,801d15,Long An,Mekong River Delta,1,0,0,3.0896778106689453,4.940406322479248,0,0,2006
80,15,801d15,Long An,Mekong River Delta,1,0,0,3.1376657485961914,4.703040599822998,0,0,2006
80,17,801d17,Long An,Mekong River Delta,1,0,1,4.063025951385498,3.663627862930298,0,0,2006
80,17,801d17,Long An,Mekong River Delta,1,0,0,2.555675745010376,5.1500372886657715,0,0,2006
80,17,801d17,Long An,Mekong River Delta,0,0,0,3.083743095397949,4.035083293914795,0,0,2006
80,17,801d17,Long An,Mekong River Delta,1,0,0,2.8106069564819336,4.706913948059082,0,0,2006
80,19,801d19,Long An,Mekong River Delta,1,0,1,2.524848222732544,4.949923992156982,0,0,2006
80,19,801d19,Long An,Mekong River Delta,0,0,0,3.555633783340454,3.3185648918151855,0,0,2006
80,19,801d19,Long An,Mekong River Delta,1,0,1,2.540814161300659,5.4534807205200195,0,0,2006
80,21,801d21,Long An,Mekong River Delta,1,0,0,2.4948570728302,4.845978736877441,0,0,2006
80,21,801d21,Long An,Mekong River Delta,1,0,0,2.117459774017334,5.272104263305664,0,0,2006
80,21,801d21,Long An,Mekong River Delta,1,1,0,2.8558952808380127,4.994208335876465,0,0,2006
80,21,801d21,Long An,Mekong River Delta,1,0,0,2.4006187915802,4.756337642669678,0,0,2006
80,23,801d23,Long An,Mekong River Delta,1,0,0,2.1713368892669678,5.012533664703369,0,0,2006
80,23,801d23,Long An,Mekong River Delta,1,0,0,2.6397714614868164,4.76450777053833,0,0,2006
80,25,801d25,Long An,Mekong River Delta,0,0,0,2.693951368331909,4.6875505447387695,0,0,2006
80,25,801d25,Long An,Mekong River Delta,1,0,0,2.525728702545166,5.239416122436523,0,0,2006
80,25,801d25,Long An,Mekong River Delta,0,0,0,2.7555696964263916,4.752120494842529,0,0,2006
80,25,801d25,Long An,Mekong River Delta,1,0,0,2.3655598163604736,5.254654884338379,0,0,2006
80,25,801d25,Long An,Mekong River Delta,0,0,0,2.5974910259246826,4.907451152801514,0,0,2006
80,27,801d27,Long An,Mekong River Delta,1,0,0,2.319737195968628,5.138449192047119,0,0,2006
80,27,801d27,Long An,Mekong River Delta,1,0,0,2.295560598373413,5.490575790405273,0,0,2006
80,27,801d27,Long An,Mekong River Delta,0,0,0,2.623218297958374,4.995032787322998,0,0,2006
80,27,801d27,Long An,Mekong River Delta,1,0,0,2.482403516769409,5.102369785308838,0,0,2006
80,27,801d27,Long An,Mekong River Delta,1,0,0,2.9590682983398438,4.802250862121582,0,0,2006
87,1,803d1,Dong Thap,Mekong River Delta,1,0,1,2.789322853088379,4.880172252655029,0,0,2006
87,3,803d3,Dong Thap,Mekong River Delta,1,0,0,3.044522523880005,4.994635105133057,0,0,2006
87,5,803d5,Dong Thap,Mekong River Delta,1,0,0,3.83449387550354,3.970165491104126,0,0,2006
87,5,803d5,Dong Thap,Mekong River Delta,1,0,0,3.4499876499176025,4.153411865234375,0,0,2006
87,7,803d7,Dong Thap,Mekong River Delta,1,0,0,3.5380566120147705,4.837111949920654,0,0,2006
87,7,803d7,Dong Thap,Mekong River Delta,1,0,0,2.2512917518615723,5.74232816696167,0,0,2006
87,7,803d7,Dong Thap,Mekong River Delta,1,0,0,3.2980566024780273,4.418849468231201,0,0,2006
87,7,803d7,Dong Thap,Mekong River Delta,1,0,0,3.003204345703125,5.4386186599731445,0,0,2006
87,7,803d7,Dong Thap,Mekong River Delta,1,0,1,3.186765670776367,5.048064708709717,0,0,2006
87,7,803d7,Dong Thap,Mekong River Delta,1,0,1,3.8712010383605957,3.8909695148468018,0,0,2006
87,7,803d7,Dong Thap,Mekong River Delta,1,0,0,2.9750192165374756,5.363525390625,0,0,2006
87,7,803d7,Dong Thap,Mekong River Delta,1,0,0,2.7738380432128906,5.102041244506836,0,0,2006
87,7,803d7,Dong Thap,Mekong River Delta,1,0,0,2.729159116744995,5.215332984924316,0,0,2006
87,9,803d9,Dong Thap,Mekong River Delta,0,0,0,4.153085231781006,3.58103609085083,0,0,2006
87,9,803d9,Dong Thap,Mekong River Delta,1,0,0,3.9251365661621094,3.600503444671631,0,0,2006
87,9,803d9,Dong Thap,Mekong River Delta,1,0,1,2.729159116744995,4.854597091674805,0,0,2006
87,11,803d11,Dong Thap,Mekong River Delta,0,0,0,3.6173834800720215,3.707765579223633,0,0,2006
87,11,803d11,Dong Thap,Mekong River Delta,1,0,0,3.0969340801239014,5.068713665008545,0,0,2006
87,11,803d11,Dong Thap,Mekong River Delta,1,0,0,2.924236297607422,5.1447930335998535,0,0,2006
87,11,803d11,Dong Thap,Mekong River Delta,1,0,0,3.626471996307373,4.612329006195068,0,0,2006
87,11,803d11,Dong Thap,Mekong River Delta,1,0,0,3.6813511848449707,4.7253570556640625,0,0,2006
87,13,803d13,Dong Thap,Mekong River Delta,1,0,0,3.8044378757476807,4.153789520263672,0,0,2006
87,13,803d13,Dong Thap,Mekong River Delta,1,0,0,2.9293253421783447,4.3206000328063965,0,0,2006
87,13,803d13,Dong Thap,Mekong River Delta,0,0,0,4.0625786781311035,3.493326425552368,0,0,2006
87,13,803d13,Dong Thap,Mekong River Delta,0,0,0,3.6016862392425537,4.11699914932251,0,0,2006
87,15,803d15,Dong Thap,Mekong River Delta,0,0,0,3.2355363368988037,4.275988578796387,0,0,2006
87,15,803d15,Dong Thap,Mekong River Delta,0,0,0,2.7389025688171387,4.628806114196777,0,0,2006
87,15,803d15,Dong Thap,Mekong River Delta,1,0,0,3.1135153770446777,4.660499572753906,0,0,2006
87,15,803d15,Dong Thap,Mekong River Delta,1,0,0,3.4480810165405273,4.885670185089111,0,0,2006
87,15,803d15,Dong Thap,Mekong River Delta,1,0,0,2.767576217651367,5.04601526260376,0,0,2006
87,15,803d15,Dong Thap,Mekong River Delta,1,0,0,3.765145778656006,3.7881407737731934,0,0,2006
87,17,803d17,Dong Thap,Mekong River Delta,1,0,0,2.939162015914917,5.09124755859375,0,0,2006
87,17,803d17,Dong Thap,Mekong River Delta,1,0,0,2.877511739730835,5.338846683502197,0,0,2006
87,17,803d17,Dong Thap,Mekong River Delta,1,0,0,2.85359263420105,4.826120853424072,0,0,2006
87,17,803d17,Dong Thap,Mekong River Delta,1,0,0,2.5937609672546387,5.06870698928833,0,0,2006
87,17,803d17,Dong Thap,Mekong River Delta,1,0,0,2.9274535179138184,5.04121208190918,0,0,2006
87,17,803d17,Dong Thap,Mekong River Delta,1,0,0,2.4714837074279785,5.145784378051758,0,0,2006
87,19,803d19,Dong Thap,Mekong River Delta,1,1,0,2.8797600269317627,5.216143608093262,0,0,2006
87,19,803d19,Dong Thap,Mekong River Delta,1,0,0,3.1863527297973633,5.193415641784668,0,0,2006
87,19,803d19,Dong Thap,Mekong River Delta,1,0,0,2.975529670715332,4.929543495178223,0,0,2006
87,19,803d19,Dong Thap,Mekong River Delta,1,0,0,3.467921018600464,4.792054653167725,0,0,2006
87,19,803d19,Dong Thap,Mekong River Delta,1,0,0,2.923161506652832,4.647281646728516,0,0,2006
87,21,803d21,Dong Thap,Mekong River Delta,0,0,0,3.0056827068328857,4.802640438079834,0,0,2006
87,21,803d21,Dong Thap,Mekong River Delta,0,0,0,3.3638415336608887,4.651155471801758,0,0,2006
87,21,803d21,Dong Thap,Mekong River Delta,0,0,0,2.777576208114624,4.99264669418335,0,0,2006
87,21,803d21,Dong Thap,Mekong River Delta,1,1,0,3.0587069988250732,4.976247787475586,0,0,2006
89,1,805d1,An Giang,Mekong River Delta,1,0,0,3.0544726848602295,5.348206996917725,0,0,2006
89,1,805d1,An Giang,Mekong River Delta,1,0,1,2.2523438930511475,5.443414211273193,0,0,2006
89,5,805d5,An Giang,Mekong River Delta,0,0,0,3.591266632080078,4.652541637420654,0,0,2006
89,5,805d5,An Giang,Mekong River Delta,1,0,0,2.017566204071045,5.799656391143799,0,0,2006
89,5,805d5,An Giang,Mekong River Delta,1,0,0,2.377692461013794,5.683163166046143,0,0,2006
89,5,805d5,An Giang,Mekong River Delta,1,0,1,3.539799213409424,4.27742338180542,0,0,2006
89,5,805d5,An Giang,Mekong River Delta,1,0,1,1.8405497074127197,5.947661876678467,0,0,2006
89,7,805d7,An Giang,Mekong River Delta,1,0,1,2.3523271083831787,5.78389835357666,0,0,2006
89,7,805d7,An Giang,Mekong River Delta,1,0,1,2.8332133293151855,4.734132289886475,0,0,2006
89,7,805d7,An Giang,Mekong River Delta,1,0,1,2.693951368331909,5.219569683074951,0,0,2006
89,7,805d7,An Giang,Mekong River Delta,1,0,1,2.6532418727874756,5.409821033477783,0,0,2006
89,9,805d9,An Giang,Mekong River Delta,0,0,1,2.7936160564422607,4.216695785522461,0,0,2006
89,9,805d9,An Giang,Mekong River Delta,1,0,1,3.131136894226074,4.920204162597656,0,0,2006
89,9,805d9,An Giang,Mekong River Delta,1,0,1,2.0893919467926025,5.741033554077148,0,0,2006
89,9,805d9,An Giang,Mekong River Delta,1,0,1,3.30908203125,4.820092678070068,0,0,2006
89,9,805d9,An Giang,Mekong River Delta,1,0,1,3.0007197856903076,4.935940265655518,0,0,2006
89,9,805d9,An Giang,Mekong River Delta,1,0,1,2.713369369506836,5.439980506896973,0,0,2006
89,11,805d11,An Giang,Mekong River Delta,0,0,0,3.81573224067688,3.7876670360565186,0,0,2006
89,11,805d11,An Giang,Mekong River Delta,1,0,0,3.5962157249450684,4.830833911895752,0,0,2006
89,11,805d11,An Giang,Mekong River Delta,0,0,0,3.493168592453003,4.937376976013184,0,0,2006
89,11,805d11,An Giang,Mekong River Delta,1,0,0,2.7376089096069336,5.503567218780518,0,0,2006
89,11,805d11,An Giang,Mekong River Delta,0,0,1,3.6722419261932373,4.803712844848633,0,0,2006
89,11,805d11,An Giang,Mekong River Delta,1,1,1,3.348850965499878,5.407674312591553,0,0,2006
89,13,805d13,An Giang,Mekong River Delta,0,0,0,3.403195381164551,3.707500696182251,0,0,2006
89,13,805d13,An Giang,Mekong River Delta,1,0,0,3.4818553924560547,3.4118010997772217,0,0,2006
89,15,805d15,An Giang,Mekong River Delta,1,1,0,3.483698606491089,4.499059200286865,0,0,2006
89,15,805d15,An Giang,Mekong River Delta,0,0,0,3.4011974334716797,4.448905944824219,0,0,2006
89,15,805d15,An Giang,Mekong River Delta,1,0,0,3.9199912548065186,3.206899642944336,0,0,2006
89,17,805d17,An Giang,Mekong River Delta,1,0,0,2.9365129470825195,5.451937198638916,0,0,2006
89,17,805d17,An Giang,Mekong River Delta,1,1,1,2.9112629890441895,5.3512959480285645,0,0,2006
89,17,805d17,An Giang,Mekong River Delta,1,0,0,2.9295923709869385,5.548235893249512,0,0,2006
89,17,805d17,An Giang,Mekong River Delta,1,0,0,3.1223649978637695,5.389815807342529,0,0,2006
89,17,805d17,An Giang,Mekong River Delta,1,0,0,2.9407479763031006,5.207408428192139,0,0,2006
89,17,805d17,An Giang,Mekong River Delta,1,0,0,3.3046865463256836,5.058422565460205,0,0,2006
89,17,805d17,An Giang,Mekong River Delta,1,0,0,3.1333179473876953,5.201153755187988,0,0,2006
89,17,805d17,An Giang,Mekong River Delta,1,0,0,3.1415627002716064,5.2046051025390625,0,0,2006
89,17,805d17,An Giang,Mekong River Delta,1,0,0,3.2296178340911865,5.552398204803467,0,0,2006
89,19,805d19,An Giang,Mekong River Delta,0,0,0,3.272606134414673,3.9382123947143555,0,0,2006
89,19,805d19,An Giang,Mekong River Delta,0,0,0,3.103689432144165,5.297643661499023,0,0,2006
89,19,805d19,An Giang,Mekong River Delta,1,0,0,3.6090242862701416,4.465624809265137,0,0,2006
89,19,805d19,An Giang,Mekong River Delta,1,1,0,2.8219738006591797,5.400042533874512,0,0,2006
89,21,805d21,An Giang,Mekong River Delta,1,0,0,3.3314900398254395,3.8409345149993896,0,0,2006
89,21,805d21,An Giang,Mekong River Delta,1,0,0,3.4870691299438477,4.193106651306152,0,0,2006
89,21,805d21,An Giang,Mekong River Delta,1,0,0,3.4413790702819824,4.204018592834473,0,0,2006
89,21,805d21,An Giang,Mekong River Delta,1,0,1,3.6130778789520264,4.207763195037842,0,0,2006
82,1,807d1,Tien Giang,Mekong River Delta,1,0,1,1.9801735877990723,5.889228343963623,0,0,2006
82,3,807d3,Tien Giang,Mekong River Delta,1,1,1,2.0386195182800293,4.825183868408203,0,0,2006
82,5,807d5,Tien Giang,Mekong River Delta,0,0,0,2.860485076904297,4.8465776443481445,0,0,2006
82,5,807d5,Tien Giang,Mekong River Delta,1,0,0,3.5481796264648438,4.093384742736816,0,0,2006
82,7,807d7,Tien Giang,Mekong River Delta,1,0,1,1.7422189712524414,6.062440395355225,0,0,2006
82,7,807d7,Tien Giang,Mekong River Delta,1,0,0,2.6598398685455322,4.985558032989502,0,0,2006
82,7,807d7,Tien Giang,Mekong River Delta,1,0,0,2.4007999897003174,5.72837495803833,0,0,2006
82,7,807d7,Tien Giang,Mekong River Delta,1,0,1,2.5209169387817383,5.808741092681885,0,0,2006
82,7,807d7,Tien Giang,Mekong River Delta,0,0,0,2.1894164085388184,5.472110748291016,0,0,2006
82,7,807d7,Tien Giang,Mekong River Delta,0,0,0,2.057962417602539,5.171151161193848,0,0,2006
82,7,807d7,Tien Giang,Mekong River Delta,1,0,0,2.029463291168213,5.669926166534424,0,0,2006
82,7,807d7,Tien Giang,Mekong River Delta,1,0,0,2.221374988555908,5.818427085876465,0,0,2006
82,9,807d9,Tien Giang,Mekong River Delta,1,0,1,2.9412760734558105,5.319216728210449,0,0,2006
82,9,807d9,Tien Giang,Mekong River Delta,1,0,1,2.5185024738311768,5.099256992340088,0,0,2006
82,9,807d9,Tien Giang,Mekong River Delta,0,0,0,3.0041964054107666,5.02131986618042,0,0,2006
82,9,807d9,Tien Giang,Mekong River Delta,0,0,1,2.9538681507110596,5.332149505615234,0,0,2006
82,9,807d9,Tien Giang,Mekong River Delta,1,0,1,3.081451177597046,4.906073570251465,0,0,2006
82,9,807d9,Tien Giang,Mekong River Delta,1,0,1,3.32503604888916,4.790783882141113,0,0,2006
82,9,807d9,Tien Giang,Mekong River Delta,1,0,1,1.9050880670547485,5.263491630554199,0,0,2006
82,9,807d9,Tien Giang,Mekong River Delta,1,0,1,2.646174907684326,5.310652256011963,0,0,2006
82,9,807d9,Tien Giang,Mekong River Delta,0,0,1,2.478217601776123,5.117672443389893,0,0,2006
82,9,807d9,Tien Giang,Mekong River Delta,1,0,1,2.516082286834717,5.189630508422852,0,0,2006
82,9,807d9,Tien Giang,Mekong River Delta,0,0,1,3.1713647842407227,4.806946277618408,0,0,2006
82,11,807d11,Tien Giang,Mekong River Delta,0,0,0,2.4647040367126465,5.412693023681641,0,0,2006
82,11,807d11,Tien Giang,Mekong River Delta,0,0,0,2.4212565422058105,5.1113667488098145,0,0,2006
82,11,807d11,Tien Giang,Mekong River Delta,1,0,0,2.8931455612182617,5.19633674621582,0,0,2006
82,11,807d11,Tien Giang,Mekong River Delta,1,0,0,2.599722385406494,5.648021697998047,0,0,2006
82,11,807d11,Tien Giang,Mekong River Delta,1,0,0,2.6093342304229736,4.966763019561768,0,0,2006
82,11,807d11,Tien Giang,Mekong River Delta,1,0,0,2.5152742862701416,5.453737735748291,0,0,2006
82,13,807d13,Tien Giang,Mekong River Delta,0,0,0,2.5756609439849854,5.127346515655518,0,0,2006
82,13,807d13,Tien Giang,Mekong River Delta,1,0,1,3.286160469055176,4.744248867034912,0,0,2006
82,13,807d13,Tien Giang,Mekong River Delta,1,0,1,2.9831535816192627,5.154827117919922,0,0,2006
82,13,807d13,Tien Giang,Mekong River Delta,0,0,0,2.6224923133850098,4.912270545959473,0,0,2006
82,13,807d13,Tien Giang,Mekong River Delta,1,0,1,2.9831535816192627,5.158327579498291,0,0,2006
82,13,807d13,Tien Giang,Mekong River Delta,1,0,0,2.4535880088806152,5.546090602874756,0,0,2006
82,13,807d13,Tien Giang,Mekong River Delta,0,0,0,2.938103199005127,5.000699043273926,0,0,2006
82,13,807d13,Tien Giang,Mekong River Delta,1,0,1,3.455685615539551,4.2006516456604,0,0,2006
82,13,807d13,Tien Giang,Mekong River Delta,1,0,0,2.7343673706054688,5.481990814208984,0,0,2006
82,15,807d15,Tien Giang,Mekong River Delta,1,0,0,2.5985329151153564,5.2243123054504395,0,0,2006
82,15,807d15,Tien Giang,Mekong River Delta,0,0,0,3.105527877807617,4.220279693603516,0,0,2006
82,15,807d15,Tien Giang,Mekong River Delta,1,0,0,2.857619047164917,5.210470676422119,0,0,2006
82,15,807d15,Tien Giang,Mekong River Delta,1,0,0,2.9366719722747803,5.035104274749756,0,0,2006
82,15,807d15,Tien Giang,Mekong River Delta,0,0,0,2.5649492740631104,4.964457035064697,0,0,2006
82,15,807d15,Tien Giang,Mekong River Delta,1,0,0,3.062455892562866,4.708189487457275,0,0,2006
82,17,807d17,Tien Giang,Mekong River Delta,0,0,0,2.975529670715332,4.8505144119262695,0,0,2006
82,17,807d17,Tien Giang,Mekong River Delta,1,0,0,2.5794589519500732,5.284576892852783,0,0,2006
82,17,807d17,Tien Giang,Mekong River Delta,1,0,0,3.3840513229370117,3.769000291824341,0,0,2006
82,17,807d17,Tien Giang,Mekong River Delta,1,0,0,2.6623551845550537,5.384834289550781,0,0,2006
82,17,807d17,Tien Giang,Mekong River Delta,1,0,0,4.192529201507568,3.8336408138275146,0,0,2006
82,17,807d17,Tien Giang,Mekong River Delta,1,0,0,2.950734853744507,4.267441749572754,0,0,2006
86,1,809d1,Vinh Long,Mekong River Delta,1,0,0,2.19277024269104,5.494309902191162,0,0,2006
86,1,809d1,Vinh Long,Mekong River Delta,1,0,0,1.6448050737380981,5.795928478240967,0,0,2006
86,3,809d3,Vinh Long,Mekong River Delta,0,0,0,2.6093342304229736,4.699208736419678,0,0,2006
86,3,809d3,Vinh Long,Mekong River Delta,0,1,0,2.488234519958496,5.116161823272705,0,0,2006
86,3,809d3,Vinh Long,Mekong River Delta,1,0,0,2.4637680053710938,5.22514533996582,0,0,2006
86,3,809d3,Vinh Long,Mekong River Delta,0,0,0,2.7650604248046875,4.9197235107421875,0,0,2006
86,3,809d3,Vinh Long,Mekong River Delta,0,0,0,2.660259485244751,5.368195533752441,0,0,2006
86,3,809d3,Vinh Long,Mekong River Delta,0,0,0,2.7146947383880615,4.946832180023193,0,0,2006
86,5,809d5,Vinh Long,Mekong River Delta,1,0,0,2.3504223823547363,5.123782634735107,0,0,2006
86,5,809d5,Vinh Long,Mekong River Delta,0,0,0,2.398803949356079,5.086126327514648,0,0,2006
86,5,809d5,Vinh Long,Mekong River Delta,1,0,0,2.3730435371398926,4.868322849273682,0,0,2006
86,5,809d5,Vinh Long,Mekong River Delta,1,0,0,2.646883726119995,4.811302661895752,0,0,2006
86,7,809d7,Vinh Long,Mekong River Delta,0,0,0,2.988204002380371,5.3984246253967285,0,0,2006
86,7,809d7,Vinh Long,Mekong River Delta,1,0,0,2.689207077026367,5.4085235595703125,0,0,2006
86,7,809d7,Vinh Long,Mekong River Delta,1,0,0,2.613739490509033,5.622945785522461,0,0,2006
86,7,809d7,Vinh Long,Mekong River Delta,1,0,0,2.7581093311309814,4.872837066650391,0,0,2006
86,7,809d7,Vinh Long,Mekong River Delta,1,0,0,2.8408312797546387,4.474387168884277,0,0,2006
86,7,809d7,Vinh Long,Mekong River Delta,1,0,0,2.2575876712799072,5.466858863830566,0,0,2006
86,9,809d9,Vinh Long,Mekong River Delta,1,0,0,2.879647731781006,4.659911155700684,0,0,2006
86,9,809d9,Vinh Long,Mekong River Delta,0,0,0,2.9683096408843994,4.75569486618042,0,0,2006
86,9,809d9,Vinh Long,Mekong River Delta,0,0,0,3.0233473777770996,4.532557487487793,0,0,2006
86,9,809d9,Vinh Long,Mekong River Delta,1,0,0,2.9683611392974854,4.507544994354248,0,0,2006
86,9,809d9,Vinh Long,Mekong River Delta,1,1,0,3.0802571773529053,4.859614372253418,0,0,2006
86,9,809d9,Vinh Long,Mekong River Delta,1,0,0,2.557769775390625,4.550474166870117,0,0,2006
86,9,809d9,Vinh Long,Mekong River Delta,1,0,0,3.143979787826538,4.719671249389648,0,0,2006
86,11,809d11,Vinh Long,Mekong River Delta,0,0,0,2.9982290267944336,4.50506067276001,0,0,2006
86,11,809d11,Vinh Long,Mekong River Delta,0,0,0,2.950734853744507,4.904809474945068,0,0,2006
86,11,809d11,Vinh Long,Mekong River Delta,0,0,0,2.9523026943206787,4.943505764007568,0,0,2006
86,11,809d11,Vinh Long,Mekong River Delta,0,0,0,2.8881471157073975,4.782747745513916,0,0,2006
86,11,809d11,Vinh Long,Mekong River Delta,0,0,0,3.2809112071990967,4.650373458862305,0,0,2006
86,11,809d11,Vinh Long,Mekong River Delta,1,0,0,3.208421468734741,4.851802825927734,0,0,2006
86,13,809d13,Vinh Long,Mekong River Delta,1,0,0,2.776331663131714,4.963897705078125,0,0,2006
86,13,809d13,Vinh Long,Mekong River Delta,1,0,0,2.8445024490356445,4.870621204376221,0,0,2006
86,13,809d13,Vinh Long,Mekong River Delta,1,0,0,2.6652817726135254,4.728596210479736,0,0,2006
86,13,809d13,Vinh Long,Mekong River Delta,1,0,0,2.5871622562408447,5.112679958343506,0,0,2006
86,13,809d13,Vinh Long,Mekong River Delta,1,0,0,2.832036256790161,4.892852306365967,0,0,2006
86,13,809d13,Vinh Long,Mekong River Delta,1,0,0,2.482403516769409,4.718021392822266,0,0,2006
86,13,809d13,Vinh Long,Mekong River Delta,1,0,1,2.6369121074676514,5.0478715896606445,0,0,2006
83,1,811d1,Ben Tre,Mekong River Delta,0,0,1,2.4501426219940186,5.58610725402832,0,0,2006
83,1,811d1,Ben Tre,Mekong River Delta,1,0,0,1.6233408451080322,5.170125484466553,0,0,2006
83,3,811d3,Ben Tre,Mekong River Delta,1,0,0,2.608598232269287,5.100710391998291,0,0,2006
83,3,811d3,Ben Tre,Mekong River Delta,1,0,0,2.1838016510009766,5.887416839599609,0,0,2006
83,3,811d3,Ben Tre,Mekong River Delta,1,0,0,1.7263315916061401,5.442248344421387,0,0,2006
83,3,811d3,Ben Tre,Mekong River Delta,1,0,0,1.7681496143341064,5.424032688140869,0,0,2006
83,3,811d3,Ben Tre,Mekong River Delta,1,0,0,3.2503745555877686,4.799052715301514,0,0,2006
83,3,811d3,Ben Tre,Mekong River Delta,1,0,0,2.785628318786621,5.017398357391357,0,0,2006
83,3,811d3,Ben Tre,Mekong River Delta,1,0,0,2.789322853088379,5.1710004806518555,0,0,2006
83,5,811d5,Ben Tre,Mekong River Delta,1,0,0,3.159550428390503,5.034955024719238,0,0,2006
83,5,811d5,Ben Tre,Mekong River Delta,0,0,0,2.728114128112793,5.535218238830566,0,0,2006
83,5,811d5,Ben Tre,Mekong River Delta,1,0,0,2.9901669025421143,4.8193745613098145,0,0,2006
83,5,811d5,Ben Tre,Mekong River Delta,0,0,0,2.868750810623169,4.9995036125183105,0,0,2006
83,5,811d5,Ben Tre,Mekong River Delta,0,0,0,3.1458749771118164,5.049734592437744,0,0,2006
83,7,811d7,Ben Tre,Mekong River Delta,1,0,0,2.890371799468994,4.788879871368408,0,0,2006
83,7,811d7,Ben Tre,Mekong River Delta,1,0,0,2.394981861114502,5.341761589050293,0,0,2006
83,7,811d7,Ben Tre,Mekong River Delta,1,0,0,2.5134940147399902,5.261781692504883,0,0,2006
83,7,811d7,Ben Tre,Mekong River Delta,1,0,0,3.0768513679504395,4.9918646812438965,0,0,2006
83,7,811d7,Ben Tre,Mekong River Delta,0,0,0,1.6891728639602661,NA,0,0,2006
83,7,811d7,Ben Tre,Mekong River Delta,1,0,0,2.841181516647339,5.293872356414795,0,0,2006
83,7,811d7,Ben Tre,Mekong River Delta,1,0,0,2.099489212036133,5.161736011505127,0,0,2006
83,7,811d7,Ben Tre,Mekong River Delta,0,0,0,2.9067370891571045,5.172881126403809,0,0,2006
83,7,811d7,Ben Tre,Mekong River Delta,1,0,0,2.3589653968811035,5.175262928009033,0,0,2006
83,7,811d7,Ben Tre,Mekong River Delta,1,0,0,2.7349517345428467,5.315751552581787,0,0,2006
83,9,811d9,Ben Tre,Mekong River Delta,0,0,0,2.9295923709869385,4.55981969833374,0,0,2006
83,9,811d9,Ben Tre,Mekong River Delta,0,0,1,2.325324535369873,4.662165641784668,0,0,2006
83,9,811d9,Ben Tre,Mekong River Delta,1,0,0,2.9856820106506348,4.852661609649658,0,0,2006
83,9,811d9,Ben Tre,Mekong River Delta,0,0,0,2.736961603164673,5.120519161224365,0,0,2006
83,9,811d9,Ben Tre,Mekong River Delta,0,0,0,2.489894151687622,5.135700702667236,0,0,2006
83,9,811d9,Ben Tre,Mekong River Delta,1,0,0,2.63547945022583,4.948785305023193,0,0,2006
83,9,811d9,Ben Tre,Mekong River Delta,1,0,0,2.3475584983825684,5.172676086425781,0,0,2006
83,11,811d11,Ben Tre,Mekong River Delta,0,0,0,2.331172466278076,4.801324844360352,0,0,2006
83,11,811d11,Ben Tre,Mekong River Delta,1,0,0,3.159125804901123,4.514097213745117,0,0,2006
83,11,811d11,Ben Tre,Mekong River Delta,1,0,0,3.2425923347473145,4.420815467834473,0,0,2006
83,11,811d11,Ben Tre,Mekong River Delta,1,0,0,1.938741683959961,5.291821479797363,0,0,2006
83,11,811d11,Ben Tre,Mekong River Delta,1,0,0,4.1026434898376465,3.3256897926330566,0,0,2006
83,13,811d13,Ben Tre,Mekong River Delta,1,0,0,3.478158473968506,4.211212635040283,0,0,2006
83,13,811d13,Ben Tre,Mekong River Delta,0,0,0,3.239854335784912,4.670369625091553,0,0,2006
83,13,811d13,Ben Tre,Mekong River Delta,1,0,0,2.4388628005981445,4.9382710456848145,0,0,2006
83,13,811d13,Ben Tre,Mekong River Delta,1,0,0,2.594508171081543,4.8619465827941895,0,0,2006
83,13,811d13,Ben Tre,Mekong River Delta,1,0,0,2.3437271118164062,5.002283096313477,0,0,2006
83,13,811d13,Ben Tre,Mekong River Delta,1,0,0,2.34946870803833,5.003613471984863,0,0,2006
83,13,811d13,Ben Tre,Mekong River Delta,1,0,1,3.413125991821289,4.701198577880859,0,0,2006
83,15,811d15,Ben Tre,Mekong River Delta,1,0,0,2.946016788482666,4.285993576049805,0,0,2006
83,15,811d15,Ben Tre,Mekong River Delta,0,0,0,2.5907671451568604,4.380901336669922,0,0,2006
83,15,811d15,Ben Tre,Mekong River Delta,1,0,0,2.6224923133850098,4.890125274658203,0,0,2006
83,15,811d15,Ben Tre,Mekong River Delta,0,0,0,2.933856725692749,4.65091609954834,0,0,2006
91,3,813d3,Kien Giang,Mekong River Delta,1,0,0,3.3945083618164062,3.9153730869293213,0,0,2006
91,4,813d4,Kien Giang,Mekong River Delta,1,0,0,4.796616554260254,2.7061216831207275,0,0,2006
91,4,813d4,Kien Giang,Mekong River Delta,0,0,0,1.686398983001709,4.171534061431885,0,0,2006
91,5,813d5,Kien Giang,Mekong River Delta,1,0,0,4.114473819732666,3.705162286758423,0,1,2006
91,5,813d5,Kien Giang,Mekong River Delta,0,0,0,5.0431671142578125,2.737136125564575,0,1,2006
91,5,813d5,Kien Giang,Mekong River Delta,1,0,0,3.6128079891204834,4.570589542388916,0,1,2006
91,5,813d5,Kien Giang,Mekong River Delta,0,0,0,5.212977409362793,2.5847246646881104,0,1,2006
91,5,813d5,Kien Giang,Mekong River Delta,1,0,0,4.486499309539795,3.6157844066619873,0,1,2006
91,7,813d7,Kien Giang,Mekong River Delta,1,0,0,3.4563167095184326,4.4644927978515625,0,1,2006
91,7,813d7,Kien Giang,Mekong River Delta,1,0,0,4.233961582183838,3.9555604457855225,0,1,2006
91,7,813d7,Kien Giang,Mekong River Delta,1,0,0,3.522825002670288,3.849921464920044,0,1,2006
91,7,813d7,Kien Giang,Mekong River Delta,1,0,0,3.8295106887817383,4.387388229370117,0,1,2006
91,9,813d9,Kien Giang,Mekong River Delta,0,0,0,3.565298318862915,4.0757856369018555,0,1,2006
91,9,813d9,Kien Giang,Mekong River Delta,0,0,0,3.5127387046813965,4.446187496185303,0,1,2006
91,9,813d9,Kien Giang,Mekong River Delta,1,0,0,3.857144355773926,4.3379130363464355,0,1,2006
91,9,813d9,Kien Giang,Mekong River Delta,0,0,0,3.5835189819335938,4.49423885345459,0,1,2006
91,11,813d11,Kien Giang,Mekong River Delta,1,0,0,3.78236985206604,4.159636974334717,0,1,2006
91,11,813d11,Kien Giang,Mekong River Delta,0,0,0,3.6098363399505615,3.761653184890747,0,1,2006
91,11,813d11,Kien Giang,Mekong River Delta,1,0,0,3.790081262588501,4.17233419418335,0,1,2006
91,11,813d11,Kien Giang,Mekong River Delta,1,0,0,3.8282065391540527,4.169792652130127,0,1,2006
91,11,813d11,Kien Giang,Mekong River Delta,1,0,0,3.528123617172241,4.246311664581299,0,1,2006
91,11,813d11,Kien Giang,Mekong River Delta,1,0,0,3.778491497039795,4.275395393371582,0,1,2006
91,13,813d13,Kien Giang,Mekong River Delta,0,0,0,3.8736977577209473,4.286820411682129,0,1,2006
91,13,813d13,Kien Giang,Mekong River Delta,1,0,0,3.458207607269287,4.0571370124816895,0,1,2006
91,13,813d13,Kien Giang,Mekong River Delta,0,0,0,3.9512436389923096,4.166367053985596,0,1,2006
91,13,813d13,Kien Giang,Mekong River Delta,0,0,0,3.8674440383911133,4.138590335845947,0,1,2006
91,13,813d13,Kien Giang,Mekong River Delta,0,0,0,3.636796474456787,4.290888786315918,0,1,2006
91,15,813d15,Kien Giang,Mekong River Delta,0,0,0,3.7541990280151367,3.514721155166626,0,1,2006
91,15,813d15,Kien Giang,Mekong River Delta,1,0,0,4.018542766571045,3.9497766494750977,0,1,2006
91,15,813d15,Kien Giang,Mekong River Delta,0,0,0,3.3534066677093506,4.3387064933776855,0,1,2006
91,15,813d15,Kien Giang,Mekong River Delta,0,0,0,3.9592881202697754,4.054717063903809,0,1,2006
91,17,813d17,Kien Giang,Mekong River Delta,1,0,0,4.412313461303711,3.7390201091766357,0,1,2006
91,17,813d17,Kien Giang,Mekong River Delta,1,0,0,4.584967613220215,3.7381553649902344,0,1,2006
91,17,813d17,Kien Giang,Mekong River Delta,0,0,0,3.68009090423584,3.9157989025115967,0,1,2006
91,19,813d19,Kien Giang,Mekong River Delta,1,0,0,3.765145778656006,3.944611072540283,0,1,2006
91,19,813d19,Kien Giang,Mekong River Delta,1,0,0,4.350277900695801,3.7771265506744385,0,1,2006
91,19,813d19,Kien Giang,Mekong River Delta,0,0,0,3.924544334411621,3.923218250274658,0,1,2006
91,19,813d19,Kien Giang,Mekong River Delta,1,0,0,3.398527145385742,4.10421085357666,0,1,2006
91,21,813d21,Kien Giang,Mekong River Delta,1,0,0,4.040240287780762,2.626716375350952,0,1,2006
92,23,815d23,Can Tho,Mekong River Delta,1,0,0,2.6270570755004883,5.061856269836426,1,0,2006
92,23,815d23,Can Tho,Mekong River Delta,0,0,0,2.6601197719573975,5.737614154815674,1,0,2006
92,23,815d23,Can Tho,Mekong River Delta,1,1,1,3.364187479019165,5.399865627288818,1,0,2006
92,23,815d23,Can Tho,Mekong River Delta,0,0,0,3.3504652976989746,5.321678161621094,1,0,2006
92,23,815d23,Can Tho,Mekong River Delta,1,0,0,3.4843122959136963,5.191934108734131,1,0,2006
92,25,815d25,Can Tho,Mekong River Delta,0,0,0,4.209011554718018,3.8362560272216797,1,0,2006
92,25,815d25,Can Tho,Mekong River Delta,1,0,0,3.22763729095459,4.285526275634766,1,0,2006
92,25,815d25,Can Tho,Mekong River Delta,0,0,1,3.622739553451538,4.045353889465332,1,0,2006
92,25,815d25,Can Tho,Mekong River Delta,0,0,0,3.336125373840332,4.916059970855713,1,0,2006
92,25,815d25,Can Tho,Mekong River Delta,0,0,1,3.7117412090301514,4.784841060638428,1,0,2006
92,27,815d27,Can Tho,Mekong River Delta,1,0,0,3.519868850708008,4.654833793640137,1,0,2006
92,27,815d27,Can Tho,Mekong River Delta,0,0,0,3.4480810165405273,4.341373443603516,1,0,2006
92,27,815d27,Can Tho,Mekong River Delta,0,0,0,5.478720188140869,2.2838757038116455,1,0,2006
92,27,815d27,Can Tho,Mekong River Delta,0,0,0,5.876194000244141,2.313883066177368,1,0,2006
92,29,815d29,Can Tho,Mekong River Delta,0,0,0,2.9997243881225586,4.991191387176514,1,0,2006
92,29,815d29,Can Tho,Mekong River Delta,0,0,1,2.8633430004119873,5.117706775665283,1,0,2006
92,29,815d29,Can Tho,Mekong River Delta,1,0,0,3.0339910984039307,5.066777229309082,1,0,2006
92,29,815d29,Can Tho,Mekong River Delta,1,1,1,3.1411304473876953,5.411236763000488,1,0,2006
93,1,816d1,Hau Giang,Mekong River Delta,1,0,0,2.8558952808380127,4.351223468780518,0,0,2006
93,3,816d3,Hau Giang,Mekong River Delta,0,0,1,3.2634665966033936,5.213737487792969,0,0,2006
93,3,816d3,Hau Giang,Mekong River Delta,0,0,0,3.2999026775360107,4.5225419998168945,0,0,2006
93,3,816d3,Hau Giang,Mekong River Delta,0,0,0,3.295836925506592,5.084619998931885,0,0,2006
93,5,816d5,Hau Giang,Mekong River Delta,0,0,0,3.1170644760131836,4.4528632164001465,0,0,2006
93,5,816d5,Hau Giang,Mekong River Delta,0,0,0,1.0919233560562134,7.2866973876953125,0,0,2006
93,5,816d5,Hau Giang,Mekong River Delta,1,0,0,2.332144021987915,5.209539413452148,0,0,2006
93,5,816d5,Hau Giang,Mekong River Delta,1,0,0,2.0528409481048584,4.5305681228637695,0,0,2006
93,7,816d7,Hau Giang,Mekong River Delta,1,0,1,3.3693625926971436,4.190717697143555,0,0,2006
93,7,816d7,Hau Giang,Mekong River Delta,1,0,0,3.909820556640625,4.2039055824279785,0,0,2006
93,7,816d7,Hau Giang,Mekong River Delta,0,0,0,3.644143581390381,4.680677890777588,0,0,2006
93,7,816d7,Hau Giang,Mekong River Delta,0,0,0,3.9092190265655518,4.372251510620117,0,0,2006
93,7,816d7,Hau Giang,Mekong River Delta,0,0,0,3.9954445362091064,4.181509494781494,0,0,2006
93,7,816d7,Hau Giang,Mekong River Delta,0,0,0,3.2088255882263184,4.97037410736084,0,0,2006
93,7,816d7,Hau Giang,Mekong River Delta,1,0,0,2.7020320892333984,4.601810932159424,0,0,2006
93,9,816d9,Hau Giang,Mekong River Delta,1,0,0,2.9199306964874268,4.594869136810303,0,0,2006
93,9,816d9,Hau Giang,Mekong River Delta,1,0,0,3.465735912322998,4.363496780395508,0,0,2006
93,9,816d9,Hau Giang,Mekong River Delta,0,0,0,3.339322090148926,4.27548360824585,0,0,2006
93,9,816d9,Hau Giang,Mekong River Delta,0,0,0,3.0106208324432373,4.576689720153809,0,0,2006
93,9,816d9,Hau Giang,Mekong River Delta,1,0,0,3.1328821182250977,4.373159885406494,0,0,2006
93,9,816d9,Hau Giang,Mekong River Delta,1,0,0,3.0638580322265625,4.4277873039245605,0,0,2006
93,11,816d11,Hau Giang,Mekong River Delta,1,0,0,3.841385841369629,4.292494773864746,0,0,2006
93,11,816d11,Hau Giang,Mekong River Delta,1,0,0,4.021235942840576,4.499948978424072,0,0,2006
93,11,816d11,Hau Giang,Mekong River Delta,1,0,0,3.9261231422424316,4.420044422149658,0,0,2006
93,11,816d11,Hau Giang,Mekong River Delta,0,0,0,4.206183910369873,4.114507675170898,0,0,2006
93,11,816d11,Hau Giang,Mekong River Delta,0,0,0,4.068342685699463,4.171250820159912,0,0,2006
93,11,816d11,Hau Giang,Mekong River Delta,1,0,0,3.579622507095337,4.635924816131592,0,0,2006
84,3,817d3,Tra Vinh,Mekong River Delta,0,0,0,3.1372318267822266,4.797281742095947,0,0,2006
84,3,817d3,Tra Vinh,Mekong River Delta,0,0,0,2.4790563583374023,4.858531475067139,0,0,2006
84,3,817d3,Tra Vinh,Mekong River Delta,0,0,0,3.3268330097198486,4.780887126922607,0,0,2006
84,3,817d3,Tra Vinh,Mekong River Delta,1,0,0,3.3568971157073975,4.6468000411987305,0,0,2006
84,3,817d3,Tra Vinh,Mekong River Delta,0,0,0,3.045949935913086,4.515171527862549,0,0,2006
84,3,817d3,Tra Vinh,Mekong River Delta,1,0,0,3.1095073223114014,4.667447090148926,0,0,2006
84,5,817d5,Tra Vinh,Mekong River Delta,0,0,0,3.016514778137207,4.454278945922852,0,0,2006
84,5,817d5,Tra Vinh,Mekong River Delta,0,0,0,3.269568920135498,4.526077747344971,0,0,2006
84,5,817d5,Tra Vinh,Mekong River Delta,1,0,0,3.1223649978637695,4.738591194152832,0,0,2006
84,5,817d5,Tra Vinh,Mekong River Delta,0,0,0,3.5865697860717773,4.311098098754883,0,0,2006
84,5,817d5,Tra Vinh,Mekong River Delta,1,0,0,3.56925106048584,4.265141010284424,0,0,2006
84,5,817d5,Tra Vinh,Mekong River Delta,0,0,0,3.1488823890686035,4.475248336791992,0,0,2006
84,7,817d7,Tra Vinh,Mekong River Delta,1,0,0,3.2542428970336914,4.778441905975342,0,0,2006
84,7,817d7,Tra Vinh,Mekong River Delta,1,0,0,3.306520462036133,4.605170249938965,0,0,2006
84,7,817d7,Tra Vinh,Mekong River Delta,0,0,0,3.3707382678985596,4.451706409454346,0,0,2006
84,7,817d7,Tra Vinh,Mekong River Delta,1,0,0,3.4141135215759277,4.481322288513184,0,0,2006
84,7,817d7,Tra Vinh,Mekong River Delta,0,0,0,3.086486577987671,4.664558410644531,0,0,2006
84,9,817d9,Tra Vinh,Mekong River Delta,1,0,0,3.451256513595581,4.52499532699585,0,0,2006
84,9,817d9,Tra Vinh,Mekong River Delta,0,0,0,2.9625890254974365,4.561972141265869,0,0,2006
84,9,817d9,Tra Vinh,Mekong River Delta,0,0,0,3.2891478538513184,4.407064914703369,0,0,2006
84,9,817d9,Tra Vinh,Mekong River Delta,1,0,0,3.451256513595581,4.340266227722168,0,0,2006
84,11,817d11,Tra Vinh,Mekong River Delta,1,0,0,2.8355636596679688,4.7547831535339355,0,0,2006
84,11,817d11,Tra Vinh,Mekong River Delta,1,0,0,3.146649122238159,4.359393119812012,0,0,2006
84,11,817d11,Tra Vinh,Mekong River Delta,0,0,0,3.1000924110412598,4.531824111938477,0,0,2006
84,11,817d11,Tra Vinh,Mekong River Delta,1,0,0,3.431079864501953,4.3784613609313965,0,0,2006
84,11,817d11,Tra Vinh,Mekong River Delta,1,0,0,3.0982887744903564,4.52632999420166,0,0,2006
84,13,817d13,Tra Vinh,Mekong River Delta,1,0,0,3.1514532566070557,4.477064609527588,0,0,2006
84,13,817d13,Tra Vinh,Mekong River Delta,1,0,0,3.443618059158325,4.404144287109375,0,0,2006
84,13,817d13,Tra Vinh,Mekong River Delta,1,0,0,3.104586601257324,4.465341091156006,0,0,2006
84,13,817d13,Tra Vinh,Mekong River Delta,1,0,0,3.2188758850097656,4.583333492279053,0,0,2006
84,13,817d13,Tra Vinh,Mekong River Delta,1,0,0,2.525728702545166,5.165014266967773,0,0,2006
84,13,817d13,Tra Vinh,Mekong River Delta,1,0,0,3.465735912322998,4.714865207672119,0,0,2006
84,15,817d15,Tra Vinh,Mekong River Delta,0,0,0,3.7218306064605713,3.689725875854492,0,0,2006
84,15,817d15,Tra Vinh,Mekong River Delta,1,0,0,3.7653775215148926,3.594090223312378,0,0,2006
84,15,817d15,Tra Vinh,Mekong River Delta,1,0,0,3.4210000038146973,4.662019729614258,0,0,2006
84,15,817d15,Tra Vinh,Mekong River Delta,1,0,0,3.6098363399505615,4.295974254608154,0,0,2006
84,15,817d15,Tra Vinh,Mekong River Delta,1,0,0,3.151880979537964,3.5439181327819824,0,0,2006
94,3,819d3,Soc Trang,Mekong River Delta,0,0,0,3.6545467376708984,4.717620849609375,0,0,2006
94,3,819d3,Soc Trang,Mekong River Delta,0,0,0,3.332204580307007,4.5406317710876465,0,0,2006
94,3,819d3,Soc Trang,Mekong River Delta,0,0,0,2.8332133293151855,4.390082359313965,0,0,2006
94,3,819d3,Soc Trang,Mekong River Delta,0,0,0,3.465735912322998,4.447784900665283,0,0,2006
94,3,819d3,Soc Trang,Mekong River Delta,0,0,0,3.2733640670776367,4.462943077087402,0,0,2006
94,3,819d3,Soc Trang,Mekong River Delta,0,0,0,3.0540013313293457,4.3380303382873535,0,0,2006
94,5,819d5,Soc Trang,Mekong River Delta,1,0,0,3.160822868347168,4.3111090660095215,0,0,2006
94,5,819d5,Soc Trang,Mekong River Delta,0,0,0,3.570096015930176,4.33534574508667,0,0,2006
94,5,819d5,Soc Trang,Mekong River Delta,0,0,0,3.9398326873779297,4.106396198272705,0,0,2006
94,5,819d5,Soc Trang,Mekong River Delta,0,0,0,3.0478501319885254,4.355210781097412,0,0,2006
94,5,819d5,Soc Trang,Mekong River Delta,0,0,0,3.3881120681762695,4.221254348754883,0,0,2006
94,5,819d5,Soc Trang,Mekong River Delta,1,0,0,4.003690242767334,4.512102127075195,0,0,2006
94,5,819d5,Soc Trang,Mekong River Delta,0,0,0,4.163093090057373,3.0290892124176025,0,0,2006
94,5,819d5,Soc Trang,Mekong River Delta,0,0,0,2.7453460693359375,4.481590270996094,0,0,2006
94,5,819d5,Soc Trang,Mekong River Delta,1,0,0,3.892636299133301,4.434847831726074,0,0,2006
94,7,819d7,Soc Trang,Mekong River Delta,1,0,0,3.6433589458465576,4.233658790588379,0,0,2006
94,7,819d7,Soc Trang,Mekong River Delta,0,0,0,4.576256275177002,3.664656400680542,0,0,2006
94,7,819d7,Soc Trang,Mekong River Delta,1,0,0,3.86283278465271,3.885195732116699,0,0,2006
94,7,819d7,Soc Trang,Mekong River Delta,1,0,0,3.2884018421173096,4.478862285614014,0,0,2006
94,7,819d7,Soc Trang,Mekong River Delta,1,0,0,3.7169809341430664,4.498025417327881,0,0,2006
94,7,819d7,Soc Trang,Mekong River Delta,1,0,0,3.2809112071990967,4.74949836730957,0,0,2006
94,7,819d7,Soc Trang,Mekong River Delta,0,0,0,3.8958935737609863,4.194201946258545,0,0,2006
94,9,819d9,Soc Trang,Mekong River Delta,0,0,0,3.4613513946533203,4.097686767578125,0,0,2006
94,9,819d9,Soc Trang,Mekong River Delta,0,0,0,3.7135720252990723,4.363564491271973,0,0,2006
94,9,819d9,Soc Trang,Mekong River Delta,1,0,0,3.940416097640991,4.5240092277526855,0,0,2006
94,9,819d9,Soc Trang,Mekong River Delta,1,0,0,3.866816520690918,4.4934892654418945,0,0,2006
94,9,819d9,Soc Trang,Mekong River Delta,0,0,0,3.2630839347839355,3.8749890327453613,0,0,2006
94,9,819d9,Soc Trang,Mekong River Delta,1,0,0,3.256171703338623,4.778459548950195,0,0,2006
94,11,819d11,Soc Trang,Mekong River Delta,0,0,0,3.434309720993042,4.324877738952637,0,0,2006
94,11,819d11,Soc Trang,Mekong River Delta,1,0,0,3.559852123260498,4.018804550170898,0,0,2006
94,11,819d11,Soc Trang,Mekong River Delta,1,0,1,3.8891637325286865,4.297300815582275,0,0,2006
94,11,819d11,Soc Trang,Mekong River Delta,0,0,0,3.8013148307800293,4.426060676574707,0,0,2006
94,11,819d11,Soc Trang,Mekong River Delta,1,0,0,3.741708993911743,3.933372735977173,0,0,2006
94,13,819d13,Soc Trang,Mekong River Delta,0,0,0,3.6810991764068604,3.7225711345672607,0,0,2006
94,13,819d13,Soc Trang,Mekong River Delta,0,0,0,3.826247215270996,3.7771520614624023,0,0,2006
94,13,819d13,Soc Trang,Mekong River Delta,1,1,1,4.526668071746826,3.7276008129119873,0,0,2006
94,13,819d13,Soc Trang,Mekong River Delta,0,0,1,3.93554425239563,4.459029197692871,0,0,2006
94,13,819d13,Soc Trang,Mekong River Delta,0,0,0,4.074481964111328,4.230754852294922,0,0,2006
95,1,821d1,Bac Lieu,Mekong River Delta,0,0,0,3.8712010383605957,3.960416316986084,0,0,2006
95,3,821d3,Bac Lieu,Mekong River Delta,1,1,0,3.865769624710083,4.3027167320251465,0,0,2006
95,3,821d3,Bac Lieu,Mekong River Delta,1,1,1,4.036715507507324,3.669447422027588,0,0,2006
95,3,821d3,Bac Lieu,Mekong River Delta,1,0,0,3.8712010383605957,4.142142295837402,0,0,2006
95,3,821d3,Bac Lieu,Mekong River Delta,0,0,0,3.6594505310058594,4.251140117645264,0,0,2006
95,3,821d3,Bac Lieu,Mekong River Delta,1,0,0,3.526360511779785,4.463539123535156,0,0,2006
95,4,821d4,Bac Lieu,Mekong River Delta,0,0,0,4.976733684539795,3.2219057083129883,0,0,2006
95,4,821d4,Bac Lieu,Mekong River Delta,0,0,0,3.4094960689544678,4.364519119262695,0,0,2006
95,4,821d4,Bac Lieu,Mekong River Delta,0,1,0,3.883417844772339,3.874915838241577,0,0,2006
95,4,821d4,Bac Lieu,Mekong River Delta,0,0,0,4.025351524353027,4.193705081939697,0,0,2006
95,5,821d5,Bac Lieu,Mekong River Delta,1,0,0,3.4965076446533203,4.251089096069336,0,0,2006
95,5,821d5,Bac Lieu,Mekong River Delta,0,0,0,4.143134593963623,3.455765724182129,0,0,2006
95,5,821d5,Bac Lieu,Mekong River Delta,1,0,0,3.295836925506592,4.428609848022461,0,0,2006
95,5,821d5,Bac Lieu,Mekong River Delta,0,0,0,4.553876876831055,3.1828668117523193,0,0,2006
95,5,821d5,Bac Lieu,Mekong River Delta,0,0,0,3.6635615825653076,4.232618808746338,0,0,2006
95,5,821d5,Bac Lieu,Mekong River Delta,1,0,0,3.891820192337036,4.074766635894775,0,0,2006
95,5,821d5,Bac Lieu,Mekong River Delta,1,0,0,3.6375861167907715,4.391194820404053,0,0,2006
95,5,821d5,Bac Lieu,Mekong River Delta,1,0,0,3.1354942321777344,4.44673490524292,0,0,2006
95,5,821d5,Bac Lieu,Mekong River Delta,0,0,0,3.9512436389923096,4.100734233856201,0,0,2006
95,7,821d7,Bac Lieu,Mekong River Delta,1,0,0,4.094344615936279,4.368814468383789,0,0,2006
95,7,821d7,Bac Lieu,Mekong River Delta,0,0,0,3.90560245513916,3.8333213329315186,0,0,2006
95,7,821d7,Bac Lieu,Mekong River Delta,0,0,0,4.025351524353027,3.861481189727783,0,0,2006
95,7,821d7,Bac Lieu,Mekong River Delta,1,0,0,3.4339871406555176,4.614481449127197,0,0,2006
95,9,821d9,Bac Lieu,Mekong River Delta,0,0,0,4.709530353546143,3.465735912322998,0,0,2006
95,9,821d9,Bac Lieu,Mekong River Delta,0,0,0,4.6151204109191895,3.831864833831787,0,0,2006
95,9,821d9,Bac Lieu,Mekong River Delta,1,0,0,4.060442924499512,3.6604621410369873,0,0,2006
95,9,821d9,Bac Lieu,Mekong River Delta,1,0,0,4.477336883544922,3.9022021293640137,0,0,2006
95,9,821d9,Bac Lieu,Mekong River Delta,1,0,0,4.454347133636475,3.6482391357421875,0,0,2006
96,1,823d1,Ca Mau,Mekong River Delta,0,0,0,3.1936399936676025,4.293533802032471,0,0,2006
96,1,823d1,Ca Mau,Mekong River Delta,1,0,0,4.028738975524902,4.086184024810791,0,0,2006
96,1,823d1,Ca Mau,Mekong River Delta,1,0,0,1.6154199838638306,5.947780609130859,0,0,2006
96,1,823d1,Ca Mau,Mekong River Delta,1,0,0,3.557631254196167,4.3261919021606445,0,0,2006
96,3,823d3,Ca Mau,Mekong River Delta,0,0,0,4.557973861694336,3.700448751449585,0,0,2006
96,3,823d3,Ca Mau,Mekong River Delta,0,0,0,4.616011142730713,3.561504602432251,0,0,2006
96,3,823d3,Ca Mau,Mekong River Delta,0,0,0,3.5624654293060303,3.6945371627807617,0,0,2006
96,3,823d3,Ca Mau,Mekong River Delta,0,0,0,3.7362399101257324,3.4261574745178223,0,0,2006
96,3,823d3,Ca Mau,Mekong River Delta,0,0,0,3.318902015686035,4.380487442016602,0,0,2006
96,5,823d5,Ca Mau,Mekong River Delta,0,0,0,4.812021732330322,3.2847957611083984,0,0,2006
96,5,823d5,Ca Mau,Mekong River Delta,0,0,0,5.461239337921143,2.472198963165283,0,0,2006
96,5,823d5,Ca Mau,Mekong River Delta,1,0,0,3.4883224964141846,4.093906402587891,0,0,2006
96,7,823d7,Ca Mau,Mekong River Delta,0,0,0,4.1832709312438965,3.774606704711914,0,0,2006
96,7,823d7,Ca Mau,Mekong River Delta,0,0,0,4.218477725982666,4.027956008911133,0,0,2006
96,7,823d7,Ca Mau,Mekong River Delta,0,0,0,4.575741291046143,3.544252395629883,0,0,2006
96,7,823d7,Ca Mau,Mekong River Delta,0,0,0,4.764564037322998,3.2016754150390625,0,0,2006
96,7,823d7,Ca Mau,Mekong River Delta,0,0,0,3.547891855239868,4.242804050445557,0,0,2006
96,9,823d9,Ca Mau,Mekong River Delta,0,0,0,3.544691562652588,3.9975218772888184,0,0,2006
96,9,823d9,Ca Mau,Mekong River Delta,0,0,0,4.018758773803711,4.035764217376709,0,0,2006
96,9,823d9,Ca Mau,Mekong River Delta,0,0,0,3.717102527618408,3.9201319217681885,0,0,2006
96,9,823d9,Ca Mau,Mekong River Delta,1,0,0,3.7727839946746826,4.31485652923584,0,0,2006
96,9,823d9,Ca Mau,Mekong River Delta,0,0,0,3.6433589458465576,3.8073017597198486,0,0,2006
96,9,823d9,Ca Mau,Mekong River Delta,0,0,0,3.707946538925171,4.099156856536865,0,0,2006
96,9,823d9,Ca Mau,Mekong River Delta,0,0,0,4.026797294616699,4.163557529449463,0,0,2006
96,9,823d9,Ca Mau,Mekong River Delta,0,0,0,3.4375293254852295,4.529057502746582,0,0,2006
96,11,823d11,Ca Mau,Mekong River Delta,0,0,0,3.7179527282714844,3.9571292400360107,0,0,2006
96,11,823d11,Ca Mau,Mekong River Delta,0,0,0,4.76483678817749,3.190938711166382,0,0,2006
96,11,823d11,Ca Mau,Mekong River Delta,0,0,0,4.151244640350342,3.71355938911438,0,0,2006
96,11,823d11,Ca Mau,Mekong River Delta,0,0,0,4.501918792724609,3.200185775756836,0,0,2006
96,11,823d11,Ca Mau,Mekong River Delta,0,0,0,3.589611530303955,4.190273761749268,0,0,2006
96,11,823d11,Ca Mau,Mekong River Delta,0,0,0,3.968592405319214,4.003873825073242,0,0,2006
96,11,823d11,Ca Mau,Mekong River Delta,0,0,0,3.632044553756714,4.012396335601807,0,0,2006
96,13,823d13,Ca Mau,Mekong River Delta,0,0,0,4.926238536834717,3.0403480529785156,0,0,2006
96,13,823d13,Ca Mau,Mekong River Delta,0,0,0,4.571933746337891,2.5541532039642334,0,0,2006
96,13,823d13,Ca Mau,Mekong River Delta,0,0,0,4.620059013366699,2.8141987323760986,0,0,2006
96,13,823d13,Ca Mau,Mekong River Delta,0,0,0,4.632396221160889,3.1884446144104004,0,0,2006
1,15,101d15,Ha Noi,Red River Delta,1,0,0,2.6195831298828125,5.58289909362793,1,0,2008
1,15,101d15,Ha Noi,Red River Delta,1,0,0,2.178154945373535,5.780072212219238,1,0,2008
1,15,101d15,Ha Noi,Red River Delta,1,0,0,3.0130808353424072,4.804141998291016,1,0,2008
1,15,101d15,Ha Noi,Red River Delta,1,0,0,2.6210389137268066,5.636087417602539,1,0,2008
1,15,101d15,Ha Noi,Red River Delta,1,0,0,2.1479177474975586,5.515020370483398,1,0,2008
1,15,101d15,Ha Noi,Red River Delta,1,0,0,2.197002410888672,5.5523200035095215,1,0,2008
1,17,101d17,Ha Noi,Red River Delta,1,0,1,1.997417688369751,6.040771484375,1,0,2008
1,17,101d17,Ha Noi,Red River Delta,1,0,0,2.370243787765503,5.921051979064941,1,0,2008
1,17,101d17,Ha Noi,Red River Delta,1,0,0,2.116255521774292,6.109515190124512,1,0,2008
1,17,101d17,Ha Noi,Red River Delta,1,0,0,1.650579810142517,6.075632572174072,1,0,2008
1,17,101d17,Ha Noi,Red River Delta,1,0,0,2.1377103328704834,6.02679967880249,1,0,2008
1,17,101d17,Ha Noi,Red River Delta,1,0,0,1.7578579187393188,6.169826984405518,1,0,2008
1,17,101d17,Ha Noi,Red River Delta,1,0,0,2.1511807441711426,5.6692585945129395,1,0,2008
1,19,101d19,Ha Noi,Red River Delta,1,1,0,1.722766637802124,6.051248550415039,1,0,2008
1,19,101d19,Ha Noi,Red River Delta,1,0,0,1.5851452350616455,6.480434417724609,1,0,2008
1,21,101d21,Ha Noi,Red River Delta,1,0,1,1.0116009712219238,6.755239486694336,1,0,2008
1,21,101d21,Ha Noi,Red River Delta,1,0,0,1.788420557975769,5.7983832359313965,1,0,2008
1,23,101d23,Ha Noi,Red River Delta,1,0,1,1.07158362865448,6.510645389556885,1,0,2008
1,23,101d23,Ha Noi,Red River Delta,1,0,1,1.4109869003295898,6.495192050933838,1,0,2008
31,11,103d11,Hai Phong,Red River Delta,1,0,0,1.5260562896728516,6.080331325531006,1,1,2008
31,11,103d11,Hai Phong,Red River Delta,1,0,0,2.327277660369873,5.4348931312561035,1,1,2008
31,11,103d11,Hai Phong,Red River Delta,1,0,0,1.5496878623962402,5.82180118560791,1,1,2008
31,11,103d11,Hai Phong,Red River Delta,1,0,1,2.1282317638397217,5.534706115722656,1,1,2008
31,11,103d11,Hai Phong,Red River Delta,1,0,0,2.0014801025390625,5.731327533721924,1,1,2008
31,11,103d11,Hai Phong,Red River Delta,1,0,0,1.8562979698181152,5.564879417419434,1,1,2008
31,11,103d11,Hai Phong,Red River Delta,1,0,0,2.1517622470855713,5.61888313293457,1,1,2008
31,13,103d13,Hai Phong,Red River Delta,1,0,0,2.1160144805908203,5.719564437866211,1,1,2008
31,13,103d13,Hai Phong,Red River Delta,1,0,1,1.686398983001709,5.878357887268066,1,1,2008
31,15,103d15,Hai Phong,Red River Delta,1,0,1,2.5014359951019287,5.432361125946045,1,1,2008
31,15,103d15,Hai Phong,Red River Delta,1,0,0,1.9021074771881104,5.550874710083008,1,1,2008
31,17,103d17,Hai Phong,Red River Delta,1,0,0,2.116255521774292,5.701772212982178,1,1,2008
31,17,103d17,Hai Phong,Red River Delta,1,0,0,1.667706847190857,5.732302665710449,1,1,2008
31,17,103d17,Hai Phong,Red River Delta,1,0,0,1.3137236833572388,6.123482704162598,1,1,2008
31,19,103d19,Hai Phong,Red River Delta,0,0,0,2.267993688583374,5.526829719543457,1,1,2008
31,19,103d19,Hai Phong,Red River Delta,1,0,0,1.9878743886947632,5.476062297821045,1,1,2008
31,19,103d19,Hai Phong,Red River Delta,1,0,0,1.383791208267212,5.309532642364502,1,1,2008
31,21,103d21,Hai Phong,Red River Delta,1,0,0,1.8148247003555298,5.830094814300537,1,1,2008
31,21,103d21,Hai Phong,Red River Delta,1,0,0,6.30444860458374,1.1268508434295654,1,1,2008
31,21,103d21,Hai Phong,Red River Delta,1,0,0,1.8421356678009033,5.757265567779541,1,1,2008
31,21,103d21,Hai Phong,Red River Delta,0,0,0,6.246687889099121,0.9118260741233826,1,1,2008
31,21,103d21,Hai Phong,Red River Delta,1,0,0,1.8245493173599243,5.702706813812256,1,1,2008
26,1,104d1,Vinh Phuc,Red River Delta,1,0,0,1.9591083526611328,5.495032787322998,0,0,2008
26,2,104d2,Vinh Phuc,Red River Delta,1,0,0,2.4423470497131348,5.18617057800293,0,0,2008
26,3,104d3,Vinh Phuc,Red River Delta,1,0,0,1.9726911783218384,4.972359657287598,0,1,2008
26,3,104d3,Vinh Phuc,Red River Delta,1,0,0,2.042518138885498,5.364799499511719,0,1,2008
26,3,104d3,Vinh Phuc,Red River Delta,1,0,0,2.602689743041992,4.509637832641602,0,1,2008
26,3,104d3,Vinh Phuc,Red River Delta,1,0,0,2.2894997596740723,4.961845397949219,0,1,2008
26,3,104d3,Vinh Phuc,Red River Delta,1,0,0,2.581730842590332,4.996414661407471,0,1,2008
26,3,104d3,Vinh Phuc,Red River Delta,1,0,0,2.08815336227417,5.348464012145996,0,1,2008
26,3,104d3,Vinh Phuc,Red River Delta,1,0,0,1.6292405128479004,5.380168437957764,0,1,2008
26,3,104d3,Vinh Phuc,Red River Delta,1,0,0,1.7681496143341064,5.59259033203125,0,1,2008
26,4,104d4,Vinh Phuc,Red River Delta,1,0,0,2.2300143241882324,4.923819541931152,0,1,2008
26,4,104d4,Vinh Phuc,Red River Delta,0,1,0,2.314711332321167,5.305994033813477,0,1,2008
26,5,104d5,Vinh Phuc,Red River Delta,1,0,0,1.801709771156311,5.653588771820068,0,1,2008
26,5,104d5,Vinh Phuc,Red River Delta,0,0,0,1.9919755458831787,5.355968475341797,0,1,2008
26,5,104d5,Vinh Phuc,Red River Delta,1,0,0,2.0028305053710938,5.334757328033447,0,1,2008
26,5,104d5,Vinh Phuc,Red River Delta,0,0,0,1.8855533599853516,5.450080394744873,0,1,2008
26,6,104d6,Vinh Phuc,Red River Delta,1,0,0,2.4697930812835693,5.40266227722168,0,1,2008
26,6,104d6,Vinh Phuc,Red River Delta,1,0,0,2.2512917518615723,5.564722061157227,0,1,2008
26,6,104d6,Vinh Phuc,Red River Delta,1,0,0,3.8018956184387207,3.480865478515625,0,1,2008
26,7,104d7,Vinh Phuc,Red River Delta,1,0,0,2.3025851249694824,5.370637893676758,0,1,2008
26,7,104d7,Vinh Phuc,Red River Delta,1,0,0,1.0888985395431519,6.269932270050049,0,1,2008
26,7,104d7,Vinh Phuc,Red River Delta,1,0,0,2.003774642944336,5.985785961151123,0,1,2008
26,7,104d7,Vinh Phuc,Red River Delta,1,0,0,2.2586331367492676,5.425230979919434,0,1,2008
26,7,104d7,Vinh Phuc,Red River Delta,1,0,0,1.5168839693069458,5.825247764587402,0,1,2008
26,7,104d7,Vinh Phuc,Red River Delta,1,0,0,1.604425311088562,5.799853801727295,0,1,2008
26,9,104d9,Vinh Phuc,Red River Delta,1,0,0,1.266947627067566,5.967950820922852,0,1,2008
26,9,104d9,Vinh Phuc,Red River Delta,0,0,0,2.140066146850586,5.455321311950684,0,1,2008
26,9,104d9,Vinh Phuc,Red River Delta,1,0,0,1.9726911783218384,5.696804046630859,0,1,2008
26,9,104d9,Vinh Phuc,Red River Delta,1,0,0,2.033397674560547,5.721084117889404,0,1,2008
26,9,104d9,Vinh Phuc,Red River Delta,1,0,0,2.212660312652588,5.803987503051758,0,1,2008
26,9,104d9,Vinh Phuc,Red River Delta,1,0,0,1.6614609956741333,5.940441131591797,0,1,2008
26,11,104d11,Vinh Phuc,Red River Delta,1,1,0,2.530517101287842,5.578707695007324,0,0,2008
26,11,104d11,Vinh Phuc,Red River Delta,1,0,0,2.6217658519744873,5.672783851623535,0,0,2008
26,11,104d11,Vinh Phuc,Red River Delta,1,0,0,1.1410330533981323,5.829697132110596,0,0,2008
26,11,104d11,Vinh Phuc,Red River Delta,1,0,0,2.0451087951660156,5.81815767288208,0,0,2008
1,1,105d1,Ha Noi,Red River Delta,1,0,0,4.113656997680664,4.256195545196533,0,0,2008
1,1,105d1,Ha Noi,Red River Delta,1,0,0,1.479329228401184,6.599359035491943,0,0,2008
1,1,105d1,Ha Noi,Red River Delta,1,0,0,0.9932518005371094,6.2358622550964355,0,0,2008
1,3,105d3,Ha Noi,Red River Delta,0,0,0,2.28340220451355,5.662507057189941,0,0,2008
1,3,105d3,Ha Noi,Red River Delta,1,0,0,2.6837575435638428,4.524842739105225,0,0,2008
1,5,105d5,Ha Noi,Red River Delta,1,0,0,1.2993738651275635,6.171419620513916,0,0,2008
1,5,105d5,Ha Noi,Red River Delta,1,0,0,2.29394793510437,5.411314487457275,0,0,2008
1,5,105d5,Ha Noi,Red River Delta,1,0,0,3.281662940979004,4.576977729797363,0,0,2008
1,5,105d5,Ha Noi,Red River Delta,1,0,0,3.062455892562866,5.125955581665039,0,0,2008
1,5,105d5,Ha Noi,Red River Delta,1,0,0,2.51446533203125,4.700774669647217,0,0,2008
1,5,105d5,Ha Noi,Red River Delta,1,0,0,1.2837077379226685,5.727506160736084,0,0,2008
1,5,105d5,Ha Noi,Red River Delta,1,0,0,4.525043964385986,2.6225149631500244,0,0,2008
1,7,105d7,Ha Noi,Red River Delta,1,0,0,1.597365379333496,5.636090278625488,0,0,2008
1,7,105d7,Ha Noi,Red River Delta,1,0,0,1.818076729774475,6.218173027038574,0,0,2008
1,7,105d7,Ha Noi,Red River Delta,1,0,0,1.8205089569091797,5.697555065155029,0,0,2008
1,7,105d7,Ha Noi,Red River Delta,1,0,0,1.8976198434829712,5.701781272888184,0,0,2008
1,9,105d9,Ha Noi,Red River Delta,1,0,0,1.2612978219985962,6.2972187995910645,0,0,2008
1,9,105d9,Ha Noi,Red River Delta,1,0,0,1.7119945287704468,6.522835731506348,0,0,2008
1,9,105d9,Ha Noi,Red River Delta,1,0,0,0.8671005368232727,6.4501118659973145,0,0,2008
1,9,105d9,Ha Noi,Red River Delta,1,0,0,1.425515055656433,5.993865489959717,0,0,2008
1,11,105d11,Ha Noi,Red River Delta,1,0,0,1.5496878623962402,6.0522141456604,0,0,2008
1,11,105d11,Ha Noi,Red River Delta,1,0,0,1.1718627214431763,6.138687610626221,0,0,2008
1,11,105d11,Ha Noi,Red River Delta,0,0,0,2.057962417602539,5.523247241973877,0,0,2008
1,11,105d11,Ha Noi,Red River Delta,1,0,0,1.1442228555679321,6.072486400604248,0,0,2008
1,13,105d13,Ha Noi,Red River Delta,1,0,0,1.3217558860778809,6.279646396636963,0,0,2008
1,13,105d13,Ha Noi,Red River Delta,1,0,0,1.931086540222168,6.120573043823242,0,0,2008
1,13,105d13,Ha Noi,Red River Delta,1,0,0,1.4100109338760376,6.629791259765625,0,0,2008
1,13,105d13,Ha Noi,Red River Delta,1,0,0,1.4906543493270874,6.2909016609191895,0,0,2008
1,13,105d13,Ha Noi,Red River Delta,1,1,0,1.4134230613708496,6.562485218048096,0,0,2008
1,13,105d13,Ha Noi,Red River Delta,1,0,0,1.1817271709442139,6.348752975463867,0,0,2008
1,15,105d15,Ha Noi,Red River Delta,1,0,0,1.4632554054260254,5.971592426300049,0,0,2008
1,15,105d15,Ha Noi,Red River Delta,0,0,0,1.342864751815796,5.80548095703125,0,0,2008
1,15,105d15,Ha Noi,Red River Delta,1,0,0,0.6931471824645996,6.483107566833496,0,0,2008
1,17,105d17,Ha Noi,Red River Delta,1,0,0,1.50629723072052,6.016643524169922,0,0,2008
1,17,105d17,Ha Noi,Red River Delta,1,0,0,1.495148777961731,5.82073450088501,0,0,2008
1,17,105d17,Ha Noi,Red River Delta,0,0,0,1.9699056148529053,5.884863376617432,0,0,2008
1,17,105d17,Ha Noi,Red River Delta,1,0,0,2.0014801025390625,6.015827655792236,0,0,2008
1,17,105d17,Ha Noi,Red River Delta,0,0,0,2.5416018962860107,5.0184783935546875,0,0,2008
1,17,105d17,Ha Noi,Red River Delta,1,0,0,2.4773783683776855,5.595088958740234,0,0,2008
1,19,105d19,Ha Noi,Red River Delta,1,0,0,1.2725656032562256,5.913578510284424,0,0,2008
1,19,105d19,Ha Noi,Red River Delta,1,0,0,1.5706970691680908,6.701873302459717,0,0,2008
1,19,105d19,Ha Noi,Red River Delta,1,0,0,1.661081075668335,6.035131454467773,0,0,2008
1,19,105d19,Ha Noi,Red River Delta,1,0,0,1.6331543922424316,6.079289436340332,0,0,2008
1,19,105d19,Ha Noi,Red River Delta,1,1,0,2.3583035469055176,5.659003734588623,0,0,2008
1,21,105d21,Ha Noi,Red River Delta,1,0,0,1.6937791109085083,6.003796100616455,0,0,2008
1,21,105d21,Ha Noi,Red River Delta,0,0,0,0.8808708190917969,6.445594787597656,0,0,2008
1,21,105d21,Ha Noi,Red River Delta,1,0,0,1.7387102842330933,5.692589282989502,0,0,2008
1,21,105d21,Ha Noi,Red River Delta,1,0,0,1.3566080331802368,6.432018280029297,0,0,2008
1,21,105d21,Ha Noi,Red River Delta,1,0,0,1.08856201171875,6.367892742156982,0,0,2008
1,21,105d21,Ha Noi,Red River Delta,1,0,0,1.7833912372589111,5.835842132568359,0,0,2008
1,23,105d23,Ha Noi,Red River Delta,1,0,0,3.0937659740448,4.241215705871582,0,0,2008
1,23,105d23,Ha Noi,Red River Delta,1,0,0,2.1517622470855713,5.1621246337890625,0,0,2008
1,23,105d23,Ha Noi,Red River Delta,1,0,0,2.244638204574585,5.311266899108887,0,0,2008
1,23,105d23,Ha Noi,Red River Delta,1,0,0,2.067242383956909,5.675593376159668,0,0,2008
1,23,105d23,Ha Noi,Red River Delta,1,0,0,1.8589507341384888,5.589965343475342,0,0,2008
1,25,105d25,Ha Noi,Red River Delta,1,0,0,1.656321406364441,5.824106693267822,0,0,2008
1,25,105d25,Ha Noi,Red River Delta,1,0,0,2.292433738708496,5.219637393951416,0,0,2008
1,25,105d25,Ha Noi,Red River Delta,1,0,0,2.1871743202209473,5.834738731384277,0,0,2008
1,25,105d25,Ha Noi,Red River Delta,1,0,0,2.1177003383636475,5.359903812408447,0,0,2008
1,25,105d25,Ha Noi,Red River Delta,1,0,0,0.6780335307121277,6.238681316375732,0,0,2008
1,27,105d27,Ha Noi,Red River Delta,1,0,0,2.0187621116638184,5.581640243530273,0,0,2008
1,27,105d27,Ha Noi,Red River Delta,1,0,0,1.8063195943832397,5.46677303314209,0,0,2008
1,27,105d27,Ha Noi,Red River Delta,1,0,0,1.318818211555481,5.782033443450928,0,0,2008
1,27,105d27,Ha Noi,Red River Delta,1,0,0,1.2612978219985962,5.924846649169922,0,0,2008
1,27,105d27,Ha Noi,Red River Delta,1,0,0,1.7732559442520142,5.698676109313965,0,0,2008
1,27,105d27,Ha Noi,Red River Delta,1,0,0,2.215937376022339,5.512478351593018,0,0,2008
27,1,106d1,Bac Ninh,Red River Delta,1,1,1,2.073549270629883,6.166044235229492,0,0,2008
27,3,106d3,Bac Ninh,Red River Delta,1,0,0,2.1029138565063477,5.787668704986572,0,0,2008
27,3,106d3,Bac Ninh,Red River Delta,1,0,1,2.1843645572662354,5.5782318115234375,0,0,2008
27,3,106d3,Bac Ninh,Red River Delta,1,0,0,2.0502700805664062,5.656792640686035,0,0,2008
27,3,106d3,Bac Ninh,Red River Delta,1,0,0,1.8453001976013184,5.642993450164795,0,0,2008
27,3,106d3,Bac Ninh,Red River Delta,1,0,0,1.8322614431381226,5.709951877593994,0,0,2008
27,5,106d5,Bac Ninh,Red River Delta,1,0,0,1.6900957822799683,5.448770999908447,0,0,2008
27,5,106d5,Bac Ninh,Red River Delta,1,0,0,2.2565412521362305,5.571895122528076,0,0,2008
27,5,106d5,Bac Ninh,Red River Delta,1,0,0,1.9358597993850708,5.545695781707764,0,0,2008
27,5,106d5,Bac Ninh,Red River Delta,1,0,0,2.1471002101898193,5.598335266113281,0,0,2008
27,5,106d5,Bac Ninh,Red River Delta,1,0,0,2.23964524269104,5.418581962585449,0,0,2008
27,5,106d5,Bac Ninh,Red River Delta,1,0,0,1.6174061298370361,5.385659217834473,0,0,2008
27,5,106d5,Bac Ninh,Red River Delta,1,0,0,2.0399208068847656,5.151508331298828,0,0,2008
27,7,106d7,Bac Ninh,Red River Delta,1,0,0,1.9878743886947632,5.919041156768799,0,0,2008
27,7,106d7,Bac Ninh,Red River Delta,1,0,0,1.9403231143951416,5.812441825866699,0,0,2008
27,7,106d7,Bac Ninh,Red River Delta,1,0,0,1.6937791109085083,5.707452297210693,0,0,2008
27,7,106d7,Bac Ninh,Red River Delta,1,0,0,1.4929040670394897,5.86273717880249,0,0,2008
27,7,106d7,Bac Ninh,Red River Delta,1,0,0,2.0130345821380615,5.577817440032959,0,0,2008
27,7,106d7,Bac Ninh,Red River Delta,1,0,0,1.3244189023971558,6.098552227020264,0,0,2008
27,8,106d8,Bac Ninh,Red River Delta,1,0,0,1.9657127857208252,6.320052623748779,0,0,2008
27,8,106d8,Bac Ninh,Red River Delta,1,0,0,1.6046262979507446,6.444800853729248,0,0,2008
27,8,106d8,Bac Ninh,Red River Delta,1,0,0,1.7768149375915527,6.534829139709473,0,0,2008
27,8,106d8,Bac Ninh,Red River Delta,1,0,0,1.7334238290786743,6.203950881958008,0,0,2008
27,8,106d8,Bac Ninh,Red River Delta,1,0,0,1.2467448711395264,6.239307880401611,0,0,2008
27,8,106d8,Bac Ninh,Red River Delta,1,0,0,1.7186510562896729,6.3799920082092285,0,0,2008
27,9,106d9,Bac Ninh,Red River Delta,1,0,0,2.1606757640838623,5.637436866760254,0,0,2008
27,9,106d9,Bac Ninh,Red River Delta,1,0,0,2.269028425216675,5.22762393951416,0,0,2008
27,9,106d9,Bac Ninh,Red River Delta,1,0,0,2.2638442516326904,5.694033145904541,0,0,2008
27,9,106d9,Bac Ninh,Red River Delta,1,0,0,2.1517622470855713,5.464521408081055,0,0,2008
27,11,106d11,Bac Ninh,Red River Delta,1,0,0,2.203648328781128,5.482054710388184,0,0,2008
27,11,106d11,Bac Ninh,Red River Delta,1,0,0,2.3107516765594482,5.69327974319458,0,0,2008
27,11,106d11,Bac Ninh,Red River Delta,1,0,0,1.670721173286438,5.772942543029785,0,0,2008
27,12,106d12,Bac Ninh,Red River Delta,1,0,0,1.8245493173599243,5.76781702041626,0,0,2008
27,12,106d12,Bac Ninh,Red River Delta,1,0,0,1.9643112421035767,5.529562473297119,0,0,2008
27,12,106d12,Bac Ninh,Red River Delta,1,0,0,1.8245493173599243,5.704319953918457,0,0,2008
30,3,107d3,Hai Duong,Red River Delta,1,0,0,2.0554049015045166,5.133007526397705,0,0,2008
30,3,107d3,Hai Duong,Red River Delta,1,0,0,2.7536606788635254,4.583276271820068,0,0,2008
30,3,107d3,Hai Duong,Red River Delta,1,0,0,2.3223876953125,5.01585054397583,0,0,2008
30,3,107d3,Hai Duong,Red River Delta,0,0,0,2.110213279724121,5.178030967712402,0,0,2008
30,3,107d3,Hai Duong,Red River Delta,0,0,0,2.6390573978424072,4.507714748382568,0,0,2008
30,5,107d5,Hai Duong,Red River Delta,0,0,0,1.371180772781372,5.92929220199585,0,0,2008
30,5,107d5,Hai Duong,Red River Delta,1,0,0,2.395437717437744,5.422590255737305,0,0,2008
30,5,107d5,Hai Duong,Red River Delta,1,0,0,1.8054980039596558,5.710935115814209,0,0,2008
30,5,107d5,Hai Duong,Red River Delta,1,0,0,0.9707789421081543,5.584578037261963,0,0,2008
30,5,107d5,Hai Duong,Red River Delta,1,0,0,1.9227877855300903,5.489976406097412,0,0,2008
30,7,107d7,Hai Duong,Red River Delta,1,0,0,2.1041340827941895,5.4024577140808105,0,0,2008
30,7,107d7,Hai Duong,Red River Delta,1,0,0,1.7817091941833496,5.603521823883057,0,0,2008
30,7,107d7,Hai Duong,Red River Delta,1,0,0,1.8718022108078003,5.191246032714844,0,0,2008
30,7,107d7,Hai Duong,Red River Delta,1,0,0,1.3350011110305786,6.08617639541626,0,0,2008
30,7,107d7,Hai Duong,Red River Delta,1,0,0,1.945910096168518,5.889273643493652,0,0,2008
30,7,107d7,Hai Duong,Red River Delta,1,0,0,1.4586150646209717,5.46501350402832,0,0,2008
30,9,107d9,Hai Duong,Red River Delta,1,0,0,1.4206957817077637,5.4177093505859375,0,0,2008
30,9,107d9,Hai Duong,Red River Delta,1,0,0,1.6695917844772339,5.454886436462402,0,0,2008
30,9,107d9,Hai Duong,Red River Delta,1,0,1,2.012099027633667,5.42451810836792,0,0,2008
30,9,107d9,Hai Duong,Red River Delta,1,0,0,2.2721259593963623,5.342679500579834,0,0,2008
30,9,107d9,Hai Duong,Red River Delta,1,0,0,1.5018526315689087,5.6338348388671875,0,0,2008
30,9,107d9,Hai Duong,Red River Delta,1,0,0,1.6154199838638306,5.518673896789551,0,0,2008
30,11,107d11,Hai Duong,Red River Delta,1,0,0,2.1329822540283203,5.543027877807617,0,0,2008
30,11,107d11,Hai Duong,Red River Delta,1,0,0,1.1442228555679321,5.454286098480225,0,0,2008
30,11,107d11,Hai Duong,Red River Delta,1,0,0,1.915450930595398,5.836024284362793,0,0,2008
30,11,107d11,Hai Duong,Red River Delta,1,0,0,2.2491843700408936,5.452919960021973,0,0,2008
30,13,107d13,Hai Duong,Red River Delta,1,0,0,1.502743124961853,5.878135681152344,0,0,2008
30,13,107d13,Hai Duong,Red River Delta,1,0,0,1.715957760810852,5.563361167907715,0,0,2008
30,13,107d13,Hai Duong,Red River Delta,1,0,0,1.7879188060760498,5.802933216094971,0,0,2008
30,13,107d13,Hai Duong,Red River Delta,1,0,0,0.9528154730796814,5.956937789916992,0,0,2008
30,13,107d13,Hai Duong,Red River Delta,1,0,0,1.3785141706466675,5.930698394775391,0,0,2008
30,15,107d15,Hai Duong,Red River Delta,1,0,0,2.5336968898773193,5.474668979644775,0,0,2008
30,15,107d15,Hai Duong,Red River Delta,1,0,1,1.967392086982727,5.697423934936523,0,0,2008
30,15,107d15,Hai Duong,Red River Delta,1,0,0,1.887069582939148,5.56591272354126,0,0,2008
30,15,107d15,Hai Duong,Red River Delta,1,0,0,2.163322925567627,5.415844917297363,0,0,2008
30,15,107d15,Hai Duong,Red River Delta,1,0,0,1.5260562896728516,5.557331562042236,0,0,2008
30,15,107d15,Hai Duong,Red River Delta,1,0,0,2.0918641090393066,5.542956352233887,0,0,2008
30,17,107d17,Hai Duong,Red River Delta,1,0,0,1.5177611112594604,6.093586444854736,0,0,2008
30,17,107d17,Hai Duong,Red River Delta,1,0,0,2.0281481742858887,5.308788776397705,0,0,2008
30,17,107d17,Hai Duong,Red River Delta,1,0,0,2.172476291656494,5.687708854675293,0,0,2008
30,17,107d17,Hai Duong,Red River Delta,1,0,0,1.6094379425048828,5.598422050476074,0,0,2008
30,19,107d19,Hai Duong,Red River Delta,1,0,0,1.9572738409042358,5.322044849395752,0,0,2008
30,19,107d19,Hai Duong,Red River Delta,1,0,0,1.8196988105773926,5.494853973388672,0,0,2008
30,19,107d19,Hai Duong,Red River Delta,1,0,0,1.6789640188217163,5.717371463775635,0,0,2008
30,21,107d21,Hai Duong,Red River Delta,1,0,0,1.8718022108078003,5.859689712524414,0,0,2008
30,21,107d21,Hai Duong,Red River Delta,1,0,0,1.2296406030654907,5.623658657073975,0,0,2008
30,21,107d21,Hai Duong,Red River Delta,1,0,0,2.163322925567627,5.4906463623046875,0,0,2008
30,21,107d21,Hai Duong,Red River Delta,1,0,0,2.2300143241882324,5.46392297744751,0,0,2008
30,21,107d21,Hai Duong,Red River Delta,1,0,0,2.2407095432281494,5.504292964935303,0,0,2008
30,23,107d23,Hai Duong,Red River Delta,1,0,0,1.470175862312317,5.587722301483154,0,0,2008
30,23,107d23,Hai Duong,Red River Delta,1,0,0,2.033397674560547,5.5230302810668945,0,0,2008
30,23,107d23,Hai Duong,Red River Delta,1,0,0,1.6838030815124512,5.723514556884766,0,0,2008
30,23,107d23,Hai Duong,Red River Delta,1,0,0,1.6486586332321167,5.594854354858398,0,0,2008
30,23,107d23,Hai Duong,Red River Delta,1,0,0,1.4206957817077637,5.823531627655029,0,0,2008
33,2,109d2,Hung Yen,Red River Delta,1,1,0,1.5892351865768433,6.021617412567139,0,0,2008
33,2,109d2,Hung Yen,Red River Delta,1,0,0,2.0149030685424805,5.549335479736328,0,0,2008
33,2,109d2,Hung Yen,Red River Delta,1,0,0,2.041220188140869,5.594083786010742,0,0,2008
33,2,109d2,Hung Yen,Red River Delta,1,0,0,2.1482677459716797,5.746795654296875,0,0,2008
33,3,109d3,Hung Yen,Red River Delta,1,0,0,2.041220188140869,5.391855239868164,0,0,2008
33,3,109d3,Hung Yen,Red River Delta,1,0,0,1.785070538520813,5.82081937789917,0,0,2008
33,3,109d3,Hung Yen,Red River Delta,1,0,0,1.7083778381347656,5.6995463371276855,0,0,2008
33,4,109d4,Hung Yen,Red River Delta,1,1,0,1.6486586332321167,5.997694969177246,0,0,2008
33,4,109d4,Hung Yen,Red River Delta,1,0,0,1.8718022108078003,5.797693252563477,0,0,2008
33,4,109d4,Hung Yen,Red River Delta,1,0,0,0.9555113911628723,5.7826409339904785,0,0,2008
33,4,109d4,Hung Yen,Red River Delta,1,0,0,1.2059707641601562,6.240030765533447,0,0,2008
33,4,109d4,Hung Yen,Red River Delta,1,0,0,1.1631507873535156,5.89732551574707,0,0,2008
33,5,109d5,Hung Yen,Red River Delta,1,0,0,2.1377103328704834,5.536442756652832,0,0,2008
33,5,109d5,Hung Yen,Red River Delta,0,0,0,2.1747517585754395,5.933871269226074,0,0,2008
33,5,109d5,Hung Yen,Red River Delta,1,0,0,1.6845453977584839,5.826432228088379,0,0,2008
33,5,109d5,Hung Yen,Red River Delta,1,0,0,1.8931119441986084,5.748452663421631,0,0,2008
33,6,109d6,Hung Yen,Red River Delta,0,0,1,1.807796835899353,5.923695087432861,0,0,2008
33,6,109d6,Hung Yen,Red River Delta,1,0,1,1.722766637802124,5.978433609008789,0,0,2008
33,6,109d6,Hung Yen,Red River Delta,1,0,0,1.6094379425048828,5.864199161529541,0,0,2008
33,6,109d6,Hung Yen,Red River Delta,1,0,0,1.785070538520813,5.82479190826416,0,0,2008
33,6,109d6,Hung Yen,Red River Delta,1,0,0,1.7439687252044678,5.8913350105285645,0,0,2008
33,6,109d6,Hung Yen,Red River Delta,1,0,0,2.2277538776397705,5.799069881439209,0,0,2008
33,6,109d6,Hung Yen,Red River Delta,1,0,0,1.1378329992294312,5.834773063659668,0,0,2008
33,6,109d6,Hung Yen,Red River Delta,1,0,0,1.419729232788086,6.013346195220947,0,0,2008
33,7,109d7,Hung Yen,Red River Delta,1,0,0,1.7444931268692017,5.283708095550537,0,0,2008
33,7,109d7,Hung Yen,Red River Delta,1,0,0,1.4861396551132202,5.816356658935547,0,0,2008
33,7,109d7,Hung Yen,Red River Delta,1,0,0,2.022871255874634,5.673341274261475,0,0,2008
33,7,109d7,Hung Yen,Red River Delta,1,0,0,1.7404661178588867,5.621544361114502,0,0,2008
33,7,109d7,Hung Yen,Red River Delta,1,0,0,1.8239039182662964,5.875938415527344,0,0,2008
33,7,109d7,Hung Yen,Red River Delta,1,0,0,2.121063232421875,5.396457672119141,0,0,2008
33,9,109d9,Hung Yen,Red River Delta,1,0,0,1.9878743886947632,5.840561866760254,0,0,2008
33,9,109d9,Hung Yen,Red River Delta,0,0,0,1.6789640188217163,5.1890106201171875,0,0,2008
33,9,109d9,Hung Yen,Red River Delta,1,0,0,2.0149030685424805,5.46834135055542,0,0,2008
33,9,109d9,Hung Yen,Red River Delta,1,0,0,1.8609745502471924,5.661966323852539,0,0,2008
33,9,109d9,Hung Yen,Red River Delta,1,0,0,1.2527629137039185,6.254927158355713,0,0,2008
33,11,109d11,Hung Yen,Red River Delta,1,0,0,2.3243465423583984,5.504089832305908,0,0,2008
33,11,109d11,Hung Yen,Red River Delta,1,0,0,1.8609745502471924,5.4837446212768555,0,0,2008
33,11,109d11,Hung Yen,Red River Delta,1,0,0,1.8000582456588745,5.3654351234436035,0,0,2008
33,11,109d11,Hung Yen,Red River Delta,1,0,0,2.2994801998138428,5.63682222366333,0,0,2008
33,13,109d13,Hung Yen,Red River Delta,1,0,0,1.722766637802124,5.833138465881348,0,0,2008
33,13,109d13,Hung Yen,Red River Delta,1,0,0,1.9021074771881104,5.593989849090576,0,0,2008
33,13,109d13,Hung Yen,Red River Delta,1,0,0,1.2864739894866943,5.575237274169922,0,0,2008
33,13,109d13,Hung Yen,Red River Delta,1,0,0,1.8479822874069214,5.524764060974121,0,0,2008
33,13,109d13,Hung Yen,Red River Delta,1,0,0,1.8547343015670776,5.732069492340088,0,0,2008
33,13,109d13,Hung Yen,Red River Delta,1,0,0,1.4350844621658325,5.411858558654785,0,0,2008
35,1,111d1,Ha Nam,Red River Delta,1,0,0,1.7313014268875122,6.11489725112915,0,0,2008
35,1,111d1,Ha Nam,Red River Delta,1,0,0,1.2011688947677612,6.109381198883057,0,0,2008
35,1,111d1,Ha Nam,Red River Delta,1,0,0,1.2305173873901367,6.204920768737793,0,0,2008
35,3,111d3,Ha Nam,Red River Delta,1,0,0,1.9306514263153076,5.678219318389893,0,0,2008
35,3,111d3,Ha Nam,Red River Delta,1,0,0,1.5787725448608398,5.647436618804932,0,0,2008
35,3,111d3,Ha Nam,Red River Delta,1,0,0,1.3807791471481323,5.479884624481201,0,0,2008
35,3,111d3,Ha Nam,Red River Delta,1,0,0,2.6755270957946777,5.64638090133667,0,0,2008
35,3,111d3,Ha Nam,Red River Delta,1,0,0,2.019558906555176,5.21461820602417,0,0,2008
35,3,111d3,Ha Nam,Red River Delta,1,0,0,2.269028425216675,5.7784810066223145,0,0,2008
35,3,111d3,Ha Nam,Red River Delta,1,0,0,2.1713368892669678,5.636986255645752,0,0,2008
35,5,111d5,Ha Nam,Red River Delta,1,0,0,3.014554023742676,3.851337194442749,0,0,2008
35,5,111d5,Ha Nam,Red River Delta,1,1,0,1.8148247003555298,5.476150035858154,0,0,2008
35,5,111d5,Ha Nam,Red River Delta,1,0,0,1.5686159133911133,5.807892322540283,0,0,2008
35,5,111d5,Ha Nam,Red River Delta,1,0,0,2.3389170169830322,5.476290225982666,0,0,2008
35,5,111d5,Ha Nam,Red River Delta,1,1,0,1.7698546648025513,5.669704914093018,0,0,2008
35,5,111d5,Ha Nam,Red River Delta,1,0,1,1.5432981252670288,6.450322151184082,0,0,2008
35,5,111d5,Ha Nam,Red River Delta,1,0,0,1.7387102842330933,5.851131439208984,0,0,2008
35,7,111d7,Ha Nam,Red River Delta,1,0,0,2.034705638885498,5.640376091003418,0,0,2008
35,7,111d7,Ha Nam,Red River Delta,1,0,0,2.0630581378936768,5.882497310638428,0,0,2008
35,7,111d7,Ha Nam,Red River Delta,0,0,0,1.7544037103652954,5.779289722442627,0,0,2008
35,7,111d7,Ha Nam,Red River Delta,1,0,0,1.6599408388137817,6.1720733642578125,0,0,2008
35,7,111d7,Ha Nam,Red River Delta,1,0,0,2.006870746612549,5.258558750152588,0,0,2008
35,7,111d7,Ha Nam,Red River Delta,1,0,0,1.7681496143341064,6.117179870605469,0,0,2008
35,7,111d7,Ha Nam,Red River Delta,1,0,0,2.3331143856048584,5.501673698425293,0,0,2008
35,7,111d7,Ha Nam,Red River Delta,1,0,0,1.8779371976852417,5.542641639709473,0,0,2008
35,7,111d7,Ha Nam,Red River Delta,1,0,0,1.7715567350387573,5.239657402038574,0,0,2008
35,7,111d7,Ha Nam,Red River Delta,1,0,0,1.788420557975769,6.049922943115234,0,0,2008
35,9,111d9,Ha Nam,Red River Delta,1,0,0,1.8460898399353027,5.499275207519531,0,0,2008
35,9,111d9,Ha Nam,Red River Delta,1,0,0,2.360854148864746,5.378069877624512,0,0,2008
35,9,111d9,Ha Nam,Red River Delta,1,0,0,2.6318888664245605,5.206454277038574,0,0,2008
35,9,111d9,Ha Nam,Red River Delta,1,0,0,2.777824878692627,4.598057270050049,0,0,2008
35,9,111d9,Ha Nam,Red River Delta,1,0,0,1.740290641784668,5.543157577514648,0,0,2008
35,9,111d9,Ha Nam,Red River Delta,1,0,0,1.5256214141845703,5.490988254547119,0,0,2008
35,9,111d9,Ha Nam,Red River Delta,1,0,0,1.9865034818649292,5.384356498718262,0,0,2008
35,11,111d11,Ha Nam,Red River Delta,0,0,0,1.932969570159912,5.237918853759766,0,0,2008
35,11,111d11,Ha Nam,Red River Delta,1,0,0,2.106570243835449,5.414206027984619,0,0,2008
35,11,111d11,Ha Nam,Red River Delta,1,0,0,2.472327947616577,5.526679515838623,0,0,2008
35,11,111d11,Ha Nam,Red River Delta,1,0,0,1.9643112421035767,5.600445747375488,0,0,2008
35,11,111d11,Ha Nam,Red River Delta,1,0,0,2.1154117584228516,5.5596699714660645,0,0,2008
35,11,111d11,Ha Nam,Red River Delta,1,0,0,1.8515994548797607,5.599642276763916,0,0,2008
35,11,111d11,Ha Nam,Red River Delta,1,0,0,1.656321406364441,5.980913162231445,0,0,2008
35,11,111d11,Ha Nam,Red River Delta,1,0,0,1.8380067348480225,5.879344463348389,0,0,2008
36,1,113d1,Nam Dinh,Red River Delta,1,0,1,1.7200844287872314,5.340392112731934,0,0,2008
36,1,113d1,Nam Dinh,Red River Delta,1,0,1,1.8245493173599243,6.241344451904297,0,0,2008
36,3,113d3,Nam Dinh,Red River Delta,1,0,0,2.4406063556671143,5.761876106262207,0,1,2008
36,3,113d3,Nam Dinh,Red River Delta,1,0,0,1.8325815200805664,5.475961208343506,0,1,2008
36,3,113d3,Nam Dinh,Red River Delta,1,0,0,2.224623441696167,5.214935779571533,0,1,2008
36,3,113d3,Nam Dinh,Red River Delta,1,0,0,2.332144021987915,5.4950971603393555,0,1,2008
36,5,113d5,Nam Dinh,Red River Delta,1,0,1,1.82131826877594,5.778583526611328,0,1,2008
36,5,113d5,Nam Dinh,Red River Delta,1,0,0,2.157212495803833,5.427560806274414,0,1,2008
36,7,113d7,Nam Dinh,Red River Delta,1,0,0,2.461296796798706,5.571712493896484,0,1,2008
36,7,113d7,Nam Dinh,Red River Delta,1,1,0,1.695615530014038,5.396126747131348,0,1,2008
36,7,113d7,Nam Dinh,Red River Delta,1,0,0,2.0918641090393066,5.68550968170166,0,1,2008
36,7,113d7,Nam Dinh,Red River Delta,1,0,0,1.82131826877594,5.514967441558838,0,1,2008
36,7,113d7,Nam Dinh,Red River Delta,0,0,0,2.073171854019165,5.068864822387695,0,1,2008
36,7,113d7,Nam Dinh,Red River Delta,1,0,0,2.0001277923583984,5.324362277984619,0,1,2008
36,7,113d7,Nam Dinh,Red River Delta,0,1,0,2.0669894218444824,5.332408905029297,0,1,2008
36,7,113d7,Nam Dinh,Red River Delta,1,0,0,1.8148247003555298,5.743691921234131,0,1,2008
36,9,113d9,Nam Dinh,Red River Delta,1,0,1,2.2575876712799072,5.845906734466553,0,1,2008
36,9,113d9,Nam Dinh,Red River Delta,1,0,0,2.0281481742858887,5.903854846954346,0,1,2008
36,9,113d9,Nam Dinh,Red River Delta,1,0,0,1.3083328008651733,5.808061122894287,0,1,2008
36,9,113d9,Nam Dinh,Red River Delta,1,0,0,2.320425033569336,5.74074649810791,0,1,2008
36,9,113d9,Nam Dinh,Red River Delta,1,0,1,2.110213279724121,5.893484115600586,0,1,2008
36,9,113d9,Nam Dinh,Red River Delta,1,0,0,2.70805025100708,5.612884521484375,0,1,2008
36,11,113d11,Nam Dinh,Red River Delta,1,0,0,1.788420557975769,5.591211795806885,0,1,2008
36,11,113d11,Nam Dinh,Red River Delta,0,0,0,2.140066146850586,5.93489408493042,0,1,2008
36,11,113d11,Nam Dinh,Red River Delta,0,0,0,2.2565412521362305,6.093416213989258,0,1,2008
36,11,113d11,Nam Dinh,Red River Delta,0,0,0,2.008213996887207,5.829734802246094,0,1,2008
36,11,113d11,Nam Dinh,Red River Delta,0,0,0,1.736951231956482,5.839146137237549,0,1,2008
36,11,113d11,Nam Dinh,Red River Delta,0,0,1,2.021547555923462,6.316279888153076,0,1,2008
36,11,113d11,Nam Dinh,Red River Delta,0,0,0,2.1126346588134766,5.767035484313965,0,1,2008
36,13,113d13,Nam Dinh,Red River Delta,1,0,0,1.9572738409042358,6.036683559417725,0,1,2008
36,13,113d13,Nam Dinh,Red River Delta,1,0,1,1.6213665008544922,5.798014163970947,0,1,2008
36,13,113d13,Nam Dinh,Red River Delta,1,0,1,1.4655674695968628,5.9146881103515625,0,1,2008
36,13,113d13,Nam Dinh,Red River Delta,1,0,0,2.318458318710327,5.387704372406006,0,1,2008
36,13,113d13,Nam Dinh,Red River Delta,1,0,0,1.2781522274017334,6.468580722808838,0,1,2008
36,15,113d15,Nam Dinh,Red River Delta,1,0,0,1.8389610052108765,5.994638919830322,0,1,2008
36,15,113d15,Nam Dinh,Red River Delta,1,0,1,2.1041340827941895,5.789437770843506,0,1,2008
36,15,113d15,Nam Dinh,Red River Delta,1,0,0,2.024193048477173,5.814938545227051,0,1,2008
36,15,113d15,Nam Dinh,Red River Delta,1,0,0,2.28340220451355,5.80177640914917,0,1,2008
36,15,113d15,Nam Dinh,Red River Delta,1,0,0,1.9516081809997559,5.84074068069458,0,1,2008
36,15,113d15,Nam Dinh,Red River Delta,1,0,0,2.0399208068847656,5.6756486892700195,0,1,2008
36,15,113d15,Nam Dinh,Red River Delta,1,0,0,2.1494338512420654,6.339359760284424,0,1,2008
36,17,113d17,Nam Dinh,Red River Delta,1,0,0,2.6928012371063232,5.563027381896973,0,1,2008
36,17,113d17,Nam Dinh,Red River Delta,1,0,0,1.8148247003555298,5.628839015960693,0,1,2008
36,17,113d17,Nam Dinh,Red River Delta,1,0,0,2.2512917518615723,5.41493034362793,0,1,2008
36,17,113d17,Nam Dinh,Red River Delta,1,0,0,2.016235589981079,5.596595764160156,0,1,2008
36,17,113d17,Nam Dinh,Red River Delta,1,0,0,2.021547555923462,5.688209056854248,0,1,2008
36,17,113d17,Nam Dinh,Red River Delta,1,0,0,2.1220219135284424,5.799876689910889,0,1,2008
36,17,113d17,Nam Dinh,Red River Delta,1,0,0,1.656321406364441,5.790263652801514,0,1,2008
36,19,113d19,Nam Dinh,Red River Delta,0,0,0,1.6943303346633911,5.960113048553467,0,1,2008
36,19,113d19,Nam Dinh,Red River Delta,1,0,0,1.4060969352722168,6.089445114135742,0,1,2008
36,19,113d19,Nam Dinh,Red River Delta,1,0,0,1.8484548330307007,5.807409286499023,0,1,2008
36,19,113d19,Nam Dinh,Red River Delta,1,0,0,1.9123533964157104,5.639883995056152,0,1,2008
36,19,113d19,Nam Dinh,Red River Delta,1,0,0,1.398716926574707,6.203185081481934,0,1,2008
36,19,113d19,Nam Dinh,Red River Delta,1,0,0,2.0493688583374023,5.652735233306885,0,1,2008
36,19,113d19,Nam Dinh,Red River Delta,0,0,0,1.8069764375686646,6.275116920471191,0,1,2008
36,19,113d19,Nam Dinh,Red River Delta,1,0,0,1.7749524116516113,5.9569783210754395,0,1,2008
36,19,113d19,Nam Dinh,Red River Delta,1,0,0,1.8718022108078003,6.300079822540283,0,1,2008
34,1,115d1,Thai Binh,Red River Delta,1,0,0,1.7715567350387573,6.405116081237793,0,0,2008
34,1,115d1,Thai Binh,Red River Delta,1,0,0,1.8148247003555298,6.393394470214844,0,0,2008
34,3,115d3,Thai Binh,Red River Delta,1,0,0,2.0681278705596924,5.865669250488281,0,0,2008
34,3,115d3,Thai Binh,Red River Delta,1,0,0,1.2809338569641113,5.735675811767578,0,0,2008
34,3,115d3,Thai Binh,Red River Delta,1,0,0,1.4586150646209717,5.6936540603637695,0,0,2008
34,3,115d3,Thai Binh,Red River Delta,1,0,0,1.5581445693969727,5.700267314910889,0,0,2008
34,3,115d3,Thai Binh,Red River Delta,1,0,0,1.3862943649291992,5.619494438171387,0,0,2008
34,3,115d3,Thai Binh,Red River Delta,1,0,0,1.8484548330307007,5.774698257446289,0,0,2008
34,3,115d3,Thai Binh,Red River Delta,1,0,0,1.2864739894866943,5.811901569366455,0,0,2008
34,3,115d3,Thai Binh,Red River Delta,1,0,0,2.0357508659362793,5.711845874786377,0,0,2008
34,3,115d3,Thai Binh,Red River Delta,1,0,0,1.6389967203140259,5.7585649490356445,0,0,2008
34,5,115d5,Thai Binh,Red River Delta,1,0,0,1.9487632513046265,5.769922256469727,0,0,2008
34,5,115d5,Thai Binh,Red River Delta,1,0,0,1.9021074771881104,6.109579086303711,0,0,2008
34,5,115d5,Thai Binh,Red River Delta,1,0,0,1.348073124885559,5.877408504486084,0,0,2008
34,5,115d5,Thai Binh,Red River Delta,1,0,0,1.7917594909667969,5.920684337615967,0,0,2008
34,5,115d5,Thai Binh,Red River Delta,1,0,0,1.3454723358154297,5.996011734008789,0,0,2008
34,5,115d5,Thai Binh,Red River Delta,0,0,0,1.235471487045288,6.317290782928467,0,0,2008
34,5,115d5,Thai Binh,Red River Delta,0,0,0,2.0918641090393066,6.00647497177124,0,0,2008
34,5,115d5,Thai Binh,Red River Delta,1,0,0,1.8050047159194946,5.628070831298828,0,0,2008
34,5,115d5,Thai Binh,Red River Delta,0,0,0,2.031825542449951,5.921844005584717,0,0,2008
34,7,115d7,Thai Binh,Red River Delta,0,0,0,1.927164077758789,5.898081302642822,0,0,2008
34,7,115d7,Thai Binh,Red River Delta,1,0,0,1.4350844621658325,5.6271071434021,0,0,2008
34,7,115d7,Thai Binh,Red River Delta,1,0,1,1.4134230613708496,5.693182945251465,0,0,2008
34,7,115d7,Thai Binh,Red River Delta,1,0,0,1.4109869003295898,5.598422050476074,0,0,2008
34,7,115d7,Thai Binh,Red River Delta,1,0,0,1.3609765768051147,5.660999774932861,0,0,2008
34,7,115d7,Thai Binh,Red River Delta,1,0,0,1.6094379425048828,6.090404510498047,0,0,2008
34,7,115d7,Thai Binh,Red River Delta,1,0,0,1.7404661178588867,5.722322940826416,0,0,2008
34,7,115d7,Thai Binh,Red River Delta,1,0,0,1.8515994548797607,5.352550029754639,0,0,2008
34,7,115d7,Thai Binh,Red River Delta,1,0,0,1.2753627300262451,6.318011283874512,0,0,2008
34,7,115d7,Thai Binh,Red River Delta,1,0,0,1.5892351865768433,5.712586879730225,0,0,2008
34,9,115d9,Thai Binh,Red River Delta,1,0,0,1.8099267482757568,5.800926208496094,0,0,2008
34,9,115d9,Thai Binh,Red River Delta,1,0,0,1.432700753211975,5.659041404724121,0,0,2008
34,9,115d9,Thai Binh,Red River Delta,0,0,0,1.8484548330307007,6.083548545837402,0,0,2008
34,9,115d9,Thai Binh,Red River Delta,1,0,0,1.904343843460083,6.113952159881592,0,0,2008
34,9,115d9,Thai Binh,Red River Delta,1,0,0,1.4303112030029297,6.077927589416504,0,0,2008
34,9,115d9,Thai Binh,Red River Delta,1,1,0,1.3540294170379639,6.326608180999756,0,0,2008
34,9,115d9,Thai Binh,Red River Delta,0,0,0,1.436036467552185,5.650701522827148,0,0,2008
34,9,115d9,Thai Binh,Red River Delta,0,0,0,1.6808278560638428,5.893217086791992,0,0,2008
34,9,115d9,Thai Binh,Red River Delta,1,0,0,1.599387526512146,5.76389217376709,0,0,2008
34,11,115d11,Thai Binh,Red River Delta,1,0,0,1.7404661178588867,6.173420429229736,0,0,2008
34,11,115d11,Thai Binh,Red River Delta,1,0,0,1.4586150646209717,5.912245273590088,0,0,2008
34,11,115d11,Thai Binh,Red River Delta,1,0,0,2.079441547393799,5.730505466461182,0,0,2008
34,11,115d11,Thai Binh,Red River Delta,1,0,0,1.5869877338409424,5.947774887084961,0,0,2008
34,11,115d11,Thai Binh,Red River Delta,1,1,0,1.9487632513046265,5.843998432159424,0,0,2008
34,11,115d11,Thai Binh,Red River Delta,1,0,0,2.111424684524536,5.929666519165039,0,0,2008
34,11,115d11,Thai Binh,Red River Delta,1,0,0,1.9315214157104492,5.500370502471924,0,0,2008
34,11,115d11,Thai Binh,Red River Delta,1,0,0,1.7924259901046753,5.871451377868652,0,0,2008
34,13,115d13,Thai Binh,Red River Delta,1,0,0,1.6174061298370361,5.9060750007629395,0,0,2008
34,13,115d13,Thai Binh,Red River Delta,1,0,0,2.0211501121520996,5.868683815002441,0,0,2008
34,13,115d13,Thai Binh,Red River Delta,1,0,0,1.2697604894638062,6.177407741546631,0,0,2008
34,13,115d13,Thai Binh,Red River Delta,1,0,0,1.8562979698181152,5.9050211906433105,0,0,2008
34,13,115d13,Thai Binh,Red River Delta,1,0,0,2.0992441177368164,5.201228618621826,0,0,2008
34,13,115d13,Thai Binh,Red River Delta,1,0,0,2.0992441177368164,5.509130477905273,0,0,2008
34,13,115d13,Thai Binh,Red River Delta,1,0,0,1.9818286895751953,5.691394329071045,0,0,2008
34,13,115d13,Thai Binh,Red River Delta,1,0,0,1.6712852716445923,6.07198429107666,0,0,2008
34,13,115d13,Thai Binh,Red River Delta,1,0,0,1.1817271709442139,5.6641526222229,0,0,2008
34,13,115d13,Thai Binh,Red River Delta,1,0,0,1.4398350715637207,5.622356414794922,0,0,2008
34,15,115d15,Thai Binh,Red River Delta,1,0,0,1.7422189712524414,5.92820930480957,0,0,2008
34,15,115d15,Thai Binh,Red River Delta,1,0,0,1.8373700380325317,5.504113674163818,0,0,2008
34,15,115d15,Thai Binh,Red River Delta,0,0,0,1.6937791109085083,5.658661842346191,0,0,2008
34,15,115d15,Thai Binh,Red River Delta,0,0,0,1.2725656032562256,6.128665924072266,0,0,2008
34,15,115d15,Thai Binh,Red River Delta,1,0,0,2.0668628215789795,5.899724006652832,0,0,2008
34,15,115d15,Thai Binh,Red River Delta,1,0,0,1.4562866687774658,5.953454971313477,0,0,2008
34,15,115d15,Thai Binh,Red River Delta,1,0,0,1.974081039428711,5.435055255889893,0,0,2008
37,1,117d1,Ninh Binh,Red River Delta,1,0,0,1.850028395652771,5.783825397491455,0,0,2008
37,3,117d3,Ninh Binh,Red River Delta,1,0,0,1.5260562896728516,5.4005208015441895,0,0,2008
37,5,117d5,Ninh Binh,Red River Delta,1,0,0,2.6390573978424072,4.44433069229126,0,0,2008
37,5,117d5,Ninh Binh,Red River Delta,0,0,0,2.360854148864746,4.781182289123535,0,0,2008
37,5,117d5,Ninh Binh,Red River Delta,1,0,0,3.226844072341919,4.462069511413574,0,0,2008
37,5,117d5,Ninh Binh,Red River Delta,1,0,0,4.043051242828369,3.136256694793701,0,0,2008
37,5,117d5,Ninh Binh,Red River Delta,1,0,0,2.173614740371704,4.7685418128967285,0,0,2008
37,5,117d5,Ninh Binh,Red River Delta,1,0,0,4.844187259674072,1.6866904497146606,0,0,2008
37,7,117d7,Ninh Binh,Red River Delta,1,0,0,1.722766637802124,5.256378650665283,0,0,2008
37,7,117d7,Ninh Binh,Red River Delta,1,0,0,2.163322925567627,5.531069755554199,0,0,2008
37,7,117d7,Ninh Binh,Red River Delta,0,0,1,2.0668628215789795,5.610537528991699,0,0,2008
37,7,117d7,Ninh Binh,Red River Delta,1,0,0,2.397895336151123,4.905274868011475,0,0,2008
37,7,117d7,Ninh Binh,Red River Delta,1,0,0,1.6094379425048828,5.905906677246094,0,0,2008
37,7,117d7,Ninh Binh,Red River Delta,1,0,1,3.3243162631988525,4.298347473144531,0,0,2008
37,9,117d9,Ninh Binh,Red River Delta,1,0,1,2.5368664264678955,5.305019378662109,0,0,2008
37,9,117d9,Ninh Binh,Red River Delta,1,0,1,3.0633909702301025,4.988268852233887,0,0,2008
37,9,117d9,Ninh Binh,Red River Delta,1,0,0,2.2669577598571777,4.695285797119141,0,0,2008
37,9,117d9,Ninh Binh,Red River Delta,1,0,1,2.0831844806671143,5.266689300537109,0,0,2008
37,11,117d11,Ninh Binh,Red River Delta,1,0,0,2.1677958965301514,5.223002910614014,0,0,2008
37,11,117d11,Ninh Binh,Red River Delta,1,0,0,1.510722041130066,5.413890361785889,0,0,2008
37,11,117d11,Ninh Binh,Red River Delta,1,0,0,2.261763095855713,5.093238830566406,0,0,2008
37,11,117d11,Ninh Binh,Red River Delta,1,0,0,1.5560370683670044,5.614851474761963,0,0,2008
37,11,117d11,Ninh Binh,Red River Delta,1,0,1,2.451005220413208,5.242020606994629,0,0,2008
37,11,117d11,Ninh Binh,Red River Delta,1,0,1,2.0476927757263184,5.680722713470459,0,0,2008
37,13,117d13,Ninh Binh,Red River Delta,0,1,0,6.8741984367370605,1.0455212593078613,0,0,2008
37,13,117d13,Ninh Binh,Red River Delta,1,0,0,2.054123640060425,5.4302449226379395,0,0,2008
37,13,117d13,Ninh Binh,Red River Delta,1,0,0,1.8609745502471924,5.596634864807129,0,0,2008
37,13,117d13,Ninh Binh,Red River Delta,1,0,0,2.0014801025390625,5.465890884399414,0,0,2008
37,13,117d13,Ninh Binh,Red River Delta,1,0,0,1.9823799133300781,5.439395904541016,0,0,2008
37,13,117d13,Ninh Binh,Red River Delta,1,0,0,2.1041340827941895,5.6588873863220215,0,0,2008
37,13,117d13,Ninh Binh,Red River Delta,1,0,0,6.316442489624023,0.8951143622398376,0,0,2008
37,15,117d15,Ninh Binh,Red River Delta,1,0,0,1.9110229015350342,5.700819492340088,0,0,2008
37,15,117d15,Ninh Binh,Red River Delta,1,0,0,1.7346597909927368,5.459776878356934,0,0,2008
37,15,117d15,Ninh Binh,Red River Delta,1,0,0,1.6014057397842407,5.590776443481445,0,0,2008
37,15,117d15,Ninh Binh,Red River Delta,1,1,0,1.8825138807296753,5.595090389251709,0,0,2008
37,15,117d15,Ninh Binh,Red River Delta,0,0,0,1.7173950672149658,4.86324405670166,0,0,2008
37,15,117d15,Ninh Binh,Red River Delta,1,0,0,2.3470802307128906,5.6121954917907715,0,0,2008
37,15,117d15,Ninh Binh,Red River Delta,0,0,0,1.8825138807296753,5.637720584869385,0,0,2008
2,3,201d3,Ha Giang,Northern Midlands and Mountains,1,0,0,3.4223062992095947,2.9250829219818115,0,0,2008
2,3,201d3,Ha Giang,Northern Midlands and Mountains,1,0,0,2.7173402309417725,3.621253728866577,0,0,2008
2,5,201d5,Ha Giang,Northern Midlands and Mountains,1,0,0,3.084658622741699,3.4181315898895264,0,0,2008
2,5,201d5,Ha Giang,Northern Midlands and Mountains,0,0,0,4.000711441040039,2.6443796157836914,0,0,2008
2,5,201d5,Ha Giang,Northern Midlands and Mountains,1,0,0,3.3492021560668945,2.7754812240600586,0,0,2008
2,7,201d7,Ha Giang,Northern Midlands and Mountains,1,0,0,3.3361964225769043,3.128391742706299,0,0,2008
2,7,201d7,Ha Giang,Northern Midlands and Mountains,1,0,0,3.367295742034912,2.9922780990600586,0,0,2008
2,7,201d7,Ha Giang,Northern Midlands and Mountains,0,0,0,3.9150185585021973,2.441089153289795,0,0,2008
2,9,201d9,Ha Giang,Northern Midlands and Mountains,1,0,0,3.7081916332244873,3.00597882270813,0,0,2008
2,9,201d9,Ha Giang,Northern Midlands and Mountains,1,0,0,3.660994291305542,2.934786319732666,0,0,2008
2,11,201d11,Ha Giang,Northern Midlands and Mountains,1,0,0,3.8381612300872803,2.1925241947174072,0,0,2008
2,13,201d13,Ha Giang,Northern Midlands and Mountains,1,0,0,3.240245819091797,3.20229434967041,0,0,2008
2,13,201d13,Ha Giang,Northern Midlands and Mountains,1,0,0,3.773817777633667,2.406198740005493,0,0,2008
2,13,201d13,Ha Giang,Northern Midlands and Mountains,0,0,0,3.0398926734924316,2.82657527923584,0,0,2008
2,15,201d15,Ha Giang,Northern Midlands and Mountains,1,0,0,4.0583720207214355,3.020812511444092,0,0,2008
2,15,201d15,Ha Giang,Northern Midlands and Mountains,1,0,0,4.0055317878723145,2.9269163608551025,0,0,2008
2,15,201d15,Ha Giang,Northern Midlands and Mountains,0,0,0,4.694096565246582,2.3071491718292236,0,0,2008
2,15,201d15,Ha Giang,Northern Midlands and Mountains,1,0,0,3.6237540245056152,3.272940158843994,0,0,2008
2,15,201d15,Ha Giang,Northern Midlands and Mountains,0,0,0,4.787658214569092,1.7402995824813843,0,0,2008
2,17,201d17,Ha Giang,Northern Midlands and Mountains,1,0,0,3.597860097885132,3.004727840423584,0,0,2008
2,17,201d17,Ha Giang,Northern Midlands and Mountains,0,0,0,4.623108386993408,2.1126716136932373,0,0,2008
2,19,201d19,Ha Giang,Northern Midlands and Mountains,1,0,0,4.141386985778809,2.6419379711151123,0,0,2008
2,19,201d19,Ha Giang,Northern Midlands and Mountains,1,0,0,3.2685418128967285,2.9339935779571533,0,0,2008
2,19,201d19,Ha Giang,Northern Midlands and Mountains,1,0,0,3.598954677581787,4.065861225128174,0,0,2008
2,19,201d19,Ha Giang,Northern Midlands and Mountains,0,0,0,3.6823582649230957,3.1020987033843994,0,0,2008
2,19,201d19,Ha Giang,Northern Midlands and Mountains,0,0,1,3.6996958255767822,3.6711645126342773,0,0,2008
2,19,201d19,Ha Giang,Northern Midlands and Mountains,1,0,0,3.818371534347534,3.135312795639038,0,0,2008
2,19,201d19,Ha Giang,Northern Midlands and Mountains,1,0,0,3.779085636138916,3.145526647567749,0,0,2008
4,1,203d1,Cao Bang,Northern Midlands and Mountains,1,0,0,2.3025851249694824,4.096009731292725,0,0,2008
4,1,203d1,Cao Bang,Northern Midlands and Mountains,1,0,1,1.9242486953735352,5.261138439178467,0,0,2008
4,3,203d3,Cao Bang,Northern Midlands and Mountains,1,0,0,3.6566145420074463,2.625652313232422,0,0,2008
4,3,203d3,Cao Bang,Northern Midlands and Mountains,1,0,0,4.174848556518555,2.0866429805755615,0,0,2008
4,4,203d4,Cao Bang,Northern Midlands and Mountains,1,0,0,4.493031024932861,2.15205979347229,0,0,2008
4,4,203d4,Cao Bang,Northern Midlands and Mountains,0,0,0,4.177306175231934,1.879477858543396,0,0,2008
4,4,203d4,Cao Bang,Northern Midlands and Mountains,0,0,0,4.03282356262207,2.6135668754577637,0,0,2008
4,4,203d4,Cao Bang,Northern Midlands and Mountains,0,0,0,4.318420886993408,1.952567458152771,0,0,2008
4,5,203d5,Cao Bang,Northern Midlands and Mountains,1,0,0,3.4793922901153564,2.8973348140716553,0,0,2008
4,5,203d5,Cao Bang,Northern Midlands and Mountains,0,0,0,3.3024814128875732,2.1528396606445312,0,0,2008
4,5,203d5,Cao Bang,Northern Midlands and Mountains,1,0,0,2.816007375717163,3.473708152770996,0,0,2008
4,7,203d7,Cao Bang,Northern Midlands and Mountains,1,0,0,3.9441030025482178,2.7253952026367188,0,0,2008
4,7,203d7,Cao Bang,Northern Midlands and Mountains,1,0,0,3.0717668533325195,2.5486340522766113,0,0,2008
4,9,203d9,Cao Bang,Northern Midlands and Mountains,0,0,0,3.306886672973633,2.8585312366485596,0,0,2008
4,11,203d11,Cao Bang,Northern Midlands and Mountains,1,0,0,2.657458543777466,3.382796287536621,0,0,2008
4,11,203d11,Cao Bang,Northern Midlands and Mountains,1,0,0,3.014554023742676,3.5016391277313232,0,0,2008
4,11,203d11,Cao Bang,Northern Midlands and Mountains,1,0,0,3.1599748134613037,2.9425840377807617,0,0,2008
4,11,203d11,Cao Bang,Northern Midlands and Mountains,1,0,0,3.3745110034942627,3.000513792037964,0,0,2008
4,13,203d13,Cao Bang,Northern Midlands and Mountains,1,0,0,4.071416854858398,1.7154803276062012,0,0,2008
4,13,203d13,Cao Bang,Northern Midlands and Mountains,1,0,0,2.8518619537353516,2.871723175048828,0,0,2008
4,13,203d13,Cao Bang,Northern Midlands and Mountains,1,0,0,3.9873158931732178,2.377434730529785,0,0,2008
4,15,203d15,Cao Bang,Northern Midlands and Mountains,1,0,0,2.816605567932129,3.8336734771728516,0,0,2008
4,15,203d15,Cao Bang,Northern Midlands and Mountains,1,0,0,3.495598077774048,2.184574604034424,0,0,2008
4,15,203d15,Cao Bang,Northern Midlands and Mountains,1,0,0,2.641197919845581,3.9027140140533447,0,0,2008
4,15,203d15,Cao Bang,Northern Midlands and Mountains,0,0,0,4.017463684082031,2.921790361404419,0,0,2008
4,15,203d15,Cao Bang,Northern Midlands and Mountains,1,0,0,2.2874715328216553,4.787491798400879,0,0,2008
4,15,203d15,Cao Bang,Northern Midlands and Mountains,1,0,0,3.336836576461792,3.9250905513763428,0,0,2008
4,17,203d17,Cao Bang,Northern Midlands and Mountains,1,0,0,2.784393787384033,3.5381715297698975,0,0,2008
4,17,203d17,Cao Bang,Northern Midlands and Mountains,0,0,0,3.3534066677093506,2.9137938022613525,0,0,2008
4,17,203d17,Cao Bang,Northern Midlands and Mountains,0,0,0,2.7978909015655518,2.9386813640594482,0,0,2008
4,17,203d17,Cao Bang,Northern Midlands and Mountains,0,0,0,3.2100369930267334,2.8630075454711914,0,0,2008
4,19,203d19,Cao Bang,Northern Midlands and Mountains,1,0,0,3.692871570587158,2.3685853481292725,0,0,2008
4,19,203d19,Cao Bang,Northern Midlands and Mountains,1,0,0,3.9199912548065186,2.1780831813812256,0,0,2008
4,19,203d19,Cao Bang,Northern Midlands and Mountains,0,0,0,3.1027913093566895,2.860788106918335,0,0,2008
4,21,203d21,Cao Bang,Northern Midlands and Mountains,1,0,0,3.428163766860962,2.7074010372161865,0,0,2008
10,1,205d1,Lao Cai,Northern Midlands and Mountains,1,0,0,3.0116055011749268,3.7194125652313232,0,0,2008
10,5,205d5,Lao Cai,Northern Midlands and Mountains,0,0,0,3.097385883331299,3.5173397064208984,0,1,2008
10,5,205d5,Lao Cai,Northern Midlands and Mountains,1,0,0,3.392829179763794,2.889437675476074,0,1,2008
10,5,205d5,Lao Cai,Northern Midlands and Mountains,0,1,1,3.3364810943603516,3.680128574371338,0,1,2008
10,7,205d7,Lao Cai,Northern Midlands and Mountains,0,0,0,4.3821516036987305,2.3630847930908203,0,1,2008
10,7,205d7,Lao Cai,Northern Midlands and Mountains,0,0,0,3.296947479248047,2.6326417922973633,0,1,2008
10,8,205d8,Lao Cai,Northern Midlands and Mountains,1,0,0,3.1130707263946533,3.2704358100891113,0,1,2008
10,8,205d8,Lao Cai,Northern Midlands and Mountains,0,0,0,2.780618906021118,3.1328840255737305,0,1,2008
10,9,205d9,Lao Cai,Northern Midlands and Mountains,0,1,0,3.610917806625366,2.6056880950927734,0,1,2008
10,9,205d9,Lao Cai,Northern Midlands and Mountains,0,1,0,4.060442924499512,1.7325705289840698,0,1,2008
10,11,205d11,Lao Cai,Northern Midlands and Mountains,0,0,0,3.5028510093688965,3.2257776260375977,0,1,2008
10,11,205d11,Lao Cai,Northern Midlands and Mountains,1,0,0,3.3407394886016846,4.281435012817383,0,1,2008
10,11,205d11,Lao Cai,Northern Midlands and Mountains,0,0,0,4.56819486618042,3.004307985305786,0,1,2008
10,11,205d11,Lao Cai,Northern Midlands and Mountains,0,0,0,4.3593974113464355,3.817275285720825,0,1,2008
10,13,205d13,Lao Cai,Northern Midlands and Mountains,0,0,0,4.744932174682617,0.7103890180587769,0,1,2008
10,13,205d13,Lao Cai,Northern Midlands and Mountains,0,0,0,3.259249687194824,3.237525224685669,0,1,2008
10,15,205d15,Lao Cai,Northern Midlands and Mountains,0,0,0,4.201852798461914,3.371678590774536,0,1,2008
10,15,205d15,Lao Cai,Northern Midlands and Mountains,0,0,0,3.7759740352630615,2.766497850418091,0,1,2008
10,19,205d19,Lao Cai,Northern Midlands and Mountains,1,0,0,3.293241024017334,3.332151412963867,0,1,2008
10,19,205d19,Lao Cai,Northern Midlands and Mountains,0,0,0,4.110873699188232,2.3599257469177246,0,1,2008
10,19,205d19,Lao Cai,Northern Midlands and Mountains,0,0,0,6.163735866546631,1.3678165674209595,0,1,2008
10,19,205d19,Lao Cai,Northern Midlands and Mountains,0,0,0,4.162003040313721,2.7296228408813477,0,1,2008
6,1,207d1,Bac Kan,Northern Midlands and Mountains,1,0,0,3.8722212314605713,2.6320667266845703,0,0,2008
6,1,207d1,Bac Kan,Northern Midlands and Mountains,0,0,0,3.212857723236084,3.3367929458618164,0,0,2008
6,1,207d1,Bac Kan,Northern Midlands and Mountains,1,0,0,3.0819098949432373,3.5056400299072266,0,0,2008
6,3,207d3,Bac Kan,Northern Midlands and Mountains,0,0,0,3.68009090423584,2.8226990699768066,0,0,2008
6,3,207d3,Bac Kan,Northern Midlands and Mountains,1,0,0,4.088829517364502,2.3408901691436768,0,0,2008
6,3,207d3,Bac Kan,Northern Midlands and Mountains,1,0,0,3.4426591396331787,3.104126214981079,0,0,2008
6,4,207d4,Bac Kan,Northern Midlands and Mountains,0,0,0,3.9768738746643066,2.2516369819641113,0,0,2008
6,4,207d4,Bac Kan,Northern Midlands and Mountains,0,0,0,4.036539077758789,2.833514451980591,0,0,2008
6,4,207d4,Bac Kan,Northern Midlands and Mountains,1,0,0,3.7920000553131104,1.9510031938552856,0,0,2008
6,5,207d5,Bac Kan,Northern Midlands and Mountains,1,0,0,4.204095363616943,1.7228306531906128,0,0,2008
6,5,207d5,Bac Kan,Northern Midlands and Mountains,0,0,0,3.9337844848632812,2.628659725189209,0,0,2008
6,5,207d5,Bac Kan,Northern Midlands and Mountains,1,0,0,4.189351558685303,2.209243059158325,0,0,2008
6,7,207d7,Bac Kan,Northern Midlands and Mountains,1,0,0,3.281662940979004,2.9683125019073486,0,0,2008
6,7,207d7,Bac Kan,Northern Midlands and Mountains,1,0,0,3.6232736110687256,3.068809986114502,0,0,2008
6,7,207d7,Bac Kan,Northern Midlands and Mountains,1,0,0,3.691376209259033,2.2221267223358154,0,0,2008
6,7,207d7,Bac Kan,Northern Midlands and Mountains,1,0,0,3.6005945205688477,2.639681339263916,0,0,2008
6,9,207d9,Bac Kan,Northern Midlands and Mountains,1,0,0,3.976330280303955,2.2717125415802,0,0,2008
6,9,207d9,Bac Kan,Northern Midlands and Mountains,1,0,0,3.5536322593688965,2.420177459716797,0,0,2008
6,11,207d11,Bac Kan,Northern Midlands and Mountains,1,0,0,3.4809324741363525,2.580524444580078,0,0,2008
6,11,207d11,Bac Kan,Northern Midlands and Mountains,0,0,0,2.5265283584594727,3.467432975769043,0,0,2008
6,11,207d11,Bac Kan,Northern Midlands and Mountains,1,0,0,3.0387916564941406,3.313837766647339,0,0,2008
6,12,207d12,Bac Kan,Northern Midlands and Mountains,1,0,0,3.2805352210998535,2.632967710494995,0,0,2008
6,12,207d12,Bac Kan,Northern Midlands and Mountains,1,0,0,4.06388521194458,2.6860458850860596,0,0,2008
6,12,207d12,Bac Kan,Northern Midlands and Mountains,1,0,0,3.157425880432129,2.836535692214966,0,0,2008
20,1,209d1,Lang Son,Northern Midlands and Mountains,1,0,0,2.6056482791900635,4.62491512298584,0,0,2008
20,3,209d3,Lang Son,Northern Midlands and Mountains,1,0,0,3.8930439949035645,2.684817314147949,0,0,2008
20,3,209d3,Lang Son,Northern Midlands and Mountains,1,0,0,3.365224838256836,4.155009746551514,0,0,2008
20,3,209d3,Lang Son,Northern Midlands and Mountains,1,0,0,4.127134323120117,3.1106438636779785,0,0,2008
20,5,209d5,Lang Son,Northern Midlands and Mountains,0,0,0,3.1223649978637695,2.752565860748291,0,0,2008
20,5,209d5,Lang Son,Northern Midlands and Mountains,0,0,0,3.650658130645752,3.6119704246520996,0,0,2008
20,7,209d7,Lang Son,Northern Midlands and Mountains,1,0,0,4.445001602172852,1.9668169021606445,0,0,2008
20,7,209d7,Lang Son,Northern Midlands and Mountains,1,0,0,2.9846713542938232,3.5805935859680176,0,0,2008
20,9,209d9,Lang Son,Northern Midlands and Mountains,1,0,0,3.323956251144409,3.5187270641326904,0,0,2008
20,9,209d9,Lang Son,Northern Midlands and Mountains,1,0,0,3.8057732582092285,3.013150930404663,0,0,2008
20,9,209d9,Lang Son,Northern Midlands and Mountains,0,0,0,3.498929023742676,3.305685520172119,0,0,2008
20,11,209d11,Lang Son,Northern Midlands and Mountains,1,0,0,2.414126396179199,3.2963004112243652,0,0,2008
20,11,209d11,Lang Son,Northern Midlands and Mountains,1,0,0,3.8234102725982666,2.312154531478882,0,0,2008
20,11,209d11,Lang Son,Northern Midlands and Mountains,1,0,0,2.2586331367492676,3.564412832260132,0,0,2008
20,13,209d13,Lang Son,Northern Midlands and Mountains,1,0,0,2.2278614044189453,3.954223394393921,0,0,2008
20,13,209d13,Lang Son,Northern Midlands and Mountains,1,0,0,3.1081676483154297,3.7556357383728027,0,0,2008
20,15,209d15,Lang Son,Northern Midlands and Mountains,0,0,0,4.046029090881348,2.8188185691833496,0,0,2008
20,15,209d15,Lang Son,Northern Midlands and Mountains,1,0,0,3.230804443359375,3.253830909729004,0,0,2008
20,15,209d15,Lang Son,Northern Midlands and Mountains,1,0,0,2.505525827407837,3.1220951080322266,0,0,2008
20,17,209d17,Lang Son,Northern Midlands and Mountains,1,0,0,3.454738140106201,3.8938493728637695,0,0,2008
20,17,209d17,Lang Son,Northern Midlands and Mountains,0,0,0,3.46354603767395,3.1294984817504883,0,0,2008
20,17,209d17,Lang Son,Northern Midlands and Mountains,1,0,0,3.7227976322174072,2.966801643371582,0,0,2008
20,17,209d17,Lang Son,Northern Midlands and Mountains,1,0,0,3.4980216026306152,2.4100613594055176,0,0,2008
20,19,209d19,Lang Son,Northern Midlands and Mountains,1,0,0,4.862135410308838,1.8748316764831543,0,0,2008
20,21,209d21,Lang Son,Northern Midlands and Mountains,1,0,0,1.7917594909667969,5.0957932472229,0,0,2008
20,21,209d21,Lang Son,Northern Midlands and Mountains,1,0,0,3.212052583694458,3.375497341156006,0,0,2008
20,21,209d21,Lang Son,Northern Midlands and Mountains,0,0,0,3.956231117248535,2.9762167930603027,0,0,2008
20,21,209d21,Lang Son,Northern Midlands and Mountains,1,0,0,3.294725179672241,3.9969310760498047,0,0,2008
8,1,211d1,Tuyen Quang,Northern Midlands and Mountains,1,1,1,2.1667652130126953,5.181178569793701,0,0,2008
8,1,211d1,Tuyen Quang,Northern Midlands and Mountains,1,0,1,1.5602476596832275,5.939175605773926,0,0,2008
8,3,211d3,Tuyen Quang,Northern Midlands and Mountains,1,0,0,3.5174977779388428,2.965609550476074,0,0,2008
8,3,211d3,Tuyen Quang,Northern Midlands and Mountains,0,0,1,3.935739517211914,2.7438597679138184,0,0,2008
8,3,211d3,Tuyen Quang,Northern Midlands and Mountains,1,1,0,4.645351886749268,2.3934316635131836,0,0,2008
8,5,211d5,Tuyen Quang,Northern Midlands and Mountains,1,1,0,3.2188758850097656,4.147569179534912,0,0,2008
8,5,211d5,Tuyen Quang,Northern Midlands and Mountains,1,0,0,3.730980634689331,3.4521310329437256,0,0,2008
8,5,211d5,Tuyen Quang,Northern Midlands and Mountains,1,0,0,4.021773815155029,3.1964030265808105,0,0,2008
8,5,211d5,Tuyen Quang,Northern Midlands and Mountains,1,0,0,4.276666164398193,3.071277618408203,0,0,2008
8,5,211d5,Tuyen Quang,Northern Midlands and Mountains,1,0,0,3.725693464279175,3.235602617263794,0,0,2008
8,7,211d7,Tuyen Quang,Northern Midlands and Mountains,1,0,0,3.4118075370788574,3.437258720397949,0,0,2008
8,7,211d7,Tuyen Quang,Northern Midlands and Mountains,1,0,0,3.158276319503784,4.030891418457031,0,0,2008
8,7,211d7,Tuyen Quang,Northern Midlands and Mountains,1,0,0,3.3537564277648926,3.2939319610595703,0,0,2008
8,7,211d7,Tuyen Quang,Northern Midlands and Mountains,1,0,0,4.157945156097412,3.2524020671844482,0,0,2008
8,7,211d7,Tuyen Quang,Northern Midlands and Mountains,1,0,1,3.3534066677093506,2.9939825534820557,0,0,2008
8,9,211d9,Tuyen Quang,Northern Midlands and Mountains,1,0,0,3.2707090377807617,4.244635581970215,0,0,2008
8,9,211d9,Tuyen Quang,Northern Midlands and Mountains,0,0,0,3.6888794898986816,3.809436321258545,0,0,2008
8,9,211d9,Tuyen Quang,Northern Midlands and Mountains,1,0,0,2.6419103145599365,4.249715328216553,0,0,2008
8,9,211d9,Tuyen Quang,Northern Midlands and Mountains,1,0,0,2.4849066734313965,5.077774524688721,0,0,2008
8,9,211d9,Tuyen Quang,Northern Midlands and Mountains,0,0,0,3.610917806625366,3.90224552154541,0,0,2008
8,9,211d9,Tuyen Quang,Northern Midlands and Mountains,1,0,1,2.9564714431762695,4.929985523223877,0,0,2008
8,9,211d9,Tuyen Quang,Northern Midlands and Mountains,1,0,0,3.066190719604492,4.021382808685303,0,0,2008
8,9,211d9,Tuyen Quang,Northern Midlands and Mountains,1,0,0,4.042700290679932,2.721184492111206,0,0,2008
8,9,211d9,Tuyen Quang,Northern Midlands and Mountains,1,0,0,3.502549886703491,4.49005651473999,0,0,2008
8,11,211d11,Tuyen Quang,Northern Midlands and Mountains,1,0,0,3.1005425453186035,4.020709991455078,0,0,2008
8,11,211d11,Tuyen Quang,Northern Midlands and Mountains,1,0,0,3.6668894290924072,3.944458246231079,0,0,2008
8,11,211d11,Tuyen Quang,Northern Midlands and Mountains,1,0,0,3.4965076446533203,3.413245677947998,0,0,2008
8,11,211d11,Tuyen Quang,Northern Midlands and Mountains,1,0,0,3.5251834392547607,4.114459037780762,0,0,2008
8,11,211d11,Tuyen Quang,Northern Midlands and Mountains,1,0,0,2.2874715328216553,4.21980619430542,0,0,2008
8,11,211d11,Tuyen Quang,Northern Midlands and Mountains,1,0,0,3.178053855895996,4.113602161407471,0,0,2008
8,11,211d11,Tuyen Quang,Northern Midlands and Mountains,1,1,0,3.9039907455444336,3.561091899871826,0,0,2008
8,11,211d11,Tuyen Quang,Northern Midlands and Mountains,1,0,0,3.435276746749878,3.6729674339294434,0,0,2008
15,1,213d1,Yen Bai,Northern Midlands and Mountains,1,0,0,1.7422189712524414,5.312230587005615,0,0,2008
15,5,213d5,Yen Bai,Northern Midlands and Mountains,0,0,0,3.621670722961426,3.347179651260376,0,0,2008
15,5,213d5,Yen Bai,Northern Midlands and Mountains,0,0,0,3.358463764190674,2.9368021488189697,0,0,2008
15,5,213d5,Yen Bai,Northern Midlands and Mountains,0,0,0,3.3318471908569336,4.107124328613281,0,0,2008
15,5,213d5,Yen Bai,Northern Midlands and Mountains,0,0,0,3.0647919178009033,3.7530386447906494,0,0,2008
15,7,213d7,Yen Bai,Northern Midlands and Mountains,1,0,1,3.589611530303955,3.3886022567749023,0,0,2008
15,7,213d7,Yen Bai,Northern Midlands and Mountains,0,0,0,2.380101442337036,3.8562681674957275,0,0,2008
15,7,213d7,Yen Bai,Northern Midlands and Mountains,1,0,0,4.322276592254639,2.863110303878784,0,0,2008
15,7,213d7,Yen Bai,Northern Midlands and Mountains,1,0,0,3.27714467048645,4.236018657684326,0,0,2008
15,7,213d7,Yen Bai,Northern Midlands and Mountains,1,0,0,3.335413694381714,3.66856050491333,0,0,2008
15,9,213d9,Yen Bai,Northern Midlands and Mountains,0,0,0,3.498324155807495,2.7321572303771973,0,0,2008
15,11,213d11,Yen Bai,Northern Midlands and Mountains,1,0,0,4.221564292907715,3.1289517879486084,0,0,2008
15,11,213d11,Yen Bai,Northern Midlands and Mountains,1,0,0,2.587764024734497,3.8999199867248535,0,0,2008
15,11,213d11,Yen Bai,Northern Midlands and Mountains,1,0,0,3.4229588508605957,3.9428539276123047,0,0,2008
15,11,213d11,Yen Bai,Northern Midlands and Mountains,1,0,0,1.6114360094070435,4.716500759124756,0,0,2008
15,11,213d11,Yen Bai,Northern Midlands and Mountains,1,0,0,2.3739750385284424,3.85650634765625,0,0,2008
15,13,213d13,Yen Bai,Northern Midlands and Mountains,1,0,0,2.670694351196289,3.9678733348846436,0,0,2008
15,13,213d13,Yen Bai,Northern Midlands and Mountains,1,0,0,4.160288333892822,3.1051414012908936,0,0,2008
15,13,213d13,Yen Bai,Northern Midlands and Mountains,1,0,0,4.056988716125488,3.4172160625457764,0,0,2008
15,13,213d13,Yen Bai,Northern Midlands and Mountains,1,0,0,3.343214988708496,3.8160767555236816,0,0,2008
15,13,213d13,Yen Bai,Northern Midlands and Mountains,1,0,0,3.3905744552612305,2.8841874599456787,0,0,2008
15,15,213d15,Yen Bai,Northern Midlands and Mountains,1,0,0,5.128833293914795,2.408596992492676,0,0,2008
15,15,213d15,Yen Bai,Northern Midlands and Mountains,1,0,0,3.0487990379333496,4.300431728363037,0,0,2008
15,15,213d15,Yen Bai,Northern Midlands and Mountains,1,0,0,3.102341890335083,4.015674114227295,0,0,2008
15,15,213d15,Yen Bai,Northern Midlands and Mountains,0,0,0,4.0172834396362305,3.0761210918426514,0,0,2008
15,15,213d15,Yen Bai,Northern Midlands and Mountains,1,0,0,3.2891478538513184,2.949176788330078,0,0,2008
15,15,213d15,Yen Bai,Northern Midlands and Mountains,1,1,0,3.4537899494171143,4.102638244628906,0,0,2008
15,17,213d17,Yen Bai,Northern Midlands and Mountains,0,0,0,2.665142774581909,3.6699116230010986,0,0,2008
19,1,215d1,Thai Nguyen,Northern Midlands and Mountains,1,0,1,2.3025851249694824,5.313206195831299,0,0,2008
19,1,215d1,Thai Nguyen,Northern Midlands and Mountains,1,0,0,2.1517622470855713,5.301219940185547,0,0,2008
19,3,215d3,Thai Nguyen,Northern Midlands and Mountains,1,0,0,2.975529670715332,4.738255023956299,0,0,2008
19,5,215d5,Thai Nguyen,Northern Midlands and Mountains,1,0,0,2.848970890045166,4.157724380493164,0,0,2008
19,5,215d5,Thai Nguyen,Northern Midlands and Mountains,1,0,0,3.2980566024780273,3.7878448963165283,0,0,2008
19,5,215d5,Thai Nguyen,Northern Midlands and Mountains,0,0,0,2.6925981044769287,3.926140785217285,0,0,2008
19,5,215d5,Thai Nguyen,Northern Midlands and Mountains,1,0,0,2.190535545349121,4.713211536407471,0,0,2008
19,7,215d7,Thai Nguyen,Northern Midlands and Mountains,1,0,0,4.087487697601318,3.109947443008423,0,0,2008
19,7,215d7,Thai Nguyen,Northern Midlands and Mountains,0,0,0,4.4264020919799805,1.8651669025421143,0,0,2008
19,7,215d7,Thai Nguyen,Northern Midlands and Mountains,1,0,0,3.5392186641693115,3.7944576740264893,0,0,2008
19,9,215d9,Thai Nguyen,Northern Midlands and Mountains,1,0,0,3.1000924110412598,4.0411529541015625,0,0,2008
19,9,215d9,Thai Nguyen,Northern Midlands and Mountains,1,0,0,3.761200189590454,3.6641576290130615,0,0,2008
19,9,215d9,Thai Nguyen,Northern Midlands and Mountains,1,0,0,2.8213789463043213,5.294440746307373,0,0,2008
19,9,215d9,Thai Nguyen,Northern Midlands and Mountains,1,0,0,3.2311995029449463,4.621628284454346,0,0,2008
19,11,215d11,Thai Nguyen,Northern Midlands and Mountains,1,0,0,3.2098753452301025,4.413277626037598,0,0,2008
19,11,215d11,Thai Nguyen,Northern Midlands and Mountains,1,0,0,2.1517622470855713,5.301219940185547,0,0,2008
19,11,215d11,Thai Nguyen,Northern Midlands and Mountains,1,0,0,3.4461708068847656,3.8262276649475098,0,0,2008
19,11,215d11,Thai Nguyen,Northern Midlands and Mountains,1,0,0,2.8112082481384277,3.674952507019043,0,0,2008
19,13,215d13,Thai Nguyen,Northern Midlands and Mountains,1,0,0,2.4033350944519043,4.9257588386535645,0,0,2008
19,13,215d13,Thai Nguyen,Northern Midlands and Mountains,1,0,0,3.7492687702178955,2.999490737915039,0,0,2008
19,13,215d13,Thai Nguyen,Northern Midlands and Mountains,1,0,0,3.206803321838379,4.316137790679932,0,0,2008
19,13,215d13,Thai Nguyen,Northern Midlands and Mountains,0,0,0,3.0449984073638916,4.298427581787109,0,0,2008
19,13,215d13,Thai Nguyen,Northern Midlands and Mountains,1,0,0,3.7376697063446045,4.2927398681640625,0,0,2008
19,13,215d13,Thai Nguyen,Northern Midlands and Mountains,0,0,0,2.6741485595703125,4.602407932281494,0,0,2008
19,13,215d13,Thai Nguyen,Northern Midlands and Mountains,1,0,0,2.730463743209839,4.805366516113281,0,0,2008
19,15,215d15,Thai Nguyen,Northern Midlands and Mountains,1,0,0,2.5336968898773193,5.072690486907959,0,0,2008
19,15,215d15,Thai Nguyen,Northern Midlands and Mountains,1,0,0,2.554898977279663,4.914755344390869,0,0,2008
19,15,215d15,Thai Nguyen,Northern Midlands and Mountains,1,0,0,1.997417688369751,5.489195823669434,0,0,2008
19,15,215d15,Thai Nguyen,Northern Midlands and Mountains,1,0,0,2.110213279724121,4.795539855957031,0,0,2008
19,15,215d15,Thai Nguyen,Northern Midlands and Mountains,1,0,0,2.397895336151123,4.74572229385376,0,0,2008
19,15,215d15,Thai Nguyen,Northern Midlands and Mountains,1,0,0,2.0756845474243164,5.274831771850586,0,0,2008
19,17,215d17,Thai Nguyen,Northern Midlands and Mountains,1,0,0,2.6810214519500732,5.312260627746582,0,0,2008
19,17,215d17,Thai Nguyen,Northern Midlands and Mountains,0,0,0,3.9740583896636963,4.097160339355469,0,0,2008
19,17,215d17,Thai Nguyen,Northern Midlands and Mountains,1,0,0,2.163322925567627,5.597996234893799,0,0,2008
19,17,215d17,Thai Nguyen,Northern Midlands and Mountains,1,0,1,2.1327452659606934,5.262976169586182,0,0,2008
19,17,215d17,Thai Nguyen,Northern Midlands and Mountains,1,0,0,2.676215410232544,4.988131046295166,0,0,2008
25,1,217d1,Phu Tho,Northern Midlands and Mountains,1,0,0,1.7735955715179443,5.8578362464904785,0,0,2008
25,1,217d1,Phu Tho,Northern Midlands and Mountains,1,0,0,1.9018089771270752,5.810635089874268,0,0,2008
25,3,217d3,Phu Tho,Northern Midlands and Mountains,1,0,0,1.8405497074127197,5.700603008270264,0,0,2008
25,5,217d5,Phu Tho,Northern Midlands and Mountains,1,0,0,2.4655539989471436,4.485260963439941,0,0,2008
25,5,217d5,Phu Tho,Northern Midlands and Mountains,1,0,0,2.5392370223999023,4.907348155975342,0,0,2008
25,5,217d5,Phu Tho,Northern Midlands and Mountains,1,0,0,2.468099594116211,4.39465856552124,0,0,2008
25,5,217d5,Phu Tho,Northern Midlands and Mountains,1,0,0,1.6030173301696777,4.849031448364258,0,0,2008
25,7,217d7,Phu Tho,Northern Midlands and Mountains,1,0,0,1.7833912372589111,4.616866111755371,0,0,2008
25,7,217d7,Phu Tho,Northern Midlands and Mountains,1,0,0,2.507157325744629,4.3387227058410645,0,0,2008
25,7,217d7,Phu Tho,Northern Midlands and Mountains,1,0,0,1.9473377466201782,4.77649450302124,0,0,2008
25,7,217d7,Phu Tho,Northern Midlands and Mountains,1,0,0,2.728506326675415,4.55425500869751,0,0,2008
25,9,217d9,Phu Tho,Northern Midlands and Mountains,1,0,0,1.291983723640442,6.164470672607422,0,0,2008
25,9,217d9,Phu Tho,Northern Midlands and Mountains,0,0,0,2.7120423316955566,4.623591899871826,0,0,2008
25,9,217d9,Phu Tho,Northern Midlands and Mountains,1,0,0,2.5336968898773193,4.880876064300537,0,0,2008
25,9,217d9,Phu Tho,Northern Midlands and Mountains,1,0,0,2.054123640060425,4.83444881439209,0,0,2008
25,9,217d9,Phu Tho,Northern Midlands and Mountains,1,0,0,1.9878743886947632,5.225157260894775,0,0,2008
25,11,217d11,Phu Tho,Northern Midlands and Mountains,1,0,0,1.7474591732025146,5.221391201019287,0,0,2008
25,11,217d11,Phu Tho,Northern Midlands and Mountains,1,0,0,1.8389610052108765,5.2223734855651855,0,0,2008
25,11,217d11,Phu Tho,Northern Midlands and Mountains,1,0,0,2.220289945602417,4.5550761222839355,0,0,2008
25,12,217d12,Phu Tho,Northern Midlands and Mountains,1,0,0,4.1303229331970215,3.0550642013549805,0,0,2008
25,12,217d12,Phu Tho,Northern Midlands and Mountains,1,0,0,2.0281481742858887,5.6816086769104,0,0,2008
25,12,217d12,Phu Tho,Northern Midlands and Mountains,1,0,0,1.888129711151123,5.729629993438721,0,0,2008
25,12,217d12,Phu Tho,Northern Midlands and Mountains,1,0,1,2.3570733070373535,5.122790813446045,0,0,2008
25,12,217d12,Phu Tho,Northern Midlands and Mountains,1,0,0,1.6486586332321167,5.867230415344238,0,0,2008
25,13,217d13,Phu Tho,Northern Midlands and Mountains,1,0,0,1.8389610052108765,5.212028503417969,0,0,2008
25,13,217d13,Phu Tho,Northern Midlands and Mountains,1,0,0,2.6397714614868164,4.532653331756592,0,0,2008
25,13,217d13,Phu Tho,Northern Midlands and Mountains,1,0,0,1.5769147872924805,5.134825706481934,0,0,2008
25,13,217d13,Phu Tho,Northern Midlands and Mountains,1,0,0,1.1724821329116821,5.75605583190918,0,0,2008
25,15,217d15,Phu Tho,Northern Midlands and Mountains,1,0,0,3.4213268756866455,3.785792112350464,0,0,2008
25,15,217d15,Phu Tho,Northern Midlands and Mountains,1,0,0,3.3509562015533447,3.8464791774749756,0,0,2008
25,15,217d15,Phu Tho,Northern Midlands and Mountains,1,0,0,3.2850379943847656,4.199330806732178,0,0,2008
25,17,217d17,Phu Tho,Northern Midlands and Mountains,1,0,0,1.5518087148666382,5.14769172668457,0,0,2008
25,17,217d17,Phu Tho,Northern Midlands and Mountains,1,0,0,2.646174907684326,4.0195088386535645,0,0,2008
25,17,217d17,Phu Tho,Northern Midlands and Mountains,1,0,0,1.3344746828079224,4.826732635498047,0,0,2008
25,17,217d17,Phu Tho,Northern Midlands and Mountains,1,0,0,1.376244068145752,5.388794898986816,0,0,2008
25,18,217d18,Phu Tho,Northern Midlands and Mountains,1,0,0,1.6154199838638306,5.411006927490234,0,0,2008
25,18,217d18,Phu Tho,Northern Midlands and Mountains,1,0,0,1.8809906244277954,5.206583023071289,0,0,2008
25,19,217d19,Phu Tho,Northern Midlands and Mountains,1,0,0,3.2306859493255615,3.8280723094940186,0,0,2008
25,19,217d19,Phu Tho,Northern Midlands and Mountains,1,0,0,3.452207326889038,3.284759759902954,0,0,2008
25,19,217d19,Phu Tho,Northern Midlands and Mountains,0,0,0,3.5986812114715576,2.8390705585479736,0,0,2008
25,20,217d20,Phu Tho,Northern Midlands and Mountains,1,0,0,4.354398250579834,2.8072235584259033,0,0,2008
25,20,217d20,Phu Tho,Northern Midlands and Mountains,1,0,0,2.993830442428589,3.519399642944336,0,0,2008
25,20,217d20,Phu Tho,Northern Midlands and Mountains,1,0,0,2.9311938285827637,4.277406692504883,0,0,2008
24,1,221d1,Bac Giang,Northern Midlands and Mountains,1,0,1,1.5390154123306274,6.236680507659912,0,0,2008
24,3,221d3,Bac Giang,Northern Midlands and Mountains,1,1,0,3.399195432662964,3.880812883377075,0,0,2008
24,3,221d3,Bac Giang,Northern Midlands and Mountains,1,0,0,7.004881858825684,-0.0627252608537674,0,0,2008
24,3,221d3,Bac Giang,Northern Midlands and Mountains,1,0,0,1.7749524116516113,5.630543231964111,0,0,2008
24,5,221d5,Bac Giang,Northern Midlands and Mountains,1,0,0,6.830009937286377,0.6390739679336548,0,0,2008
24,5,221d5,Bac Giang,Northern Midlands and Mountains,1,0,0,2.3034846782684326,5.305386066436768,0,0,2008
24,5,221d5,Bac Giang,Northern Midlands and Mountains,1,0,0,7.010312080383301,0.6786015033721924,0,0,2008
24,5,221d5,Bac Giang,Northern Midlands and Mountains,1,0,0,2.441477060317993,4.944993495941162,0,0,2008
24,5,221d5,Bac Giang,Northern Midlands and Mountains,1,0,0,2.7271335124969482,5.193675994873047,0,0,2008
24,5,221d5,Bac Giang,Northern Midlands and Mountains,1,0,0,1.7538845539093018,5.36978816986084,0,0,2008
24,7,221d7,Bac Giang,Northern Midlands and Mountains,1,0,0,2.2884862422943115,4.96498441696167,0,0,2008
24,7,221d7,Bac Giang,Northern Midlands and Mountains,1,1,0,4.098137378692627,3.0781171321868896,0,0,2008
24,7,221d7,Bac Giang,Northern Midlands and Mountains,1,0,0,7.15461540222168,0.49030399322509766,0,0,2008
24,7,221d7,Bac Giang,Northern Midlands and Mountains,1,0,0,5.693732261657715,1.7598296403884888,0,0,2008
24,7,221d7,Bac Giang,Northern Midlands and Mountains,1,1,0,3.7398102283477783,3.5150744915008545,0,0,2008
24,9,221d9,Bac Giang,Northern Midlands and Mountains,1,0,0,1.5892351865768433,5.517370700836182,0,0,2008
24,9,221d9,Bac Giang,Northern Midlands and Mountains,1,0,0,7.141244888305664,0.9604325890541077,0,0,2008
24,9,221d9,Bac Giang,Northern Midlands and Mountains,1,0,0,6.777646541595459,1.1016448736190796,0,0,2008
24,9,221d9,Bac Giang,Northern Midlands and Mountains,1,0,0,2.2884862422943115,5.812282085418701,0,0,2008
24,9,221d9,Bac Giang,Northern Midlands and Mountains,1,0,0,2.4159138202667236,5.399293422698975,0,0,2008
24,9,221d9,Bac Giang,Northern Midlands and Mountains,0,0,0,2.3263015747070312,5.376254558563232,0,0,2008
24,9,221d9,Bac Giang,Northern Midlands and Mountains,1,0,0,1.3350011110305786,5.137345314025879,0,0,2008
24,9,221d9,Bac Giang,Northern Midlands and Mountains,1,0,0,2.810004949569702,5.218776226043701,0,0,2008
24,11,221d11,Bac Giang,Northern Midlands and Mountains,1,0,0,2.4283363819122314,5.272863864898682,0,0,2008
24,11,221d11,Bac Giang,Northern Midlands and Mountains,0,0,0,2.080690860748291,5.543928146362305,0,0,2008
24,11,221d11,Bac Giang,Northern Midlands and Mountains,1,0,0,2.399711847305298,5.2735114097595215,0,0,2008
24,11,221d11,Bac Giang,Northern Midlands and Mountains,1,0,0,5.0998663902282715,2.672886371612549,0,0,2008
24,11,221d11,Bac Giang,Northern Midlands and Mountains,1,0,0,2.649714708328247,5.2983174324035645,0,0,2008
24,11,221d11,Bac Giang,Northern Midlands and Mountains,1,1,0,2.3513753414154053,5.34392786026001,0,0,2008
24,11,221d11,Bac Giang,Northern Midlands and Mountains,1,0,0,2.468099594116211,5.4816975593566895,0,0,2008
24,13,221d13,Bac Giang,Northern Midlands and Mountains,1,0,0,4.264087200164795,2.5817925930023193,0,0,2008
24,13,221d13,Bac Giang,Northern Midlands and Mountains,1,0,0,5.92958927154541,0.3929760754108429,0,0,2008
24,15,221d15,Bac Giang,Northern Midlands and Mountains,1,0,0,3.158701181411743,4.857616901397705,0,0,2008
24,15,221d15,Bac Giang,Northern Midlands and Mountains,1,0,0,3.332204580307007,4.236690998077393,0,0,2008
24,15,221d15,Bac Giang,Northern Midlands and Mountains,1,0,0,5.081404209136963,2.7034850120544434,0,0,2008
24,15,221d15,Bac Giang,Northern Midlands and Mountains,1,0,0,2.9359822273254395,4.768378734588623,0,0,2008
24,15,221d15,Bac Giang,Northern Midlands and Mountains,1,0,0,4.025351524353027,4.050541877746582,0,0,2008
24,15,221d15,Bac Giang,Northern Midlands and Mountains,1,0,0,3.269948959350586,4.533077716827393,0,0,2008
24,15,221d15,Bac Giang,Northern Midlands and Mountains,1,0,0,2.77944016456604,5.058114051818848,0,0,2008
24,17,221d17,Bac Giang,Northern Midlands and Mountains,1,0,0,2.2565412521362305,5.427322864532471,0,0,2008
24,17,221d17,Bac Giang,Northern Midlands and Mountains,1,1,0,2.0918641090393066,5.498482704162598,0,0,2008
24,17,221d17,Bac Giang,Northern Midlands and Mountains,0,1,0,2.509599208831787,5.194761753082275,0,0,2008
24,17,221d17,Bac Giang,Northern Midlands and Mountains,0,0,0,6.809701442718506,0.8978108763694763,0,0,2008
24,17,221d17,Bac Giang,Northern Midlands and Mountains,1,0,0,2.4283363819122314,5.262863636016846,0,0,2008
24,17,221d17,Bac Giang,Northern Midlands and Mountains,1,0,0,1.921324610710144,5.778064727783203,0,0,2008
24,19,221d19,Bac Giang,Northern Midlands and Mountains,1,0,0,1.8453001976013184,5.678181171417236,0,0,2008
24,19,221d19,Bac Giang,Northern Midlands and Mountains,1,0,0,2.100468873977661,5.4230122566223145,0,0,2008
24,19,221d19,Bac Giang,Northern Midlands and Mountains,1,0,0,2.525728702545166,5.060567378997803,0,0,2008
24,19,221d19,Bac Giang,Northern Midlands and Mountains,1,0,0,2.057962417602539,5.560288429260254,0,0,2008
24,19,221d19,Bac Giang,Northern Midlands and Mountains,1,0,0,2.2027647495269775,5.288322925567627,0,0,2008
24,19,221d19,Bac Giang,Northern Midlands and Mountains,1,0,0,2.1552445888519287,5.310983180999756,0,0,2008
22,3,225d3,Quang Ninh,Red River Delta,1,0,0,3.881563901901245,2.6076412200927734,0,0,2008
22,3,225d3,Quang Ninh,Red River Delta,0,1,1,4.028026580810547,4.221287250518799,0,0,2008
22,5,225d5,Quang Ninh,Red River Delta,1,0,0,3.1738784313201904,4.754527568817139,0,0,2008
22,6,225d6,Quang Ninh,Red River Delta,1,0,0,3.534562110900879,3.603510856628418,0,0,2008
22,6,225d6,Quang Ninh,Red River Delta,1,0,0,3.6612513065338135,4.025828838348389,0,0,2008
22,7,225d7,Quang Ninh,Red River Delta,0,0,0,4.142340660095215,2.4101672172546387,0,0,2008
22,11,225d11,Quang Ninh,Red River Delta,0,0,0,2.4997951984405518,3.72278094291687,0,0,2008
22,12,225d12,Quang Ninh,Red River Delta,1,0,0,4.144245147705078,2.640211820602417,0,0,2008
22,12,225d12,Quang Ninh,Red River Delta,1,0,0,3.440418004989624,3.158090829849243,0,0,2008
22,13,225d13,Quang Ninh,Red River Delta,1,1,0,4.010056972503662,3.23559832572937,0,0,2008
22,17,225d17,Quang Ninh,Red River Delta,1,1,0,3.3509562015533447,4.271218299865723,0,0,2008
22,19,225d19,Quang Ninh,Red River Delta,1,1,0,6.634633541107178,-1.1131724119186401,0,0,2008
22,19,225d19,Quang Ninh,Red River Delta,1,0,0,4.2682976722717285,2.6263720989227295,0,0,2008
22,21,225d21,Quang Ninh,Red River Delta,1,0,0,2.3223876953125,5.33063268661499,0,0,2008
22,21,225d21,Quang Ninh,Red River Delta,1,0,0,4.418840408325195,2.990295886993408,0,0,2008
22,21,225d21,Quang Ninh,Red River Delta,1,1,0,4.055257320404053,3.35387921333313,0,0,2008
22,21,225d21,Quang Ninh,Red River Delta,1,1,0,1.8405497074127197,5.801974296569824,0,0,2008
22,21,225d21,Quang Ninh,Red River Delta,1,0,0,4.316421031951904,3.1577839851379395,0,0,2008
22,21,225d21,Quang Ninh,Red River Delta,1,0,0,2.345644474029541,5.1772966384887695,0,0,2008
22,25,225d25,Quang Ninh,Red River Delta,1,0,0,3.407841920852661,4.046877861022949,0,0,2008
22,25,225d25,Quang Ninh,Red River Delta,1,0,0,2.6810214519500732,4.416527271270752,0,0,2008
22,25,225d25,Quang Ninh,Red River Delta,1,0,0,3.2995338439941406,4.287776947021484,0,0,2008
22,25,225d25,Quang Ninh,Red River Delta,1,0,0,2.8213789463043213,4.621699333190918,0,0,2008
22,25,225d25,Quang Ninh,Red River Delta,1,0,0,2.4336133003234863,5.186601638793945,0,0,2008
12,5,301d5,Lai Chau,Northern Midlands and Mountains,0,0,0,2.826603412628174,3.99450421333313,0,0,2008
12,5,301d5,Lai Chau,Northern Midlands and Mountains,0,0,0,2.6032822132110596,3.642824649810791,0,0,2008
12,5,301d5,Lai Chau,Northern Midlands and Mountains,0,0,0,4.682131290435791,0.5489773750305176,0,0,2008
12,7,301d7,Lai Chau,Northern Midlands and Mountains,0,0,0,5.821049690246582,0.07335302233695984,0,0,2008
12,7,301d7,Lai Chau,Northern Midlands and Mountains,0,0,0,4.874051570892334,2.0406792163848877,0,0,2008
12,7,301d7,Lai Chau,Northern Midlands and Mountains,0,0,0,4.239598751068115,2.810523748397827,0,0,2008
12,7,301d7,Lai Chau,Northern Midlands and Mountains,1,1,0,3.5717837810516357,3.397066593170166,0,0,2008
12,7,301d7,Lai Chau,Northern Midlands and Mountains,0,0,0,4.833373069763184,2.087298631668091,0,0,2008
12,7,301d7,Lai Chau,Northern Midlands and Mountains,0,0,0,3.7479734420776367,1.8724273443222046,0,0,2008
12,7,301d7,Lai Chau,Northern Midlands and Mountains,1,0,0,3.2072079181671143,3.289566993713379,0,0,2008
12,8,301d8,Lai Chau,Northern Midlands and Mountains,1,0,0,4.342375755310059,2.340985059738159,0,0,2008
12,8,301d8,Lai Chau,Northern Midlands and Mountains,0,0,0,3.1907644271850586,2.993384599685669,0,0,2008
12,8,301d8,Lai Chau,Northern Midlands and Mountains,1,0,0,3.590604782104492,2.4708521366119385,0,0,2008
12,8,301d8,Lai Chau,Northern Midlands and Mountains,1,0,0,3.3170547485351562,3.606574058532715,0,0,2008
12,8,301d8,Lai Chau,Northern Midlands and Mountains,1,0,0,3.662278890609741,2.589625120162964,0,0,2008
12,8,301d8,Lai Chau,Northern Midlands and Mountains,0,0,0,3.9264583587646484,2.419178009033203,0,0,2008
12,8,301d8,Lai Chau,Northern Midlands and Mountains,1,0,0,3.3156394958496094,2.3780925273895264,0,0,2008
12,9,301d9,Lai Chau,Northern Midlands and Mountains,0,0,0,4.210941791534424,2.7331454753875732,0,0,2008
12,9,301d9,Lai Chau,Northern Midlands and Mountains,1,0,0,3.4767067432403564,2.1827754974365234,0,0,2008
12,9,301d9,Lai Chau,Northern Midlands and Mountains,1,0,0,4.823019504547119,1.4703994989395142,0,0,2008
12,9,301d9,Lai Chau,Northern Midlands and Mountains,0,0,0,4.312127113342285,2.158672332763672,0,0,2008
12,9,301d9,Lai Chau,Northern Midlands and Mountains,1,0,0,4.912434101104736,1.8479803800582886,0,0,2008
12,9,301d9,Lai Chau,Northern Midlands and Mountains,0,0,0,4.734705924987793,1.6885408163070679,0,0,2008
12,11,301d11,Lai Chau,Northern Midlands and Mountains,1,0,0,4.125196933746338,2.3730850219726562,0,0,2008
12,11,301d11,Lai Chau,Northern Midlands and Mountains,1,1,0,3.7613162994384766,3.1139156818389893,0,0,2008
12,11,301d11,Lai Chau,Northern Midlands and Mountains,0,0,0,4.335851669311523,1.8104774951934814,0,0,2008
12,11,301d11,Lai Chau,Northern Midlands and Mountains,1,0,0,4.2403764724731445,3.131112575531006,0,0,2008
12,11,301d11,Lai Chau,Northern Midlands and Mountains,0,0,0,3.8526976108551025,3.3807578086853027,0,0,2008
12,11,301d11,Lai Chau,Northern Midlands and Mountains,0,0,0,4.577387809753418,2.1524362564086914,0,0,2008
11,1,302d1,Dien Bien,Northern Midlands and Mountains,1,0,0,3.214064121246338,2.8069591522216797,0,0,2008
11,3,302d3,Dien Bien,Northern Midlands and Mountains,1,0,0,4.0965256690979,2.7321865558624268,0,0,2008
11,5,302d5,Dien Bien,Northern Midlands and Mountains,0,1,0,5.635468006134033,1.2050786018371582,0,0,2008
11,5,302d5,Dien Bien,Northern Midlands and Mountains,1,0,0,5.277144908905029,1.2241448163986206,0,0,2008
11,7,302d7,Dien Bien,Northern Midlands and Mountains,1,0,0,3.916612386703491,1.6555415391921997,0,0,2008
11,7,302d7,Dien Bien,Northern Midlands and Mountains,1,0,0,4.22610330581665,3.027366876602173,0,0,2008
11,7,302d7,Dien Bien,Northern Midlands and Mountains,1,0,0,4.484131813049316,1.989758849143982,0,0,2008
11,9,302d9,Dien Bien,Northern Midlands and Mountains,0,0,0,4.737250328063965,1.6630069017410278,0,0,2008
11,9,302d9,Dien Bien,Northern Midlands and Mountains,0,0,0,5.143474578857422,1.2600994110107422,0,0,2008
11,9,302d9,Dien Bien,Northern Midlands and Mountains,0,0,0,4.744149208068848,1.3695329427719116,0,0,2008
11,9,302d9,Dien Bien,Northern Midlands and Mountains,1,0,0,4.592389106750488,1.41642427444458,0,0,2008
11,11,302d11,Dien Bien,Northern Midlands and Mountains,1,0,0,3.9544501304626465,2.992525815963745,0,0,2008
11,11,302d11,Dien Bien,Northern Midlands and Mountains,1,0,0,5.356680393218994,1.6626160144805908,0,0,2008
11,11,302d11,Dien Bien,Northern Midlands and Mountains,0,0,0,4.8456034660339355,2.3450727462768555,0,0,2008
11,11,302d11,Dien Bien,Northern Midlands and Mountains,0,0,0,5.135916233062744,1.0461688041687012,0,0,2008
11,11,302d11,Dien Bien,Northern Midlands and Mountains,1,0,0,4.931361198425293,1.8710336685180664,0,0,2008
11,13,302d13,Dien Bien,Northern Midlands and Mountains,1,0,0,4.8080291748046875,2.228119134902954,0,0,2008
11,13,302d13,Dien Bien,Northern Midlands and Mountains,1,0,0,4.309859275817871,2.6117990016937256,0,0,2008
11,13,302d13,Dien Bien,Northern Midlands and Mountains,1,1,0,2.969439744949341,4.476561546325684,0,0,2008
11,13,302d13,Dien Bien,Northern Midlands and Mountains,1,0,0,2.5649492740631104,4.983606815338135,0,0,2008
11,13,302d13,Dien Bien,Northern Midlands and Mountains,1,0,0,4.517322063446045,2.8777854442596436,0,0,2008
11,13,302d13,Dien Bien,Northern Midlands and Mountains,1,0,0,2.9549102783203125,4.50787878036499,0,0,2008
11,15,302d15,Dien Bien,Northern Midlands and Mountains,1,0,0,4.829353332519531,1.8787308931350708,0,0,2008
11,15,302d15,Dien Bien,Northern Midlands and Mountains,0,0,0,4.117572784423828,2.294245719909668,0,0,2008
11,15,302d15,Dien Bien,Northern Midlands and Mountains,0,0,0,4.938781261444092,1.8123202323913574,0,0,2008
11,15,302d15,Dien Bien,Northern Midlands and Mountains,0,0,0,4.694279193878174,1.2326467037200928,0,0,2008
11,15,302d15,Dien Bien,Northern Midlands and Mountains,1,0,0,4.279384613037109,1.9972587823867798,0,0,2008
11,16,302d16,Dien Bien,Northern Midlands and Mountains,0,0,0,3.579789876937866,2.4240972995758057,0,0,2008
14,3,303d3,Son La,Northern Midlands and Mountains,1,1,0,4.410735607147217,3.174037456512451,0,0,2008
14,5,303d5,Son La,Northern Midlands and Mountains,0,0,0,4.794798374176025,1.5473231077194214,0,0,2008
14,5,303d5,Son La,Northern Midlands and Mountains,0,0,0,4.263805866241455,2.7932310104370117,0,0,2008
14,5,303d5,Son La,Northern Midlands and Mountains,1,0,0,4.567509651184082,1.8813796043395996,0,0,2008
14,7,303d7,Son La,Northern Midlands and Mountains,1,1,0,4.519721031188965,2.5569326877593994,0,0,2008
14,7,303d7,Son La,Northern Midlands and Mountains,1,0,0,4.145037651062012,3.139097213745117,0,0,2008
14,7,303d7,Son La,Northern Midlands and Mountains,0,0,0,5.048252105712891,1.8605026006698608,0,0,2008
14,7,303d7,Son La,Northern Midlands and Mountains,1,0,0,3.3192639350891113,2.8751413822174072,0,0,2008
14,7,303d7,Son La,Northern Midlands and Mountains,1,0,0,3.1566600799560547,4.39819860458374,0,0,2008
14,9,303d9,Son La,Northern Midlands and Mountains,1,0,0,4.35850191116333,1.9048961400985718,0,0,2008
14,9,303d9,Son La,Northern Midlands and Mountains,0,0,0,4.036962509155273,2.301631450653076,0,0,2008
14,11,303d11,Son La,Northern Midlands and Mountains,1,1,0,3.361069679260254,3.8378617763519287,0,0,2008
14,11,303d11,Son La,Northern Midlands and Mountains,1,1,0,4.509759902954102,2.0004982948303223,0,0,2008
14,11,303d11,Son La,Northern Midlands and Mountains,0,0,0,3.840097188949585,2.440298557281494,0,0,2008
14,11,303d11,Son La,Northern Midlands and Mountains,1,0,0,3.8238472938537598,3.392862319946289,0,0,2008
14,13,303d13,Son La,Northern Midlands and Mountains,0,0,0,6.739099979400635,1.1820728778839111,0,0,2008
14,13,303d13,Son La,Northern Midlands and Mountains,0,0,0,5.8478827476501465,0.3505958914756775,0,0,2008
14,13,303d13,Son La,Northern Midlands and Mountains,0,0,0,3.5868465900421143,3.6609458923339844,0,0,2008
14,15,303d15,Son La,Northern Midlands and Mountains,0,0,0,4.381526470184326,2.5151679515838623,0,0,2008
14,15,303d15,Son La,Northern Midlands and Mountains,0,0,0,4.919177532196045,1.9467133283615112,0,0,2008
14,15,303d15,Son La,Northern Midlands and Mountains,0,0,0,4.2246413230896,2.29302978515625,0,0,2008
14,15,303d15,Son La,Northern Midlands and Mountains,1,1,0,4.707726955413818,3.010958671569824,0,0,2008
14,15,303d15,Son La,Northern Midlands and Mountains,1,0,0,4.448282241821289,3.203313112258911,0,0,2008
14,17,303d17,Son La,Northern Midlands and Mountains,1,0,0,4.280824184417725,2.949014663696289,0,0,2008
14,17,303d17,Son La,Northern Midlands and Mountains,1,0,0,4.220977306365967,2.4485208988189697,0,0,2008
14,17,303d17,Son La,Northern Midlands and Mountains,1,1,0,4.52461051940918,3.033384323120117,0,0,2008
14,19,303d19,Son La,Northern Midlands and Mountains,0,0,0,4.702841281890869,1.906507968902588,0,0,2008
14,19,303d19,Son La,Northern Midlands and Mountains,0,0,0,4.465332984924316,1.7167516946792603,0,0,2008
14,19,303d19,Son La,Northern Midlands and Mountains,0,1,0,3.7796337604522705,3.0316107273101807,0,0,2008
14,19,303d19,Son La,Northern Midlands and Mountains,0,0,0,3.6953582763671875,2.9715983867645264,0,0,2008
17,1,305d1,Hoa Binh,Northern Midlands and Mountains,1,0,0,3.2188758850097656,3.4694788455963135,0,0,2008
17,3,305d3,Hoa Binh,Northern Midlands and Mountains,0,0,0,3.716008186340332,2.641834259033203,0,0,2008
17,3,305d3,Hoa Binh,Northern Midlands and Mountains,1,0,0,3.6635615825653076,2.409482955932617,0,0,2008
17,5,305d5,Hoa Binh,Northern Midlands and Mountains,1,0,0,2.7978909015655518,3.4636008739471436,0,0,2008
17,5,305d5,Hoa Binh,Northern Midlands and Mountains,1,0,0,2.8735647201538086,3.5800602436065674,0,0,2008
17,7,305d7,Hoa Binh,Northern Midlands and Mountains,1,0,0,2.7107133865356445,4.643649101257324,0,0,2008
17,7,305d7,Hoa Binh,Northern Midlands and Mountains,1,0,0,2.9601049423217773,3.6260666847229004,0,0,2008
17,9,305d9,Hoa Binh,Northern Midlands and Mountains,1,0,0,2.5447466373443604,4.291512489318848,0,0,2008
17,9,305d9,Hoa Binh,Northern Midlands and Mountains,1,0,0,3.0315818786621094,4.079113960266113,0,0,2008
17,9,305d9,Hoa Binh,Northern Midlands and Mountains,1,0,0,3.511545419692993,3.4306113719940186,0,0,2008
17,9,305d9,Hoa Binh,Northern Midlands and Mountains,1,0,0,3.5923686027526855,3.2221744060516357,0,0,2008
17,10,305d10,Hoa Binh,Northern Midlands and Mountains,1,0,0,2.1329822540283203,4.063461780548096,0,0,2008
17,11,305d11,Hoa Binh,Northern Midlands and Mountains,1,0,0,3.4339871406555176,3.0807254314422607,0,0,2008
17,11,305d11,Hoa Binh,Northern Midlands and Mountains,1,0,0,3.1389663219451904,3.8722474575042725,0,0,2008
17,11,305d11,Hoa Binh,Northern Midlands and Mountains,1,0,0,3.835141897201538,3.1974823474884033,0,0,2008
17,11,305d11,Hoa Binh,Northern Midlands and Mountains,1,0,0,4.283586502075195,2.844107151031494,0,0,2008
17,11,305d11,Hoa Binh,Northern Midlands and Mountains,1,0,0,3.0587069988250732,3.6888794898986816,0,0,2008
17,11,305d11,Hoa Binh,Northern Midlands and Mountains,1,0,0,3.549617290496826,3.0771002769470215,0,0,2008
17,13,305d13,Hoa Binh,Northern Midlands and Mountains,1,0,0,3.47165584564209,3.643113613128662,0,0,2008
17,13,305d13,Hoa Binh,Northern Midlands and Mountains,1,0,0,2.203869104385376,3.8829054832458496,0,0,2008
17,13,305d13,Hoa Binh,Northern Midlands and Mountains,1,0,0,2.996731758117676,3.953124761581421,0,0,2008
17,15,305d15,Hoa Binh,Northern Midlands and Mountains,1,0,0,3.116621494293213,3.8754749298095703,0,0,2008
17,15,305d15,Hoa Binh,Northern Midlands and Mountains,1,0,0,3.495901346206665,2.6547014713287354,0,0,2008
17,15,305d15,Hoa Binh,Northern Midlands and Mountains,1,0,0,2.718660354614258,4.593893051147461,0,0,2008
17,15,305d15,Hoa Binh,Northern Midlands and Mountains,1,0,0,3.572345495223999,3.0869483947753906,0,0,2008
17,15,305d15,Hoa Binh,Northern Midlands and Mountains,1,0,0,2.6644465923309326,4.74165678024292,0,0,2008
17,15,305d15,Hoa Binh,Northern Midlands and Mountains,1,0,0,2.3896796703338623,4.107095241546631,0,0,2008
17,17,305d17,Hoa Binh,Northern Midlands and Mountains,0,0,0,2.74019455909729,4.323709487915039,0,0,2008
17,17,305d17,Hoa Binh,Northern Midlands and Mountains,0,0,0,3.6838669776916504,2.995732307434082,0,0,2008
17,19,305d19,Hoa Binh,Northern Midlands and Mountains,1,0,0,2.584752082824707,4.093590259552002,0,0,2008
17,19,305d19,Hoa Binh,Northern Midlands and Mountains,1,0,0,3.341447353363037,3.801380157470703,0,0,2008
38,1,401d1,Thanh Hoa,North and South Central Coast,1,0,0,1.2781522274017334,6.157285690307617,0,0,2008
38,3,401d3,Thanh Hoa,North and South Central Coast,1,0,0,2.2575876712799072,5.619809627532959,0,0,2008
38,9,401d9,Thanh Hoa,North and South Central Coast,0,0,0,3.65558123588562,2.576866865158081,0,0,2008
38,11,401d11,Thanh Hoa,North and South Central Coast,1,0,0,3.7822558879852295,2.387354850769043,0,0,2008
38,13,401d13,Thanh Hoa,North and South Central Coast,0,0,0,3.3357696533203125,3.356314182281494,0,0,2008
38,13,401d13,Thanh Hoa,North and South Central Coast,1,0,0,3.1090610027313232,4.140864372253418,0,0,2008
38,15,401d15,Thanh Hoa,North and South Central Coast,1,1,0,2.860943078994751,4.747927665710449,0,0,2008
38,15,401d15,Thanh Hoa,North and South Central Coast,0,1,0,3.8220982551574707,3.57177996635437,0,0,2008
38,15,401d15,Thanh Hoa,North and South Central Coast,0,0,0,3.6323091983795166,3.338421106338501,0,0,2008
38,19,401d19,Thanh Hoa,North and South Central Coast,1,0,0,3.021399974822998,4.219966411590576,0,0,2008
38,19,401d19,Thanh Hoa,North and South Central Coast,1,0,0,3.790984630584717,2.7237279415130615,0,0,2008
38,19,401d19,Thanh Hoa,North and South Central Coast,1,0,0,2.375835657119751,4.675153732299805,0,0,2008
38,21,401d21,Thanh Hoa,North and South Central Coast,1,0,0,3.462700128555298,4.251977443695068,0,0,2008
38,21,401d21,Thanh Hoa,North and South Central Coast,1,0,0,3.5487263202667236,4.049673080444336,0,0,2008
38,21,401d21,Thanh Hoa,North and South Central Coast,0,0,0,3.9197134971618652,3.2103850841522217,0,0,2008
38,21,401d21,Thanh Hoa,North and South Central Coast,1,0,0,3.1738784313201904,3.779805898666382,0,0,2008
38,23,401d23,Thanh Hoa,North and South Central Coast,0,0,0,4.033178329467773,3.09371280670166,0,0,2008
38,25,401d25,Thanh Hoa,North and South Central Coast,1,0,0,2.859339714050293,3.24768328666687,0,0,2008
38,27,401d27,Thanh Hoa,North and South Central Coast,1,0,0,3.7485623359680176,3.7245066165924072,0,0,2008
38,27,401d27,Thanh Hoa,North and South Central Coast,1,0,0,3.203965187072754,3.722611904144287,0,0,2008
38,29,401d29,Thanh Hoa,North and South Central Coast,1,0,0,1.5892351865768433,5.527158737182617,0,0,2008
38,29,401d29,Thanh Hoa,North and South Central Coast,1,0,0,2.9861867427825928,4.4714226722717285,0,0,2008
38,31,401d31,Thanh Hoa,North and South Central Coast,0,0,0,2.8975679874420166,4.462535858154297,0,0,2008
38,31,401d31,Thanh Hoa,North and South Central Coast,0,0,0,2.24241042137146,5.002531051635742,0,0,2008
38,31,401d31,Thanh Hoa,North and South Central Coast,1,0,0,1.8531681299209595,5.134322166442871,0,0,2008
38,33,401d33,Thanh Hoa,North and South Central Coast,1,0,0,2.40694522857666,4.9918413162231445,0,0,2008
38,33,401d33,Thanh Hoa,North and South Central Coast,1,0,0,1.7613003253936768,5.446559429168701,0,0,2008
38,33,401d33,Thanh Hoa,North and South Central Coast,1,0,0,1.5644406080245972,5.408165454864502,0,0,2008
38,33,401d33,Thanh Hoa,North and South Central Coast,1,0,0,1.2809338569641113,5.7499237060546875,0,0,2008
38,33,401d33,Thanh Hoa,North and South Central Coast,1,0,0,1.7578579187393188,5.5166215896606445,0,0,2008
38,35,401d35,Thanh Hoa,North and South Central Coast,1,0,0,2.0476927757263184,5.29508638381958,0,0,2008
38,35,401d35,Thanh Hoa,North and South Central Coast,0,0,0,1.788420557975769,5.158555507659912,0,0,2008
38,35,401d35,Thanh Hoa,North and South Central Coast,1,0,0,1.9699056148529053,5.55357551574707,0,0,2008
38,35,401d35,Thanh Hoa,North and South Central Coast,1,0,0,2.030776262283325,5.298973560333252,0,0,2008
38,37,401d37,Thanh Hoa,North and South Central Coast,1,0,0,1.3297239542007446,5.60369873046875,0,0,2008
38,37,401d37,Thanh Hoa,North and South Central Coast,1,0,0,3.1514532566070557,4.193265914916992,0,0,2008
38,37,401d37,Thanh Hoa,North and South Central Coast,1,0,0,1.844351887702942,5.318820476531982,0,0,2008
38,37,401d37,Thanh Hoa,North and South Central Coast,1,0,0,1.5686159133911133,5.466652870178223,0,0,2008
38,37,401d37,Thanh Hoa,North and South Central Coast,1,0,0,1.7925925254821777,5.8022918701171875,0,0,2008
38,39,401d39,Thanh Hoa,North and South Central Coast,1,0,0,1.857391119003296,5.662843227386475,0,0,2008
38,39,401d39,Thanh Hoa,North and South Central Coast,1,1,0,1.3238868713378906,5.750229835510254,0,0,2008
38,39,401d39,Thanh Hoa,North and South Central Coast,1,0,0,1.24961519241333,6.20626163482666,0,0,2008
38,39,401d39,Thanh Hoa,North and South Central Coast,1,0,0,1.9823799133300781,5.758284568786621,0,0,2008
38,41,401d41,Thanh Hoa,North and South Central Coast,1,0,0,2.0149030685424805,5.408665180206299,0,0,2008
38,41,401d41,Thanh Hoa,North and South Central Coast,1,0,0,1.5475624799728394,5.491220951080322,0,0,2008
38,41,401d41,Thanh Hoa,North and South Central Coast,0,0,0,1.686398983001709,5.9343061447143555,0,0,2008
38,41,401d41,Thanh Hoa,North and South Central Coast,1,0,0,1.4109869003295898,5.727880001068115,0,0,2008
38,41,401d41,Thanh Hoa,North and South Central Coast,1,0,0,1.6486586332321167,5.594854354858398,0,0,2008
38,43,401d43,Thanh Hoa,North and South Central Coast,1,0,0,2.2082743644714355,5.116215705871582,0,0,2008
38,43,401d43,Thanh Hoa,North and South Central Coast,0,0,0,1.4586150646209717,5.549890041351318,0,0,2008
38,43,401d43,Thanh Hoa,North and South Central Coast,1,0,0,1.3609765768051147,5.776301860809326,0,0,2008
38,43,401d43,Thanh Hoa,North and South Central Coast,1,0,0,1.1407134532928467,5.693395137786865,0,0,2008
38,43,401d43,Thanh Hoa,North and South Central Coast,1,0,1,1.0784095525741577,5.827343463897705,0,0,2008
38,43,401d43,Thanh Hoa,North and South Central Coast,1,0,0,1.2809338569641113,5.616771221160889,0,0,2008
38,45,401d45,Thanh Hoa,North and South Central Coast,1,0,0,1.7047480344772339,5.742420196533203,0,0,2008
38,45,401d45,Thanh Hoa,North and South Central Coast,1,0,0,2.2638442516326904,4.755452632904053,0,0,2008
38,45,401d45,Thanh Hoa,North and South Central Coast,1,0,0,1.7511111497879028,5.655599594116211,0,0,2008
38,47,401d47,Thanh Hoa,North and South Central Coast,1,0,0,1.1969481706619263,5.518435001373291,0,0,2008
38,47,401d47,Thanh Hoa,North and South Central Coast,1,0,0,2.797281265258789,4.676355838775635,0,0,2008
38,47,401d47,Thanh Hoa,North and South Central Coast,1,0,0,2.125847816467285,5.025637626647949,0,0,2008
38,47,401d47,Thanh Hoa,North and South Central Coast,1,0,0,1.7047480344772339,5.591665267944336,0,0,2008
38,47,401d47,Thanh Hoa,North and South Central Coast,0,0,0,1.9473377466201782,5.0949482917785645,0,0,2008
38,49,401d49,Thanh Hoa,North and South Central Coast,0,0,0,1.7173950672149658,5.604454517364502,0,0,2008
38,49,401d49,Thanh Hoa,North and South Central Coast,1,0,0,1.6094379425048828,5.777032852172852,0,0,2008
38,49,401d49,Thanh Hoa,North and South Central Coast,1,0,0,1.937301754951477,5.273516654968262,0,0,2008
38,49,401d49,Thanh Hoa,North and South Central Coast,1,0,0,1.9960598945617676,5.349950313568115,0,0,2008
38,49,401d49,Thanh Hoa,North and South Central Coast,1,0,0,1.887069582939148,5.484419822692871,0,0,2008
38,49,401d49,Thanh Hoa,North and South Central Coast,1,0,0,1.3862943649291992,6.08563756942749,0,0,2008
38,51,401d51,Thanh Hoa,North and South Central Coast,1,0,0,1.665818214416504,5.337247371673584,0,0,2008
38,51,401d51,Thanh Hoa,North and South Central Coast,1,0,0,2.184926986694336,5.290411949157715,0,0,2008
38,51,401d51,Thanh Hoa,North and South Central Coast,1,0,0,1.916922688484192,5.003748893737793,0,0,2008
38,51,401d51,Thanh Hoa,North and South Central Coast,1,0,0,2.468099594116211,4.972047328948975,0,0,2008
38,53,401d53,Thanh Hoa,North and South Central Coast,1,0,0,3.1945831775665283,4.358179092407227,0,0,2008
38,53,401d53,Thanh Hoa,North and South Central Coast,1,0,0,1.8115620613098145,6.139997482299805,0,0,2008
38,53,401d53,Thanh Hoa,North and South Central Coast,1,0,0,2.884241819381714,4.325098514556885,0,0,2008
38,53,401d53,Thanh Hoa,North and South Central Coast,1,1,0,1.8718022108078003,5.299854755401611,0,0,2008
38,53,401d53,Thanh Hoa,North and South Central Coast,1,1,0,2.2823824882507324,4.956114292144775,0,0,2008
40,1,403d1,Nghe An,North and South Central Coast,1,0,1,1.8733395338058472,5.779206275939941,0,0,2008
40,3,403d3,Nghe An,North and South Central Coast,1,0,0,1.3083328008651733,5.527926445007324,0,0,2008
40,5,403d5,Nghe An,North and South Central Coast,1,0,0,3.4531571865081787,3.6468701362609863,0,0,2008
40,7,403d7,Nghe An,North and South Central Coast,1,0,0,4.593906879425049,2.60577130317688,0,0,2008
40,9,403d9,Nghe An,North and South Central Coast,1,0,0,4.103964805603027,2.138258457183838,0,0,2008
40,11,403d11,Nghe An,North and South Central Coast,1,0,0,3.5562047958374023,3.8419692516326904,0,0,2008
40,11,403d11,Nghe An,North and South Central Coast,1,0,0,3.942746162414551,3.1220128536224365,0,0,2008
40,11,403d11,Nghe An,North and South Central Coast,0,0,0,2.82018780708313,3.7945377826690674,0,0,2008
40,13,403d13,Nghe An,North and South Central Coast,1,0,0,2.848101854324341,3.770637035369873,0,0,2008
40,13,403d13,Nghe An,North and South Central Coast,1,0,0,3.214064121246338,3.484203815460205,0,0,2008
40,13,403d13,Nghe An,North and South Central Coast,0,0,0,2.1792869567871094,4.649425029754639,0,0,2008
40,15,403d15,Nghe An,North and South Central Coast,1,0,0,4.881664752960205,1.881064534187317,0,0,2008
40,15,403d15,Nghe An,North and South Central Coast,1,0,0,4.852499008178711,1.9837604761123657,0,0,2008
40,17,403d17,Nghe An,North and South Central Coast,1,0,0,3.420346260070801,4.03379487991333,0,0,2008
40,17,403d17,Nghe An,North and South Central Coast,1,0,0,1.2383742332458496,6.699714660644531,0,0,2008
40,17,403d17,Nghe An,North and South Central Coast,0,0,0,3.1612467765808105,4.3208723068237305,0,0,2008
40,17,403d17,Nghe An,North and South Central Coast,0,0,0,2.0438144207000732,5.498399257659912,0,0,2008
40,17,403d17,Nghe An,North and South Central Coast,1,0,0,1.2296406030654907,5.794118404388428,0,0,2008
40,17,403d17,Nghe An,North and South Central Coast,1,0,0,1.383791208267212,5.70628547668457,0,0,2008
40,17,403d17,Nghe An,North and South Central Coast,1,0,0,0.5481213927268982,7.042730808258057,0,0,2008
40,17,403d17,Nghe An,North and South Central Coast,0,0,0,2.761275053024292,5.067559719085693,0,0,2008
40,17,403d17,Nghe An,North and South Central Coast,1,0,0,1.3609765768051147,6.18070650100708,0,0,2008
40,19,403d19,Nghe An,North and South Central Coast,1,0,0,3.180384397506714,4.068830490112305,0,0,2008
40,19,403d19,Nghe An,North and South Central Coast,1,0,0,2.8349764347076416,4.7183098793029785,0,0,2008
40,19,403d19,Nghe An,North and South Central Coast,1,0,0,4.037527084350586,3.214526653289795,0,0,2008
40,21,403d21,Nghe An,North and South Central Coast,0,0,0,6.0879106521606445,1.0170550346374512,0,0,2008
40,23,403d23,Nghe An,North and South Central Coast,1,0,0,2.1667652130126953,5.106327056884766,0,0,2008
40,23,403d23,Nghe An,North and South Central Coast,1,0,0,1.2470322847366333,5.796127796173096,0,0,2008
40,23,403d23,Nghe An,North and South Central Coast,1,0,0,3.2425923347473145,4.303853988647461,0,0,2008
40,23,403d23,Nghe An,North and South Central Coast,1,0,0,2.079441547393799,4.954064846038818,0,0,2008
40,23,403d23,Nghe An,North and South Central Coast,1,0,0,2.5243678092956543,4.971729755401611,0,0,2008
40,23,403d23,Nghe An,North and South Central Coast,1,0,0,3.8991403579711914,3.4006569385528564,0,0,2008
40,23,403d23,Nghe An,North and South Central Coast,1,0,0,2.5209169387817383,5.2514142990112305,0,0,2008
40,25,403d25,Nghe An,North and South Central Coast,1,0,0,2.7226104736328125,5.418579578399658,0,0,2008
40,25,403d25,Nghe An,North and South Central Coast,1,0,0,1.760096788406372,5.961695194244385,0,0,2008
40,25,403d25,Nghe An,North and South Central Coast,1,0,0,1.5173226594924927,5.798561096191406,0,0,2008
40,25,403d25,Nghe An,North and South Central Coast,0,0,0,3.5157158374786377,4.463623046875,0,0,2008
40,25,403d25,Nghe An,North and South Central Coast,1,0,1,1.730238676071167,5.723902225494385,0,0,2008
40,25,403d25,Nghe An,North and South Central Coast,1,0,0,1.7544037103652954,5.861387252807617,0,0,2008
40,27,403d27,Nghe An,North and South Central Coast,0,0,0,3.3192639350891113,3.4595208168029785,0,0,2008
40,27,403d27,Nghe An,North and South Central Coast,1,0,0,3.772531032562256,4.068962097167969,0,0,2008
40,27,403d27,Nghe An,North and South Central Coast,1,0,0,3.2623183727264404,3.8285913467407227,0,0,2008
40,29,403d29,Nghe An,North and South Central Coast,1,0,1,1.4604737758636475,5.6870856285095215,0,0,2008
40,29,403d29,Nghe An,North and South Central Coast,0,0,0,2.97450852394104,4.35982084274292,0,0,2008
40,29,403d29,Nghe An,North and South Central Coast,0,0,0,2.221700429916382,5.02252721786499,0,0,2008
40,29,403d29,Nghe An,North and South Central Coast,0,0,0,2.5156784057617188,4.674997806549072,0,0,2008
40,29,403d29,Nghe An,North and South Central Coast,1,0,0,2.7590601444244385,4.864092826843262,0,0,2008
40,31,403d31,Nghe An,North and South Central Coast,1,0,0,1.6482739448547363,5.186910629272461,0,0,2008
40,31,403d31,Nghe An,North and South Central Coast,0,0,0,2.220289945602417,4.810567378997803,0,0,2008
40,31,403d31,Nghe An,North and South Central Coast,1,0,0,3.5333945751190186,3.893749475479126,0,0,2008
40,31,403d31,Nghe An,North and South Central Coast,1,0,1,2.094330072402954,5.368459224700928,0,0,2008
40,31,403d31,Nghe An,North and South Central Coast,1,0,0,3.5745902061462402,3.531195878982544,0,0,2008
40,31,403d31,Nghe An,North and South Central Coast,1,0,0,2.8063859939575195,4.810389995574951,0,0,2008
40,31,403d31,Nghe An,North and South Central Coast,1,0,0,1.656321406364441,5.5879058837890625,0,0,2008
40,33,403d33,Nghe An,North and South Central Coast,1,1,0,2.188295841217041,4.832787990570068,0,0,2008
40,33,403d33,Nghe An,North and South Central Coast,1,0,1,1.8274482488632202,5.771953105926514,0,0,2008
40,33,403d33,Nghe An,North and South Central Coast,0,0,1,3.1813817024230957,4.483902931213379,0,0,2008
40,33,403d33,Nghe An,North and South Central Coast,1,0,0,3.117949962615967,3.991112232208252,0,0,2008
40,33,403d33,Nghe An,North and South Central Coast,1,0,0,2.2512917518615723,5.248131275177002,0,0,2008
40,33,403d33,Nghe An,North and South Central Coast,1,0,0,2.2628042697906494,5.27569055557251,0,0,2008
40,35,403d35,Nghe An,North and South Central Coast,1,0,0,2.715819835662842,5.262833595275879,0,0,2008
40,35,403d35,Nghe An,North and South Central Coast,1,0,0,2.4790563583374023,4.794730186462402,0,0,2008
40,35,403d35,Nghe An,North and South Central Coast,1,0,0,2.1388890743255615,5.184281826019287,0,0,2008
40,35,403d35,Nghe An,North and South Central Coast,1,0,0,2.5225234031677246,4.951681137084961,0,0,2008
40,37,403d37,Nghe An,North and South Central Coast,1,0,0,2.360854148864746,5.171234130859375,0,0,2008
40,37,403d37,Nghe An,North and South Central Coast,1,0,0,1.44926917552948,5.143775463104248,0,0,2008
40,37,403d37,Nghe An,North and South Central Coast,1,0,0,1.5325568914413452,5.649795055389404,0,0,2008
40,39,403d39,Nghe An,North and South Central Coast,1,0,0,3.4317266941070557,4.378220558166504,0,0,2008
42,1,405d1,Ha Tinh,North and South Central Coast,1,0,0,1.7047480344772339,4.90729284286499,0,0,2008
42,1,405d1,Ha Tinh,North and South Central Coast,1,0,0,2.039140224456787,5.26268196105957,0,0,2008
42,3,405d3,Ha Tinh,North and South Central Coast,0,0,0,1.9754689931869507,4.948159694671631,0,0,2008
42,5,405d5,Ha Tinh,North and South Central Coast,1,0,0,2.4595887660980225,4.870161056518555,0,0,2008
42,5,405d5,Ha Tinh,North and South Central Coast,1,0,0,1.7047480344772339,5.4277496337890625,0,0,2008
42,5,405d5,Ha Tinh,North and South Central Coast,1,0,0,3.1090610027313232,4.858219146728516,0,0,2008
42,5,405d5,Ha Tinh,North and South Central Coast,1,0,0,3.0540013313293457,4.0243401527404785,0,0,2008
42,7,405d7,Ha Tinh,North and South Central Coast,1,0,0,2.325324535369873,4.897241592407227,0,0,2008
42,7,405d7,Ha Tinh,North and South Central Coast,0,0,0,2.697326183319092,4.080320358276367,0,0,2008
42,7,405d7,Ha Tinh,North and South Central Coast,0,0,0,2.531312942504883,4.62642240524292,0,0,2008
42,7,405d7,Ha Tinh,North and South Central Coast,0,0,0,1.5411590337753296,4.969099044799805,0,0,2008
42,7,405d7,Ha Tinh,North and South Central Coast,0,0,0,1.1786550283432007,5.791135787963867,0,0,2008
42,7,405d7,Ha Tinh,North and South Central Coast,0,0,1,1.4350844621658325,5.88212776184082,0,0,2008
42,9,405d9,Ha Tinh,North and South Central Coast,0,0,0,2.7278528213500977,3.7883403301239014,0,0,2008
42,9,405d9,Ha Tinh,North and South Central Coast,1,0,0,1.7578579187393188,5.162813663482666,0,0,2008
42,9,405d9,Ha Tinh,North and South Central Coast,1,0,0,3.642573595046997,2.8343987464904785,0,0,2008
42,9,405d9,Ha Tinh,North and South Central Coast,1,0,0,5.329670429229736,1.6429356336593628,0,0,2008
42,9,405d9,Ha Tinh,North and South Central Coast,1,0,0,4.820281505584717,2.7955095767974854,0,0,2008
42,11,405d11,Ha Tinh,North and South Central Coast,1,1,0,3.0951249599456787,4.126710891723633,0,0,2008
42,11,405d11,Ha Tinh,North and South Central Coast,1,0,0,1.7817091941833496,5.012877464294434,0,0,2008
42,11,405d11,Ha Tinh,North and South Central Coast,0,0,0,2.3896796703338623,5.057488441467285,0,0,2008
42,11,405d11,Ha Tinh,North and South Central Coast,1,0,0,2.6012070178985596,4.863302707672119,0,0,2008
42,11,405d11,Ha Tinh,North and South Central Coast,1,0,1,1.796747088432312,5.162651538848877,0,0,2008
42,11,405d11,Ha Tinh,North and South Central Coast,1,0,0,3.207693576812744,4.2822771072387695,0,0,2008
42,13,405d13,Ha Tinh,North and South Central Coast,1,0,0,3.249598979949951,3.9050164222717285,0,0,2008
42,13,405d13,Ha Tinh,North and South Central Coast,1,0,0,1.8998662233352661,5.083923816680908,0,0,2008
42,13,405d13,Ha Tinh,North and South Central Coast,1,0,0,3.2216718196868896,3.4363391399383545,0,0,2008
42,13,405d13,Ha Tinh,North and South Central Coast,1,0,0,2.455306053161621,4.655389785766602,0,0,2008
42,13,405d13,Ha Tinh,North and South Central Coast,1,0,0,3.0910425186157227,4.1219892501831055,0,0,2008
42,15,405d15,Ha Tinh,North and South Central Coast,1,0,1,1.0188473463058472,6.86195707321167,0,0,2008
42,15,405d15,Ha Tinh,North and South Central Coast,1,0,0,2.0693912506103516,4.7933669090271,0,0,2008
42,15,405d15,Ha Tinh,North and South Central Coast,1,0,0,2.3951642513275146,5.08920431137085,0,0,2008
42,15,405d15,Ha Tinh,North and South Central Coast,1,0,0,2.2300143241882324,5.079866886138916,0,0,2008
42,15,405d15,Ha Tinh,North and South Central Coast,1,0,0,2.6679224967956543,4.649290084838867,0,0,2008
42,15,405d15,Ha Tinh,North and South Central Coast,1,0,0,5.094118118286133,2.1558072566986084,0,0,2008
42,17,405d17,Ha Tinh,North and South Central Coast,1,0,0,4.951436996459961,2.235463857650757,0,0,2008
42,17,405d17,Ha Tinh,North and South Central Coast,1,0,0,3.645188808441162,3.6917481422424316,0,0,2008
42,17,405d17,Ha Tinh,North and South Central Coast,1,0,0,4.029806137084961,3.0037004947662354,0,0,2008
42,17,405d17,Ha Tinh,North and South Central Coast,1,0,0,3.8473777770996094,2.5871686935424805,0,0,2008
42,19,405d19,Ha Tinh,North and South Central Coast,1,0,0,2.970414400100708,4.211177349090576,0,0,2008
42,19,405d19,Ha Tinh,North and South Central Coast,1,0,0,3.1625170707702637,4.294515132904053,0,0,2008
42,19,405d19,Ha Tinh,North and South Central Coast,1,0,0,2.7212953567504883,5.0141377449035645,0,0,2008
42,19,405d19,Ha Tinh,North and South Central Coast,1,0,0,3.708436965942383,3.921538829803467,0,0,2008
42,19,405d19,Ha Tinh,North and South Central Coast,1,0,0,3.575990676879883,3.427074909210205,0,0,2008
42,19,405d19,Ha Tinh,North and South Central Coast,1,0,0,2.3485140800476074,4.670782566070557,0,0,2008
42,21,405d21,Ha Tinh,North and South Central Coast,0,0,0,2.5344901084899902,4.723217487335205,0,0,2008
42,21,405d21,Ha Tinh,North and South Central Coast,1,0,0,1.994700312614441,5.327810287475586,0,0,2008
44,1,407d1,Quang Binh,North and South Central Coast,1,0,0,1.7177540063858032,5.68834924697876,0,0,2008
44,1,407d1,Quang Binh,North and South Central Coast,1,0,0,2.7935550212860107,4.808846473693848,0,0,2008
44,3,407d3,Quang Binh,North and South Central Coast,1,1,0,3.4688560962677,4.0199971199035645,0,0,2008
44,3,407d3,Quang Binh,North and South Central Coast,0,0,0,4.777609825134277,1.62430739402771,0,0,2008
44,3,407d3,Quang Binh,North and South Central Coast,1,0,0,2.9177706241607666,4.167293548583984,0,0,2008
44,3,407d3,Quang Binh,North and South Central Coast,1,0,0,3.4018638134002686,3.267634153366089,0,0,2008
44,5,407d5,Quang Binh,North and South Central Coast,0,0,0,4.223909854888916,2.1494100093841553,0,0,2008
44,5,407d5,Quang Binh,North and South Central Coast,0,0,0,3.5524868965148926,3.2420997619628906,0,0,2008
44,7,407d7,Quang Binh,North and South Central Coast,1,0,0,2.912350654602051,4.57089376449585,0,0,2008
44,7,407d7,Quang Binh,North and South Central Coast,1,0,0,2.4587337970733643,5.077096939086914,0,0,2008
44,7,407d7,Quang Binh,North and South Central Coast,1,0,0,2.0281481742858887,5.338928699493408,0,0,2008
44,7,407d7,Quang Binh,North and South Central Coast,1,0,0,1.796747088432312,5.689866542816162,0,0,2008
44,7,407d7,Quang Binh,North and South Central Coast,1,0,0,1.9685099124908447,5.257699012756348,0,0,2008
44,7,407d7,Quang Binh,North and South Central Coast,1,0,0,2.320425033569336,4.763801574707031,0,0,2008
44,7,407d7,Quang Binh,North and South Central Coast,1,0,0,2.0149030685424805,4.583606243133545,0,0,2008
44,7,407d7,Quang Binh,North and South Central Coast,1,0,0,2.9322597980499268,4.729267120361328,0,0,2008
44,7,407d7,Quang Binh,North and South Central Coast,1,0,1,0.418710321187973,7.103148937225342,0,0,2008
44,9,407d9,Quang Binh,North and South Central Coast,1,0,0,4.618875980377197,3.0571341514587402,0,0,2008
44,9,407d9,Quang Binh,North and South Central Coast,1,0,0,1.8625285625457764,5.317541122436523,0,0,2008
44,9,407d9,Quang Binh,North and South Central Coast,1,0,0,0.6830968260765076,6.906744480133057,0,0,2008
44,9,407d9,Quang Binh,North and South Central Coast,0,0,0,2.882563591003418,4.1340460777282715,0,0,2008
44,9,407d9,Quang Binh,North and South Central Coast,1,0,0,4.098004341125488,3.5625808238983154,0,0,2008
44,9,407d9,Quang Binh,North and South Central Coast,1,0,0,0.8919980525970459,6.6570844650268555,0,0,2008
44,9,407d9,Quang Binh,North and South Central Coast,1,0,0,3.4910380840301514,4.038368225097656,0,0,2008
44,9,407d9,Quang Binh,North and South Central Coast,1,0,0,2.042518138885498,4.724824905395508,0,0,2008
44,11,407d11,Quang Binh,North and South Central Coast,1,0,1,2.970414400100708,4.683554649353027,0,0,2008
44,11,407d11,Quang Binh,North and South Central Coast,1,0,0,2.0502700805664062,5.389876365661621,0,0,2008
44,11,407d11,Quang Binh,North and South Central Coast,1,0,0,2.7160184383392334,4.782297611236572,0,0,2008
44,11,407d11,Quang Binh,North and South Central Coast,1,0,0,1.722766637802124,5.165805816650391,0,0,2008
44,13,407d13,Quang Binh,North and South Central Coast,1,0,0,2.298577070236206,5.103874206542969,0,0,2008
44,13,407d13,Quang Binh,North and South Central Coast,0,0,0,3.4339871406555176,3.145264148712158,0,0,2008
44,13,407d13,Quang Binh,North and South Central Coast,1,0,0,2.2300143241882324,4.616928577423096,0,0,2008
44,13,407d13,Quang Binh,North and South Central Coast,1,0,0,3.384390354156494,4.096601963043213,0,0,2008
44,13,407d13,Quang Binh,North and South Central Coast,1,0,0,3.8212225437164307,3.5085270404815674,0,0,2008
44,13,407d13,Quang Binh,North and South Central Coast,1,0,0,6.183633327484131,0.43910300731658936,0,0,2008
44,13,407d13,Quang Binh,North and South Central Coast,1,0,0,1.9866406917572021,5.010040760040283,0,0,2008
45,5,409d5,Quang Tri,North and South Central Coast,1,0,0,0.8754687905311584,6.356541633605957,0,1,2008
45,5,409d5,Quang Tri,North and South Central Coast,1,1,0,3.9100210666656494,3.440495252609253,0,1,2008
45,5,409d5,Quang Tri,North and South Central Coast,1,0,0,2.562638998031616,4.515702724456787,0,1,2008
45,5,409d5,Quang Tri,North and South Central Coast,1,0,0,2.2137539386749268,4.986670970916748,0,1,2008
45,5,409d5,Quang Tri,North and South Central Coast,1,0,0,2.6665334701538086,3.861424446105957,0,1,2008
45,7,409d7,Quang Tri,North and South Central Coast,1,0,0,2.846071481704712,3.9292945861816406,0,1,2008
45,7,409d7,Quang Tri,North and South Central Coast,1,0,0,2.9101743698120117,3.7098987102508545,0,1,2008
45,7,409d7,Quang Tri,North and South Central Coast,1,0,0,2.6755270957946777,4.296141624450684,0,1,2008
45,7,409d7,Quang Tri,North and South Central Coast,1,1,0,2.554898977279663,4.166526794433594,0,1,2008
45,9,409d9,Quang Tri,North and South Central Coast,1,0,0,4.638605117797852,2.335874080657959,0,1,2008
45,9,409d9,Quang Tri,North and South Central Coast,1,0,0,4.076519966125488,2.9418818950653076,0,1,2008
45,11,409d11,Quang Tri,North and South Central Coast,1,0,0,2.4932055473327637,4.548206329345703,0,1,2008
45,11,409d11,Quang Tri,North and South Central Coast,0,0,0,1.9878743886947632,5.110501289367676,0,1,2008
45,11,409d11,Quang Tri,North and South Central Coast,1,0,0,2.3721110820770264,4.803378582000732,0,1,2008
45,11,409d11,Quang Tri,North and South Central Coast,1,0,0,1.965572714805603,4.992875576019287,0,1,2008
45,11,409d11,Quang Tri,North and South Central Coast,1,0,0,2.19944429397583,5.148499488830566,0,1,2008
45,11,409d11,Quang Tri,North and South Central Coast,1,0,0,2.397895336151123,4.143134593963623,0,1,2008
45,13,409d13,Quang Tri,North and South Central Coast,0,0,0,3.1822118759155273,3.8816921710968018,0,1,2008
45,13,409d13,Quang Tri,North and South Central Coast,1,0,0,2.396075487136841,4.705600738525391,0,1,2008
45,13,409d13,Quang Tri,North and South Central Coast,0,0,0,2.4697930812835693,4.441954135894775,0,1,2008
45,13,409d13,Quang Tri,North and South Central Coast,1,0,0,2.451005220413208,4.496932029724121,0,1,2008
45,13,409d13,Quang Tri,North and South Central Coast,0,0,0,0.24607855081558228,6.570657253265381,0,1,2008
45,13,409d13,Quang Tri,North and South Central Coast,1,0,0,4.013821125030518,2.9503142833709717,0,1,2008
45,15,409d15,Quang Tri,North and South Central Coast,1,0,1,3.8229732513427734,2.678316354751587,0,1,2008
45,17,409d17,Quang Tri,North and South Central Coast,1,0,0,4.986820697784424,1.0816049575805664,0,1,2008
45,17,409d17,Quang Tri,North and South Central Coast,1,0,0,3.2284300327301025,2.5827109813690186,0,1,2008
46,1,411d1,Thua Thien - Hue,North and South Central Coast,1,0,1,2.0399208068847656,5.803927898406982,0,0,2008
46,3,411d3,Thua Thien - Hue,North and South Central Coast,1,0,1,3.474447727203369,4.376434803009033,0,0,2008
46,3,411d3,Thua Thien - Hue,North and South Central Coast,0,0,1,2.8495497703552246,4.574615478515625,0,0,2008
46,3,411d3,Thua Thien - Hue,North and South Central Coast,1,0,0,1.724550724029541,5.321225643157959,0,0,2008
46,3,411d3,Thua Thien - Hue,North and South Central Coast,1,0,0,4.747537612915039,2.995732307434082,0,0,2008
46,5,411d5,Thua Thien - Hue,North and South Central Coast,1,0,0,2.5336968898773193,4.737311840057373,0,0,2008
46,5,411d5,Thua Thien - Hue,North and South Central Coast,1,0,1,2.3813962936401367,5.433407306671143,0,0,2008
46,5,411d5,Thua Thien - Hue,North and South Central Coast,1,0,1,2.655000925064087,5.155756950378418,0,0,2008
46,7,411d7,Thua Thien - Hue,North and South Central Coast,1,0,1,3.855029344558716,3.082284688949585,0,0,2008
46,7,411d7,Thua Thien - Hue,North and South Central Coast,1,0,1,2.753023624420166,4.961207389831543,0,0,2008
46,7,411d7,Thua Thien - Hue,North and South Central Coast,1,1,0,2.6318888664245605,4.844583511352539,0,0,2008
46,7,411d7,Thua Thien - Hue,North and South Central Coast,1,0,1,2.763169527053833,4.8466925621032715,0,0,2008
46,9,411d9,Thua Thien - Hue,North and South Central Coast,1,0,0,2.908539056777954,4.344223499298096,0,0,2008
46,9,411d9,Thua Thien - Hue,North and South Central Coast,1,0,1,1.945910096168518,5.4806389808654785,0,0,2008
46,9,411d9,Thua Thien - Hue,North and South Central Coast,1,0,0,3.407841920852661,4.181999683380127,0,0,2008
46,9,411d9,Thua Thien - Hue,North and South Central Coast,1,0,0,2.637627601623535,5.083720684051514,0,0,2008
46,9,411d9,Thua Thien - Hue,North and South Central Coast,1,0,0,2.7252349853515625,4.807388782501221,0,0,2008
46,9,411d9,Thua Thien - Hue,North and South Central Coast,0,0,1,1.762158989906311,5.966256618499756,0,0,2008
46,11,411d11,Thua Thien - Hue,North and South Central Coast,1,0,1,2.525728702545166,5.228753089904785,0,0,2008
46,11,411d11,Thua Thien - Hue,North and South Central Coast,1,0,0,3.534562110900879,4.388423919677734,0,0,2008
46,11,411d11,Thua Thien - Hue,North and South Central Coast,1,0,0,2.887590169906616,4.754454135894775,0,0,2008
46,13,411d13,Thua Thien - Hue,North and South Central Coast,1,0,0,2.950211763381958,4.456499099731445,0,0,2008
46,13,411d13,Thua Thien - Hue,North and South Central Coast,1,0,0,4.048300743103027,3.493912935256958,0,0,2008
46,13,411d13,Thua Thien - Hue,North and South Central Coast,1,0,1,4.750135898590088,3.350935459136963,0,0,2008
46,13,411d13,Thua Thien - Hue,North and South Central Coast,1,0,0,2.1041340827941895,5.188883304595947,0,0,2008
46,13,411d13,Thua Thien - Hue,North and South Central Coast,1,0,0,5.600272178649902,2.5716099739074707,0,0,2008
46,15,411d15,Thua Thien - Hue,North and South Central Coast,1,0,0,3.450939416885376,2.5940659046173096,0,0,2008
46,17,411d17,Thua Thien - Hue,North and South Central Coast,1,0,0,2.406043767929077,3.7781050205230713,0,0,2008
48,11,501d11,Da Nang city,North and South Central Coast,1,0,0,2.2823824882507324,5.643136501312256,1,1,2008
48,11,501d11,Da Nang city,North and South Central Coast,1,0,0,3.7402851581573486,4.1852335929870605,1,1,2008
48,11,501d11,Da Nang city,North and South Central Coast,1,0,0,2.9199306964874268,5.229382038116455,1,1,2008
48,11,501d11,Da Nang city,North and South Central Coast,1,1,0,2.6347622871398926,5.552536964416504,1,1,2008
48,11,501d11,Da Nang city,North and South Central Coast,0,0,0,3.6428356170654297,4.289526462554932,1,1,2008
48,11,501d11,Da Nang city,North and South Central Coast,1,0,0,3.3745110034942627,4.672678470611572,1,1,2008
51,1,503d1,Quang Ngai,North and South Central Coast,1,0,0,2.8112082481384277,4.830356121063232,0,0,2008
51,5,503d5,Quang Ngai,North and South Central Coast,1,1,0,4.500365257263184,2.396329164505005,0,0,2008
51,7,503d7,Quang Ngai,North and South Central Coast,1,0,0,2.0476927757263184,5.501916408538818,0,0,2008
51,7,503d7,Quang Ngai,North and South Central Coast,1,1,0,3.605660915374756,4.365425109863281,0,0,2008
51,7,503d7,Quang Ngai,North and South Central Coast,1,0,0,3.9389374256134033,3.896641731262207,0,0,2008
51,7,503d7,Quang Ngai,North and South Central Coast,1,0,0,1.9486207962036133,5.429762840270996,0,0,2008
51,7,503d7,Quang Ngai,North and South Central Coast,1,0,0,3.1691813468933105,4.513301372528076,0,0,2008
51,9,503d9,Quang Ngai,North and South Central Coast,1,1,0,2.7905514240264893,5.191181659698486,0,0,2008
51,9,503d9,Quang Ngai,North and South Central Coast,1,0,0,2.681706190109253,5.010406970977783,0,0,2008
51,9,503d9,Quang Ngai,North and South Central Coast,1,0,0,2.173614740371704,5.244565963745117,0,0,2008
51,9,503d9,Quang Ngai,North and South Central Coast,1,0,1,2.0528409481048584,5.7921833992004395,0,0,2008
51,9,503d9,Quang Ngai,North and South Central Coast,1,0,0,2.74019455909729,5.378012180328369,0,0,2008
51,9,503d9,Quang Ngai,North and South Central Coast,1,0,0,1.2725656032562256,5.9702324867248535,0,0,2008
51,9,503d9,Quang Ngai,North and South Central Coast,1,0,0,2.4406063556671143,5.573067665100098,0,0,2008
51,11,503d11,Quang Ngai,North and South Central Coast,1,0,0,2.0693912506103516,5.104567050933838,0,0,2008
51,11,503d11,Quang Ngai,North and South Central Coast,0,0,0,2.1747517585754395,5.578871726989746,0,0,2008
51,11,503d11,Quang Ngai,North and South Central Coast,0,0,0,2.984165668487549,4.639965057373047,0,0,2008
51,11,503d11,Quang Ngai,North and South Central Coast,1,0,0,2.5172932147979736,5.517985820770264,0,0,2008
51,15,503d15,Quang Ngai,North and South Central Coast,0,0,0,2.822568655014038,4.325777053833008,0,0,2008
51,15,503d15,Quang Ngai,North and South Central Coast,0,0,0,2.7427735328674316,4.704394817352295,0,0,2008
51,15,503d15,Quang Ngai,North and South Central Coast,1,0,0,2.995732307434082,5.0909857749938965,0,0,2008
51,15,503d15,Quang Ngai,North and South Central Coast,0,0,0,2.8986704349517822,4.837636470794678,0,0,2008
51,15,503d15,Quang Ngai,North and South Central Coast,1,0,0,2.952824831008911,4.915812015533447,0,0,2008
51,15,503d15,Quang Ngai,North and South Central Coast,1,0,0,2.468946695327759,4.873832702636719,0,0,2008
51,15,503d15,Quang Ngai,North and South Central Coast,0,0,1,3.0204248428344727,4.497096061706543,0,0,2008
51,17,503d17,Quang Ngai,North and South Central Coast,1,0,0,3.3428618907928467,4.991369724273682,0,0,2008
51,17,503d17,Quang Ngai,North and South Central Coast,1,0,0,2.975529670715332,4.097740173339844,0,0,2008
51,17,503d17,Quang Ngai,North and South Central Coast,1,0,0,2.3813962936401367,4.852059364318848,0,0,2008
51,17,503d17,Quang Ngai,North and South Central Coast,1,0,0,2.5463151931762695,4.589372158050537,0,0,2008
51,19,503d19,Quang Ngai,North and South Central Coast,0,0,0,2.687847375869751,3.6383018493652344,0,0,2008
51,21,503d21,Quang Ngai,North and South Central Coast,1,0,0,3.1367976665496826,3.6799380779266357,0,0,2008
51,21,503d21,Quang Ngai,North and South Central Coast,1,0,0,3.0206687450408936,3.8102054595947266,0,0,2008
51,23,503d23,Quang Ngai,North and South Central Coast,0,0,0,4.134430408477783,1.5858814716339111,0,0,2008
51,25,503d25,Quang Ngai,North and South Central Coast,1,1,0,3.626471996307373,4.413974761962891,0,0,2008
51,25,503d25,Quang Ngai,North and South Central Coast,1,0,1,2.848970890045166,4.5607709884643555,0,0,2008
51,25,503d25,Quang Ngai,North and South Central Coast,1,0,1,3.086486577987671,4.687108039855957,0,0,2008
51,25,503d25,Quang Ngai,North and South Central Coast,1,0,0,3.1612467765808105,4.79136848449707,0,0,2008
51,25,503d25,Quang Ngai,North and South Central Coast,1,0,0,2.430978298187256,5.671607971191406,0,0,2008
51,27,503d27,Quang Ngai,North and South Central Coast,0,0,0,4.169606685638428,2.1511616706848145,0,0,2008
51,28,503d28,Quang Ngai,North and South Central Coast,1,0,0,2.733783006668091,5.019840717315674,0,0,2008
51,28,503d28,Quang Ngai,North and South Central Coast,1,0,0,2.7020320892333984,4.877646446228027,0,0,2008
51,28,503d28,Quang Ngai,North and South Central Coast,1,1,0,3.026261568069458,4.5796284675598145,0,0,2008
51,28,503d28,Quang Ngai,North and South Central Coast,1,0,0,3.5395090579986572,3.962677478790283,0,0,2008
51,29,503d29,Quang Ngai,North and South Central Coast,1,0,1,3.83406138420105,3.8161072731018066,0,0,2008
52,1,505d1,Binh Dinh,North and South Central Coast,1,0,0,1.8041819334030151,5.784141540527344,0,0,2008
52,3,505d3,Binh Dinh,North and South Central Coast,1,1,0,1.0367368459701538,6.836099147796631,0,0,2008
52,5,505d5,Binh Dinh,North and South Central Coast,1,0,0,2.577941417694092,4.8324055671691895,0,0,2008
52,5,505d5,Binh Dinh,North and South Central Coast,1,0,0,2.9433858394622803,5.222546577453613,0,0,2008
52,5,505d5,Binh Dinh,North and South Central Coast,1,0,0,2.6803364753723145,5.134063243865967,0,0,2008
52,5,505d5,Binh Dinh,North and South Central Coast,1,0,0,2.6732516288757324,4.0505805015563965,0,0,2008
52,5,505d5,Binh Dinh,North and South Central Coast,1,0,0,2.633326768875122,5.2542572021484375,0,0,2008
52,5,505d5,Binh Dinh,North and South Central Coast,0,1,0,2.9276139736175537,4.424185752868652,0,0,2008
52,5,505d5,Binh Dinh,North and South Central Coast,1,0,1,2.179739236831665,5.484607219696045,0,0,2008
52,5,505d5,Binh Dinh,North and South Central Coast,1,0,0,2.552565336227417,5.492702484130859,0,0,2008
52,7,505d7,Binh Dinh,North and South Central Coast,0,0,0,3.908015012741089,2.000067949295044,0,0,2008
52,9,505d9,Binh Dinh,North and South Central Coast,1,0,0,3.314549684524536,4.426114559173584,0,0,2008
52,9,505d9,Binh Dinh,North and South Central Coast,0,0,0,3.230013608932495,4.643203258514404,0,0,2008
52,9,505d9,Binh Dinh,North and South Central Coast,1,0,0,3.1565747261047363,4.186851501464844,0,0,2008
52,9,505d9,Binh Dinh,North and South Central Coast,0,0,0,2.2129886150360107,5.057324409484863,0,0,2008
52,9,505d9,Binh Dinh,North and South Central Coast,1,0,0,2.2823824882507324,4.915052890777588,0,0,2008
52,9,505d9,Binh Dinh,North and South Central Coast,1,0,0,2.9549102783203125,5.284154891967773,0,0,2008
52,9,505d9,Binh Dinh,North and South Central Coast,1,0,0,2.8791983127593994,5.028085231781006,0,0,2008
52,11,505d11,Binh Dinh,North and South Central Coast,0,0,0,4.308729648590088,2.394458293914795,0,0,2008
52,13,505d13,Binh Dinh,North and South Central Coast,1,0,0,3.2662172317504883,3.71199631690979,0,0,2008
52,13,505d13,Binh Dinh,North and South Central Coast,1,0,0,3.808039426803589,3.0228350162506104,0,0,2008
52,15,505d15,Binh Dinh,North and South Central Coast,1,0,0,2.6445422172546387,4.651871204376221,0,0,2008
52,15,505d15,Binh Dinh,North and South Central Coast,0,0,0,3.2809112071990967,5.073056697845459,0,0,2008
52,15,505d15,Binh Dinh,North and South Central Coast,1,0,0,1.887069582939148,5.597299098968506,0,0,2008
52,15,505d15,Binh Dinh,North and South Central Coast,1,0,0,2.65675687789917,5.5724873542785645,0,0,2008
52,15,505d15,Binh Dinh,North and South Central Coast,1,0,0,1.1939224004745483,6.927260875701904,0,0,2008
52,15,505d15,Binh Dinh,North and South Central Coast,0,0,0,2.6885275840759277,5.366312503814697,0,0,2008
52,17,505d17,Binh Dinh,North and South Central Coast,1,0,0,3.224857807159424,4.151650428771973,0,0,2008
52,17,505d17,Binh Dinh,North and South Central Coast,1,0,0,3.3748533725738525,3.9788689613342285,0,0,2008
52,17,505d17,Binh Dinh,North and South Central Coast,1,0,0,2.808800220489502,5.0697340965271,0,0,2008
52,17,505d17,Binh Dinh,North and South Central Coast,1,0,0,2.1270406246185303,5.475860118865967,0,0,2008
52,21,505d21,Binh Dinh,North and South Central Coast,1,1,0,2.94968843460083,5.260979652404785,0,0,2008
52,21,505d21,Binh Dinh,North and South Central Coast,1,0,0,2.7874772548675537,4.832246780395508,0,0,2008
52,21,505d21,Binh Dinh,North and South Central Coast,1,0,0,3.3884499073028564,4.7737812995910645,0,0,2008
52,21,505d21,Binh Dinh,North and South Central Coast,1,0,0,3.3032169342041016,5.028850555419922,0,0,2008
52,21,505d21,Binh Dinh,North and South Central Coast,1,0,0,2.6019487380981445,5.253208160400391,0,0,2008
52,21,505d21,Binh Dinh,North and South Central Coast,1,0,0,5.296816349029541,2.846701145172119,0,0,2008
52,23,505d23,Binh Dinh,North and South Central Coast,1,0,0,3.279782772064209,5.115468978881836,0,0,2008
52,23,505d23,Binh Dinh,North and South Central Coast,1,0,0,2.4078454971313477,5.36868953704834,0,0,2008
52,23,505d23,Binh Dinh,North and South Central Coast,1,0,0,2.8207836151123047,4.9392571449279785,0,0,2008
52,23,505d23,Binh Dinh,North and South Central Coast,1,0,0,2.2025437355041504,4.920322895050049,0,0,2008
52,23,505d23,Binh Dinh,North and South Central Coast,1,0,0,3.917010545730591,4.0380635261535645,0,0,2008
52,25,505d25,Binh Dinh,North and South Central Coast,1,0,0,3.8526976108551025,2.662015199661255,0,0,2008
52,25,505d25,Binh Dinh,North and South Central Coast,0,0,0,3.4068479537963867,2.7752368450164795,0,0,2008
49,1,507d1,Quang Nam,North and South Central Coast,1,0,0,2.7311155796051025,4.721286773681641,0,0,2008
49,3,507d3,Quang Nam,North and South Central Coast,1,0,0,3.692373275756836,4.185781955718994,0,0,2008
49,5,507d5,Quang Nam,North and South Central Coast,1,0,0,1.9823799133300781,6.322362422943115,0,0,2008
49,5,507d5,Quang Nam,North and South Central Coast,1,0,0,2.6532418727874756,5.208099842071533,0,0,2008
49,5,507d5,Quang Nam,North and South Central Coast,1,0,0,3.63653302192688,4.472692012786865,0,0,2008
49,5,507d5,Quang Nam,North and South Central Coast,1,0,0,2.2721259593963623,5.423177242279053,0,0,2008
49,5,507d5,Quang Nam,North and South Central Coast,1,0,0,3.1354942321777344,4.748329162597656,0,0,2008
49,5,507d5,Quang Nam,North and South Central Coast,1,1,0,3.296947479248047,5.052536964416504,0,0,2008
49,5,507d5,Quang Nam,North and South Central Coast,0,0,0,4.143134593963623,4.048328399658203,0,0,2008
49,7,507d7,Quang Nam,North and South Central Coast,1,0,0,3.4431068897247314,4.25083065032959,0,0,2008
49,7,507d7,Quang Nam,North and South Central Coast,0,0,0,3.862412452697754,3.220975399017334,0,0,2008
49,7,507d7,Quang Nam,North and South Central Coast,1,0,0,3.4216535091400146,4.054252624511719,0,0,2008
49,9,507d9,Quang Nam,North and South Central Coast,1,0,0,3.451573610305786,4.249174118041992,0,0,2008
49,9,507d9,Quang Nam,North and South Central Coast,1,0,0,3.0120975971221924,4.4460883140563965,0,0,2008
49,9,507d9,Quang Nam,North and South Central Coast,0,0,0,3.558656930923462,4.07228946685791,0,0,2008
49,9,507d9,Quang Nam,North and South Central Coast,0,0,0,3.356548547744751,4.521606922149658,0,0,2008
49,9,507d9,Quang Nam,North and South Central Coast,0,0,0,3.940416097640991,3.513145923614502,0,0,2008
49,11,507d11,Quang Nam,North and South Central Coast,1,0,0,5.07229471206665,1.3541938066482544,0,0,2008
49,13,507d13,Quang Nam,North and South Central Coast,1,0,0,3.3721117973327637,4.868536949157715,0,0,2008
49,13,507d13,Quang Nam,North and South Central Coast,1,0,0,3.333631992340088,4.960167407989502,0,0,2008
49,13,507d13,Quang Nam,North and South Central Coast,1,0,0,3.8645119667053223,4.323343276977539,0,0,2008
49,13,507d13,Quang Nam,North and South Central Coast,1,0,0,3.4445760250091553,4.4527201652526855,0,0,2008
49,13,507d13,Quang Nam,North and South Central Coast,1,0,0,3.2208738327026367,5.016605377197266,0,0,2008
49,13,507d13,Quang Nam,North and South Central Coast,1,0,0,3.789177179336548,4.463268756866455,0,0,2008
49,15,507d15,Quang Nam,North and South Central Coast,1,0,0,4.705648899078369,2.7843220233917236,0,0,2008
49,15,507d15,Quang Nam,North and South Central Coast,1,0,0,1.9810014963150024,5.357236862182617,0,0,2008
49,15,507d15,Quang Nam,North and South Central Coast,1,0,0,2.6261892318725586,5.107056617736816,0,0,2008
49,15,507d15,Quang Nam,North and South Central Coast,1,0,0,4.647175312042236,0.9363207817077637,0,0,2008
49,15,507d15,Quang Nam,North and South Central Coast,1,0,0,3.8946733474731445,4.266416072845459,0,0,2008
49,17,507d17,Quang Nam,North and South Central Coast,1,0,0,3.3295223712921143,5.116389751434326,0,0,2008
49,17,507d17,Quang Nam,North and South Central Coast,1,0,0,2.1701958179473877,5.619672775268555,0,0,2008
49,17,507d17,Quang Nam,North and South Central Coast,1,0,0,2.110576868057251,5.505706787109375,0,0,2008
49,17,507d17,Quang Nam,North and South Central Coast,1,0,0,2.1503658294677734,5.5980939865112305,0,0,2008
49,17,507d17,Quang Nam,North and South Central Coast,1,0,0,2.8439786434173584,5.0862274169921875,0,0,2008
49,17,507d17,Quang Nam,North and South Central Coast,1,0,0,4.11903715133667,3.4242360591888428,0,0,2008
49,19,507d19,Quang Nam,North and South Central Coast,1,0,0,2.457021474838257,5.6662397384643555,0,0,2008
49,19,507d19,Quang Nam,North and South Central Coast,1,0,0,2.996432065963745,5.215865135192871,0,0,2008
49,19,507d19,Quang Nam,North and South Central Coast,1,0,0,2.3808414936065674,5.615812301635742,0,0,2008
49,19,507d19,Quang Nam,North and South Central Coast,1,0,0,3.5143773555755615,4.836761474609375,0,0,2008
49,19,507d19,Quang Nam,North and South Central Coast,1,0,0,4.220977306365967,2.733661651611328,0,0,2008
49,19,507d19,Quang Nam,North and South Central Coast,1,0,0,2.7562053203582764,5.542831897735596,0,0,2008
54,1,509d1,Phu Yen,North and South Central Coast,1,0,0,1.4060969352722168,5.686476707458496,0,0,2008
54,1,509d1,Phu Yen,North and South Central Coast,1,0,0,2.540814161300659,4.906937122344971,0,0,2008
54,3,509d3,Phu Yen,North and South Central Coast,1,0,0,4.409884929656982,3.158494234085083,0,1,2008
54,3,509d3,Phu Yen,North and South Central Coast,1,0,0,4.746669769287109,2.248180389404297,0,1,2008
54,5,509d5,Phu Yen,North and South Central Coast,1,0,0,4.4502692222595215,3.5239193439483643,0,0,2008
54,5,509d5,Phu Yen,North and South Central Coast,1,0,0,3.0540013313293457,4.135166645050049,0,0,2008
54,5,509d5,Phu Yen,North and South Central Coast,1,0,0,3.6511776447296143,3.8098878860473633,0,0,2008
54,7,509d7,Phu Yen,North and South Central Coast,1,0,1,2.687847375869751,4.076037406921387,0,1,2008
54,7,509d7,Phu Yen,North and South Central Coast,1,0,0,3.1441524028778076,4.713715076446533,0,1,2008
54,7,509d7,Phu Yen,North and South Central Coast,1,0,0,3.0397491455078125,4.634403705596924,0,1,2008
54,7,509d7,Phu Yen,North and South Central Coast,1,0,0,3.087399482727051,4.56134033203125,0,1,2008
54,7,509d7,Phu Yen,North and South Central Coast,1,0,0,3.4934728145599365,2.843353033065796,0,1,2008
54,7,509d7,Phu Yen,North and South Central Coast,1,0,0,3.27714467048645,4.804330348968506,0,1,2008
54,9,509d9,Phu Yen,North and South Central Coast,1,1,0,4.011506080627441,3.6300582885742188,0,1,2008
54,9,509d9,Phu Yen,North and South Central Coast,1,1,1,5.143650054931641,1.5321733951568604,0,1,2008
54,10,509d10,Phu Yen,North and South Central Coast,1,0,0,2.771963596343994,5.624868392944336,0,1,2008
54,10,509d10,Phu Yen,North and South Central Coast,1,0,0,3.606584310531616,4.304006576538086,0,1,2008
54,10,509d10,Phu Yen,North and South Central Coast,1,0,0,3.7532618045806885,3.90118145942688,0,1,2008
54,10,509d10,Phu Yen,North and South Central Coast,1,0,0,2.578700542449951,5.703276634216309,0,1,2008
54,10,509d10,Phu Yen,North and South Central Coast,1,0,0,2.7899374961853027,5.538271903991699,0,1,2008
54,11,509d11,Phu Yen,North and South Central Coast,1,0,0,2.642622470855713,5.503507137298584,0,1,2008
54,11,509d11,Phu Yen,North and South Central Coast,1,0,0,3.047375440597534,5.043026924133301,0,1,2008
54,11,509d11,Phu Yen,North and South Central Coast,1,0,0,4.771616458892822,3.043994188308716,0,1,2008
54,11,509d11,Phu Yen,North and South Central Coast,1,0,0,3.551053047180176,4.153307914733887,0,1,2008
54,11,509d11,Phu Yen,North and South Central Coast,1,0,0,3.125443935394287,4.852867126464844,0,1,2008
54,11,509d11,Phu Yen,North and South Central Coast,1,0,0,4.974731922149658,3.051438331604004,0,1,2008
54,11,509d11,Phu Yen,North and South Central Coast,1,1,0,2.656054973602295,5.548616886138916,0,1,2008
54,11,509d11,Phu Yen,North and South Central Coast,1,0,0,2.6019487380981445,6.010736465454102,0,1,2008
54,11,509d11,Phu Yen,North and South Central Coast,1,0,0,2.7523860931396484,5.13331937789917,0,1,2008
54,11,509d11,Phu Yen,North and South Central Coast,1,0,0,3.8177123069763184,4.245035648345947,0,1,2008
54,11,509d11,Phu Yen,North and South Central Coast,1,0,0,2.8033604621887207,5.449867248535156,0,1,2008
54,13,509d13,Phu Yen,North and South Central Coast,1,0,1,3.3021135330200195,2.867497205734253,0,1,2008
56,1,511d1,Khanh Hoa,North and South Central Coast,1,0,0,1.5223538875579834,6.311246395111084,0,0,2008
56,1,511d1,Khanh Hoa,North and South Central Coast,1,0,1,2.6658382415771484,4.892678260803223,0,0,2008
56,1,511d1,Khanh Hoa,North and South Central Coast,1,0,1,1.2527629137039185,6.355114936828613,0,0,2008
56,2,511d2,Khanh Hoa,North and South Central Coast,1,0,0,4.250207901000977,3.5944244861602783,0,0,2008
56,3,511d3,Khanh Hoa,North and South Central Coast,1,0,0,3.7237637042999268,3.739025354385376,0,0,2008
56,3,511d3,Khanh Hoa,North and South Central Coast,1,0,1,3.3221540451049805,4.220059394836426,0,0,2008
56,3,511d3,Khanh Hoa,North and South Central Coast,1,0,0,3.875981330871582,3.8351199626922607,0,0,2008
56,3,511d3,Khanh Hoa,North and South Central Coast,1,0,0,2.869034767150879,5.369766712188721,0,0,2008
56,5,511d5,Khanh Hoa,North and South Central Coast,1,0,0,2.144526720046997,5.698929786682129,0,0,2008
56,5,511d5,Khanh Hoa,North and South Central Coast,1,0,0,2.9150643348693848,4.984088897705078,0,0,2008
56,5,511d5,Khanh Hoa,North and South Central Coast,1,0,0,2.162172794342041,4.9119439125061035,0,0,2008
56,5,511d5,Khanh Hoa,North and South Central Coast,1,0,0,4.357990264892578,2.1174426078796387,0,0,2008
56,5,511d5,Khanh Hoa,North and South Central Coast,1,0,0,3.3178157806396484,4.127601623535156,0,0,2008
56,5,511d5,Khanh Hoa,North and South Central Coast,1,0,0,4.1075897216796875,3.4250338077545166,0,0,2008
56,5,511d5,Khanh Hoa,North and South Central Coast,1,0,0,2.6012070178985596,5.1728081703186035,0,0,2008
56,5,511d5,Khanh Hoa,North and South Central Coast,1,0,0,3.68009090423584,4.312177658081055,0,0,2008
56,7,511d7,Khanh Hoa,North and South Central Coast,1,0,0,3.157851219177246,4.465301990509033,0,0,2008
56,7,511d7,Khanh Hoa,North and South Central Coast,1,0,0,1.597365379333496,5.577359199523926,0,0,2008
56,7,511d7,Khanh Hoa,North and South Central Coast,1,0,0,2.7757089138031006,4.747231960296631,0,0,2008
56,7,511d7,Khanh Hoa,North and South Central Coast,1,0,0,3.187178611755371,3.711535930633545,0,0,2008
56,7,511d7,Khanh Hoa,North and South Central Coast,1,0,0,2.1341664791107178,5.395240306854248,0,0,2008
56,11,511d11,Khanh Hoa,North and South Central Coast,1,0,0,2.990719795227051,3.166259288787842,0,0,2008
56,13,511d13,Khanh Hoa,North and South Central Coast,1,0,0,3.405853271484375,2.4967801570892334,0,0,2008
56,15,511d15,Khanh Hoa,North and South Central Coast,1,0,1,4.469350337982178,2.942809820175171,0,0,2008
56,15,511d15,Khanh Hoa,North and South Central Coast,1,0,0,2.9972312450408936,4.244851112365723,0,0,2008
56,15,511d15,Khanh Hoa,North and South Central Coast,1,0,0,3.633366823196411,2.937516212463379,0,0,2008
79,35,701d35,Ho Chi Minh City,Southeast,1,0,0,2.7868614196777344,5.114145755767822,1,1,2008
79,35,701d35,Ho Chi Minh City,Southeast,1,1,1,3.0809922218322754,5.448129653930664,1,1,2008
79,35,701d35,Ho Chi Minh City,Southeast,1,0,0,3.1925318241119385,4.510024070739746,1,1,2008
79,35,701d35,Ho Chi Minh City,Southeast,1,0,0,2.8836827278137207,5.650367736816406,1,1,2008
79,35,701d35,Ho Chi Minh City,Southeast,1,0,1,2.7120423316955566,5.5291337966918945,1,1,2008
79,35,701d35,Ho Chi Minh City,Southeast,1,1,0,2.832566022872925,4.8485331535339355,1,1,2008
79,37,701d37,Ho Chi Minh City,Southeast,1,0,0,2.1910946369171143,6.3160481452941895,1,1,2008
79,37,701d37,Ho Chi Minh City,Southeast,1,0,0,2.7093827724456787,5.252336025238037,1,1,2008
79,37,701d37,Ho Chi Minh City,Southeast,1,0,0,1.953027606010437,7.094793796539307,1,1,2008
79,37,701d37,Ho Chi Minh City,Southeast,1,0,0,0.572108805179596,7.657402515411377,1,1,2008
79,39,701d39,Ho Chi Minh City,Southeast,1,0,0,1.8671760559082031,5.657385349273682,1,1,2008
79,39,701d39,Ho Chi Minh City,Southeast,0,0,0,3.312366247177124,4.5684380531311035,1,1,2008
79,41,701d41,Ho Chi Minh City,Southeast,0,1,0,2.6755270957946777,4.845790863037109,1,1,2008
79,43,701d43,Ho Chi Minh City,Southeast,1,0,1,2.405412435531616,4.889644145965576,1,1,2008
58,3,705d3,Ninh Thuan,North and South Central Coast,1,1,0,5.005756855010986,3.0145137310028076,0,0,2008
58,3,705d3,Ninh Thuan,North and South Central Coast,1,1,1,3.4339871406555176,4.620217800140381,0,0,2008
58,4,705d4,Ninh Thuan,North and South Central Coast,1,0,0,4.382651329040527,1.1780301332473755,0,0,2008
58,4,705d4,Ninh Thuan,North and South Central Coast,1,0,0,4.613733291625977,1.5806719064712524,0,0,2008
58,5,705d5,Ninh Thuan,North and South Central Coast,1,0,0,4.102973937988281,3.289057731628418,0,0,2008
58,5,705d5,Ninh Thuan,North and South Central Coast,1,0,0,3.1152915954589844,4.996636390686035,0,0,2008
58,5,705d5,Ninh Thuan,North and South Central Coast,1,1,1,4.222444534301758,3.3376359939575195,0,0,2008
58,5,705d5,Ninh Thuan,North and South Central Coast,1,0,0,3.298795461654663,4.437074661254883,0,0,2008
58,5,705d5,Ninh Thuan,North and South Central Coast,1,1,1,3.1063787937164307,4.161146640777588,0,0,2008
58,7,705d7,Ninh Thuan,North and South Central Coast,1,0,0,5.187218189239502,1.113567590713501,0,0,2008
58,7,705d7,Ninh Thuan,North and South Central Coast,1,0,0,4.876570224761963,2.5740904808044434,0,0,2008
58,7,705d7,Ninh Thuan,North and South Central Coast,1,0,0,2.5185024738311768,5.539824485778809,0,0,2008
58,7,705d7,Ninh Thuan,North and South Central Coast,0,0,0,3.8251571655273438,3.8499248027801514,0,0,2008
70,1,707d1,Binh Phuoc,Southeast,1,0,0,3.9512436389923096,3.8117775917053223,0,0,2008
70,1,707d1,Binh Phuoc,Southeast,1,1,0,4.047951698303223,3.761183977127075,0,0,2008
70,2,707d2,Binh Phuoc,Southeast,1,1,0,4.46992301940918,3.1379549503326416,0,0,2008
70,2,707d2,Binh Phuoc,Southeast,1,1,0,4.2062883377075195,3.443404197692871,0,0,2008
70,3,707d3,Binh Phuoc,Southeast,1,0,0,4.061132431030273,3.531233787536621,0,0,2008
70,3,707d3,Binh Phuoc,Southeast,1,0,0,4.535820007324219,3.4227566719055176,0,0,2008
70,3,707d3,Binh Phuoc,Southeast,1,0,0,3.6737658977508545,3.991518974304199,0,0,2008
70,3,707d3,Binh Phuoc,Southeast,1,0,0,4.062510013580322,3.4145286083221436,0,0,2008
70,3,707d3,Binh Phuoc,Southeast,1,0,0,5.855043411254883,1.128746747970581,0,0,2008
70,3,707d3,Binh Phuoc,Southeast,1,0,0,5.031679153442383,2.803504705429077,0,0,2008
70,3,707d3,Binh Phuoc,Southeast,1,0,0,4.362334251403809,3.699152708053589,0,0,2008
70,3,707d3,Binh Phuoc,Southeast,1,0,0,4.995115280151367,2.609280824661255,0,0,2008
70,5,707d5,Binh Phuoc,Southeast,1,0,0,3.3286266326904297,4.227278232574463,0,0,2008
70,5,707d5,Binh Phuoc,Southeast,1,0,0,4.927616119384766,2.8480796813964844,0,0,2008
70,5,707d5,Binh Phuoc,Southeast,1,0,0,4.3760085105896,2.4483652114868164,0,0,2008
70,5,707d5,Binh Phuoc,Southeast,1,0,0,3.9013664722442627,3.6156108379364014,0,0,2008
70,5,707d5,Binh Phuoc,Southeast,1,0,0,2.7638001441955566,4.730629920959473,0,0,2008
70,6,707d6,Binh Phuoc,Southeast,1,0,0,3.9187800884246826,3.7683000564575195,0,0,2008
70,6,707d6,Binh Phuoc,Southeast,1,0,0,3.744077682495117,3.7312614917755127,0,0,2008
70,7,707d7,Binh Phuoc,Southeast,0,0,0,4.462200164794922,2.904876947402954,0,0,2008
70,7,707d7,Binh Phuoc,Southeast,1,0,0,4.413767337799072,2.8182427883148193,0,0,2008
70,7,707d7,Binh Phuoc,Southeast,1,0,0,4.476768493652344,3.2302942276000977,0,0,2008
70,7,707d7,Binh Phuoc,Southeast,1,0,0,4.811370849609375,2.963484764099121,0,0,2008
70,9,707d9,Binh Phuoc,Southeast,1,0,0,5.601897239685059,2.0680646896362305,0,0,2008
70,9,707d9,Binh Phuoc,Southeast,1,0,0,4.136765480041504,3.5761256217956543,0,0,2008
70,9,707d9,Binh Phuoc,Southeast,1,0,0,4.269137859344482,3.0520505905151367,0,0,2008
70,9,707d9,Binh Phuoc,Southeast,1,0,0,6.878377914428711,0.9464677572250366,0,0,2008
70,9,707d9,Binh Phuoc,Southeast,1,0,0,3.969536781311035,4.019345283508301,0,0,2008
70,9,707d9,Binh Phuoc,Southeast,1,0,0,4.026422500610352,3.9786107540130615,0,0,2008
70,10,707d10,Binh Phuoc,Southeast,1,0,0,4.125374794006348,3.9380030632019043,0,0,2008
70,10,707d10,Binh Phuoc,Southeast,1,0,0,3.6259396076202393,3.7129483222961426,0,0,2008
70,10,707d10,Binh Phuoc,Southeast,0,0,0,6.196708679199219,1.2051327228546143,0,0,2008
72,1,709d1,Tay Ninh,Southeast,1,0,0,7.32588005065918,0.7100464701652527,0,0,2008
72,1,709d1,Tay Ninh,Southeast,1,1,0,3.232384204864502,5.136773109436035,0,0,2008
72,1,709d1,Tay Ninh,Southeast,1,1,0,2.9699015617370605,4.387016773223877,0,0,2008
72,3,709d3,Tay Ninh,Southeast,1,0,0,4.74533224105835,3.3037757873535156,0,0,2008
72,3,709d3,Tay Ninh,Southeast,1,0,0,4.132122039794922,3.8268043994903564,0,0,2008
72,5,709d5,Tay Ninh,Southeast,1,0,0,3.9363253116607666,3.3150196075439453,0,0,2008
72,5,709d5,Tay Ninh,Southeast,1,0,0,4.437236785888672,3.546203374862671,0,0,2008
72,5,709d5,Tay Ninh,Southeast,1,0,0,4.70898962020874,3.086245536804199,0,0,2008
72,5,709d5,Tay Ninh,Southeast,1,0,0,3.773266553878784,4.096899509429932,0,0,2008
72,7,709d7,Tay Ninh,Southeast,1,0,0,3.4812400341033936,4.115654468536377,0,0,2008
72,7,709d7,Tay Ninh,Southeast,1,1,0,5.149178981781006,3.039787769317627,0,0,2008
72,7,709d7,Tay Ninh,Southeast,1,0,0,4.024458408355713,3.591825008392334,0,0,2008
72,7,709d7,Tay Ninh,Southeast,1,0,0,3.628864049911499,4.612048625946045,0,0,2008
72,7,709d7,Tay Ninh,Southeast,1,0,0,3.2088255882263184,4.2749810218811035,0,0,2008
72,9,709d9,Tay Ninh,Southeast,1,0,0,3.3667783737182617,4.88331937789917,0,0,2008
72,9,709d9,Tay Ninh,Southeast,1,0,0,3.543853521347046,4.07045841217041,0,0,2008
72,9,709d9,Tay Ninh,Southeast,1,0,0,3.162940263748169,4.975040435791016,0,0,2008
72,9,709d9,Tay Ninh,Southeast,1,0,0,3.4943840503692627,3.3386476039886475,0,0,2008
72,9,709d9,Tay Ninh,Southeast,1,0,0,3.4901235103607178,3.9482598304748535,0,0,2008
72,11,709d11,Tay Ninh,Southeast,1,0,0,2.2864556312561035,6.004839897155762,0,0,2008
72,11,709d11,Tay Ninh,Southeast,1,0,0,3.130263090133667,5.216853141784668,0,0,2008
72,11,709d11,Tay Ninh,Southeast,1,0,0,1.8931119441986084,6.495338439941406,0,0,2008
72,11,709d11,Tay Ninh,Southeast,1,0,0,2.887590169906616,4.930438041687012,0,0,2008
72,11,709d11,Tay Ninh,Southeast,1,0,0,2.054123640060425,6.5001726150512695,0,0,2008
72,13,709d13,Tay Ninh,Southeast,1,0,0,3.347445011138916,3.8110690116882324,0,0,2008
72,13,709d13,Tay Ninh,Southeast,0,0,0,3.253856658935547,4.665499210357666,0,0,2008
72,15,709d15,Tay Ninh,Southeast,1,0,0,3.2219111919403076,5.14724588394165,0,0,2008
72,15,709d15,Tay Ninh,Southeast,1,0,0,4.259435176849365,4.228535175323486,0,0,2008
72,15,709d15,Tay Ninh,Southeast,1,0,0,3.189652919769287,5.103395938873291,0,0,2008
72,15,709d15,Tay Ninh,Southeast,1,0,0,3.0383126735687256,4.725558757781982,0,0,2008
72,15,709d15,Tay Ninh,Southeast,1,0,0,3.607398271560669,4.711344242095947,0,0,2008
72,17,709d17,Tay Ninh,Southeast,1,0,0,2.5809741020202637,4.789256572723389,0,0,2008
72,17,709d17,Tay Ninh,Southeast,1,0,0,3.408504009246826,4.961580276489258,0,0,2008
72,17,709d17,Tay Ninh,Southeast,1,0,0,3.40883469581604,5.032341003417969,0,0,2008
72,17,709d17,Tay Ninh,Southeast,1,0,0,4.069539546966553,3.8991262912750244,0,0,2008
72,17,709d17,Tay Ninh,Southeast,1,0,0,3.5052571296691895,4.994993209838867,0,0,2008
74,1,711d1,Binh Duong,Southeast,1,0,0,4.072439670562744,3.911341428756714,0,0,2008
74,2,711d2,Binh Duong,Southeast,1,0,0,3.8055508136749268,3.780745506286621,0,0,2008
74,2,711d2,Binh Duong,Southeast,1,0,0,4.148359298706055,3.662804126739502,0,0,2008
74,2,711d2,Binh Duong,Southeast,1,0,0,4.556610107421875,2.9038803577423096,0,0,2008
74,2,711d2,Binh Duong,Southeast,1,0,0,4.132282257080078,3.9960076808929443,0,0,2008
74,2,711d2,Binh Duong,Southeast,1,0,0,4.070239543914795,3.717557191848755,0,0,2008
74,3,711d3,Binh Duong,Southeast,1,0,0,3.635742425918579,4.2139716148376465,0,0,2008
74,3,711d3,Binh Duong,Southeast,1,0,0,4.329812049865723,3.5909976959228516,0,0,2008
74,3,711d3,Binh Duong,Southeast,1,0,0,2.810667037963867,5.147560119628906,0,0,2008
74,3,711d3,Binh Duong,Southeast,1,0,0,4.484808921813965,3.191664695739746,0,0,2008
74,3,711d3,Binh Duong,Southeast,1,0,0,3.443394422531128,4.138325214385986,0,0,2008
74,4,711d4,Binh Duong,Southeast,1,0,0,4.15119743347168,3.7656102180480957,0,0,2008
74,4,711d4,Binh Duong,Southeast,1,0,0,4.115355491638184,3.6586594581604004,0,0,2008
74,5,711d5,Binh Duong,Southeast,1,0,0,3.4824700355529785,3.8915317058563232,0,0,2008
74,5,711d5,Binh Duong,Southeast,1,0,0,2.0864171981811523,4.959359645843506,0,0,2008
74,5,711d5,Binh Duong,Southeast,1,0,0,3.364187479019165,3.901242256164551,0,0,2008
74,5,711d5,Binh Duong,Southeast,1,0,0,3.0685179233551025,4.24869441986084,0,0,2008
74,5,711d5,Binh Duong,Southeast,1,0,0,2.3757426738739014,4.797449111938477,0,0,2008
74,7,711d7,Binh Duong,Southeast,1,0,0,1.8764070272445679,5.815249919891357,0,0,2008
74,7,711d7,Binh Duong,Southeast,1,0,0,1.688249111175537,6.225271701812744,0,0,2008
74,7,711d7,Binh Duong,Southeast,1,0,0,2.434490203857422,5.409750461578369,0,0,2008
74,8,711d8,Binh Duong,Southeast,1,0,0,2.337952136993408,5.338057518005371,0,0,2008
74,8,711d8,Binh Duong,Southeast,1,0,0,2.327277660369873,5.988044261932373,0,0,2008
74,8,711d8,Binh Duong,Southeast,1,0,1,1.797575831413269,6.095623016357422,0,0,2008
74,8,711d8,Binh Duong,Southeast,1,0,0,2.5233256816864014,5.732502460479736,0,0,2008
75,1,713d1,Dong Nai,Southeast,0,0,1,4.094344615936279,3.359217405319214,0,0,2008
75,3,713d3,Dong Nai,Southeast,1,0,0,1.8229351043701172,6.189745903015137,0,0,2008
75,3,713d3,Dong Nai,Southeast,1,0,0,3.3911471366882324,4.413919925689697,0,0,2008
75,3,713d3,Dong Nai,Southeast,0,0,0,3.269188642501831,4.274084568023682,0,0,2008
75,3,713d3,Dong Nai,Southeast,1,0,0,3.099641799926758,4.1251115798950195,0,0,2008
75,5,713d5,Dong Nai,Southeast,1,0,0,3.3307747840881348,4.609808921813965,0,0,2008
75,5,713d5,Dong Nai,Southeast,1,0,0,2.761275053024292,4.5492753982543945,0,0,2008
75,5,713d5,Dong Nai,Southeast,1,0,0,4.411585330963135,3.703636407852173,0,0,2008
75,5,713d5,Dong Nai,Southeast,1,0,0,3.78464412689209,3.7025296688079834,0,0,2008
75,5,713d5,Dong Nai,Southeast,0,0,0,4.2524871826171875,4.0485382080078125,0,0,2008
75,7,713d7,Dong Nai,Southeast,1,0,0,2.40694522857666,5.034961700439453,0,0,2008
75,7,713d7,Dong Nai,Southeast,1,0,0,3.3192639350891113,4.830915451049805,0,0,2008
75,7,713d7,Dong Nai,Southeast,1,1,0,2.623218297958374,5.235422611236572,0,0,2008
75,9,713d9,Dong Nai,Southeast,1,0,0,2.9177706241607666,5.430056571960449,0,0,2008
75,9,713d9,Dong Nai,Southeast,1,0,0,2.743417263031006,4.784914493560791,0,0,2008
75,9,713d9,Dong Nai,Southeast,1,0,0,3.650658130645752,4.651111602783203,0,0,2008
75,9,713d9,Dong Nai,Southeast,0,0,0,3.764914035797119,4.041782379150391,0,0,2008
75,9,713d9,Dong Nai,Southeast,1,0,0,2.1894164085388184,4.8939714431762695,0,0,2008
75,9,713d9,Dong Nai,Southeast,1,0,0,2.4283363819122314,5.235540866851807,0,0,2008
75,9,713d9,Dong Nai,Southeast,1,0,0,2.944438934326172,5.291451930999756,0,0,2008
75,9,713d9,Dong Nai,Southeast,1,0,0,3.0046920776367188,5.191469192504883,0,0,2008
75,11,713d11,Dong Nai,Southeast,1,1,1,2.344686269760132,5.125537872314453,0,0,2008
75,11,713d11,Dong Nai,Southeast,1,0,0,3.2296178340911865,4.4229278564453125,0,0,2008
75,11,713d11,Dong Nai,Southeast,1,0,0,3.630190372467041,3.6936399936676025,0,0,2008
75,11,713d11,Dong Nai,Southeast,1,1,1,2.7320921421051025,5.231368064880371,0,0,2008
75,11,713d11,Dong Nai,Southeast,1,0,1,3.8501474857330322,3.672252655029297,0,0,2008
75,13,713d13,Dong Nai,Southeast,1,0,0,3.85439395904541,4.243640899658203,0,0,2008
75,13,713d13,Dong Nai,Southeast,1,0,0,4.424726963043213,3.3758459091186523,0,0,2008
75,13,713d13,Dong Nai,Southeast,1,0,0,3.651956081390381,4.337604522705078,0,0,2008
75,13,713d13,Dong Nai,Southeast,1,0,0,3.9112226963043213,4.382326602935791,0,0,2008
75,13,713d13,Dong Nai,Southeast,1,0,0,3.5085558891296387,4.558279514312744,0,0,2008
75,13,713d13,Dong Nai,Southeast,0,0,0,3.621135711669922,4.2716898918151855,0,0,2008
75,13,713d13,Dong Nai,Southeast,1,0,0,3.6312503814697266,4.568763256072998,0,0,2008
75,13,713d13,Dong Nai,Southeast,1,0,0,2.840247392654419,4.491467475891113,0,0,2008
75,15,713d15,Dong Nai,Southeast,1,0,0,3.440418004989624,4.174387454986572,0,0,2008
75,15,713d15,Dong Nai,Southeast,1,0,0,2.181546688079834,5.974389553070068,0,0,2008
75,15,713d15,Dong Nai,Southeast,1,1,0,3.480008602142334,4.768782138824463,0,0,2008
75,15,713d15,Dong Nai,Southeast,1,0,1,3.7541990280151367,4.013911247253418,0,0,2008
75,15,713d15,Dong Nai,Southeast,1,0,0,3.861361026763916,4.114547252655029,0,0,2008
75,17,713d17,Dong Nai,Southeast,0,0,0,3.044522523880005,4.711672782897949,0,0,2008
75,17,713d17,Dong Nai,Southeast,1,0,0,3.567841053009033,4.047457218170166,0,0,2008
75,17,713d17,Dong Nai,Southeast,1,0,0,5.006560325622559,2.5756688117980957,0,0,2008
60,1,715d1,Binh Thuan,North and South Central Coast,1,0,0,3.9259259700775146,3.338104248046875,0,0,2008
60,3,715d3,Binh Thuan,North and South Central Coast,1,0,1,2.4561641216278076,4.707008361816406,0,0,2008
60,3,715d3,Binh Thuan,North and South Central Coast,1,0,1,2.311544895172119,5.449774265289307,0,0,2008
60,5,715d5,Binh Thuan,North and South Central Coast,1,0,1,3.130263090133667,4.877769947052002,0,0,2008
60,5,715d5,Binh Thuan,North and South Central Coast,1,0,0,4.258586883544922,3.5702476501464844,0,0,2008
60,5,715d5,Binh Thuan,North and South Central Coast,1,0,1,5.268888473510742,2.1522889137268066,0,0,2008
60,7,715d7,Binh Thuan,North and South Central Coast,1,0,0,3.5429861545562744,4.294568061828613,0,0,2008
60,7,715d7,Binh Thuan,North and South Central Coast,1,0,0,3.8161725997924805,4.201464653015137,0,0,2008
60,7,715d7,Binh Thuan,North and South Central Coast,1,0,0,4.029628276824951,4.279802322387695,0,0,2008
60,7,715d7,Binh Thuan,North and South Central Coast,1,0,0,4.1794514656066895,3.425940990447998,0,0,2008
60,9,715d9,Binh Thuan,North and South Central Coast,0,0,0,4.726945400238037,2.6978166103363037,0,0,2008
60,9,715d9,Binh Thuan,North and South Central Coast,1,0,0,4.118142604827881,2.965245485305786,0,0,2008
60,9,715d9,Binh Thuan,North and South Central Coast,0,1,0,4.186254978179932,3.7457480430603027,0,0,2008
60,11,715d11,Binh Thuan,North and South Central Coast,1,0,0,5.3938093185424805,1.6272746324539185,0,0,2008
60,11,715d11,Binh Thuan,North and South Central Coast,1,0,0,4.4842448234558105,2.7176716327667236,0,0,2008
60,11,715d11,Binh Thuan,North and South Central Coast,1,0,0,3.0411834716796875,4.236754894256592,0,0,2008
60,13,715d13,Binh Thuan,North and South Central Coast,1,0,0,4.691348075866699,2.217406988143921,0,0,2008
60,13,715d13,Binh Thuan,North and South Central Coast,1,0,0,3.489208221435547,4.177949905395508,0,0,2008
60,13,715d13,Binh Thuan,North and South Central Coast,1,1,0,4.010962963104248,3.8762454986572266,0,0,2008
60,15,715d15,Binh Thuan,North and South Central Coast,1,0,0,3.780888795852661,3.707404851913452,0,0,2008
60,15,715d15,Binh Thuan,North and South Central Coast,1,0,0,3.934762477874756,3.49890398979187,0,0,2008
60,15,715d15,Binh Thuan,North and South Central Coast,1,0,0,3.1245651245117188,4.497119903564453,0,0,2008
77,3,717d3,Ba Ria - Vung Tau,Southeast,1,0,0,2.7173402309417725,5.190311431884766,0,0,2008
77,5,717d5,Ba Ria - Vung Tau,Southeast,1,0,0,3.443618059158325,4.112810134887695,0,1,2008
77,5,717d5,Ba Ria - Vung Tau,Southeast,1,0,0,3.097385883331299,4.731846809387207,0,1,2008
77,5,717d5,Ba Ria - Vung Tau,Southeast,1,0,0,3.8394522666931152,3.858576774597168,0,1,2008
77,5,717d5,Ba Ria - Vung Tau,Southeast,1,0,1,3.1817967891693115,4.647833824157715,0,1,2008
77,5,717d5,Ba Ria - Vung Tau,Southeast,1,0,0,3.080073356628418,4.796944618225098,0,1,2008
77,5,717d5,Ba Ria - Vung Tau,Southeast,1,0,0,2.74019455909729,4.749217510223389,0,1,2008
77,7,717d7,Ba Ria - Vung Tau,Southeast,1,0,0,4.594715595245361,3.6701624393463135,0,1,2008
77,7,717d7,Ba Ria - Vung Tau,Southeast,1,1,0,3.924544334411621,3.2987513542175293,0,1,2008
77,7,717d7,Ba Ria - Vung Tau,Southeast,1,0,1,4.471066951751709,3.9066340923309326,0,1,2008
77,7,717d7,Ba Ria - Vung Tau,Southeast,1,0,0,2.8975679874420166,4.934446334838867,0,1,2008
77,7,717d7,Ba Ria - Vung Tau,Southeast,0,0,0,4.486161231994629,2.73348069190979,0,1,2008
77,7,717d7,Ba Ria - Vung Tau,Southeast,1,0,0,4.270256519317627,3.531543731689453,0,1,2008
77,9,717d9,Ba Ria - Vung Tau,Southeast,0,0,0,3.367295742034912,3.830139636993408,0,1,2008
77,9,717d9,Ba Ria - Vung Tau,Southeast,1,0,1,4.014579772949219,3.586822748184204,0,1,2008
77,9,717d9,Ba Ria - Vung Tau,Southeast,1,0,0,3.6757941246032715,4.595242500305176,0,1,2008
77,9,717d9,Ba Ria - Vung Tau,Southeast,1,0,1,3.1183922290802,4.617477893829346,0,1,2008
77,11,717d11,Ba Ria - Vung Tau,Southeast,1,0,1,3.1077208518981934,3.9739878177642822,0,1,2008
77,11,717d11,Ba Ria - Vung Tau,Southeast,1,0,1,1.1969481706619263,6.855030059814453,0,1,2008
77,11,717d11,Ba Ria - Vung Tau,Southeast,1,1,0,3.5959415435791016,2.730207920074463,0,1,2008
77,11,717d11,Ba Ria - Vung Tau,Southeast,1,0,1,2.777576208114624,5.581324100494385,0,1,2008
80,1,801d1,Long An,Mekong River Delta,1,0,0,2.222459077835083,5.013160228729248,0,0,2008
80,3,801d3,Long An,Mekong River Delta,0,0,0,3.6848714351654053,2.9271695613861084,0,0,2008
80,5,801d5,Long An,Mekong River Delta,1,0,0,3.9479691982269287,3.230576276779175,0,0,2008
80,5,801d5,Long An,Mekong River Delta,1,0,1,4.081596851348877,3.148966073989868,0,0,2008
80,7,801d7,Long An,Mekong River Delta,1,0,0,3.7483270168304443,3.873847723007202,0,0,2008
80,9,801d9,Long An,Mekong River Delta,0,0,1,3.632838010787964,4.096457481384277,0,0,2008
80,11,801d11,Long An,Mekong River Delta,1,0,0,3.623807430267334,3.453690528869629,0,0,2008
80,13,801d13,Long An,Mekong River Delta,0,0,1,3.588782787322998,4.074154853820801,0,0,2008
80,15,801d15,Long An,Mekong River Delta,1,0,0,3.316728115081787,4.414763927459717,0,0,2008
80,15,801d15,Long An,Mekong River Delta,1,0,0,2.8909270763397217,4.586111545562744,0,0,2008
80,15,801d15,Long An,Mekong River Delta,1,0,0,3.1376657485961914,4.834110260009766,0,0,2008
80,17,801d17,Long An,Mekong River Delta,1,0,1,2.0281481742858887,5.752990245819092,0,0,2008
80,17,801d17,Long An,Mekong River Delta,1,0,1,2.880882501602173,4.641517639160156,0,0,2008
80,19,801d19,Long An,Mekong River Delta,1,0,0,2.540814161300659,5.410745143890381,0,0,2008
80,19,801d19,Long An,Mekong River Delta,1,0,1,2.524928331375122,4.8750810623168945,0,0,2008
80,21,801d21,Long An,Mekong River Delta,0,0,0,2.8558952808380127,4.902010917663574,0,0,2008
80,21,801d21,Long An,Mekong River Delta,1,0,0,2.5733752250671387,4.8062567710876465,0,0,2008
80,21,801d21,Long An,Mekong River Delta,1,0,1,2.117459774017334,5.136010646820068,0,0,2008
80,23,801d23,Long An,Mekong River Delta,1,0,1,2.1713368892669678,5.012533664703369,0,0,2008
80,25,801d25,Long An,Mekong River Delta,1,0,0,2.7555696964263916,4.9505934715271,0,0,2008
80,25,801d25,Long An,Mekong River Delta,1,1,0,2.5967462062835693,5.011131763458252,0,0,2008
80,25,801d25,Long An,Mekong River Delta,1,0,0,2.370243787765503,5.356410026550293,0,0,2008
80,25,801d25,Long An,Mekong River Delta,0,0,1,2.525728702545166,5.43738317489624,0,0,2008
80,25,801d25,Long An,Mekong River Delta,0,0,0,2.693951368331909,4.903445243835449,0,0,2008
80,27,801d27,Long An,Mekong River Delta,0,0,0,2.295560598373413,5.6364426612854,0,0,2008
80,27,801d27,Long An,Mekong River Delta,1,0,0,2.402430534362793,5.346460819244385,0,0,2008
80,27,801d27,Long An,Mekong River Delta,0,0,0,2.3194422721862793,5.448245048522949,0,0,2008
87,1,803d1,Dong Thap,Mekong River Delta,0,0,0,2.789322853088379,4.942607879638672,0,0,2008
87,3,803d3,Dong Thap,Mekong River Delta,1,0,0,3.09013295173645,5.074661731719971,0,0,2008
87,5,803d5,Dong Thap,Mekong River Delta,1,0,0,3.448399066925049,4.1609673500061035,0,0,2008
87,5,803d5,Dong Thap,Mekong River Delta,1,0,0,3.834277629852295,4.063390731811523,0,0,2008
87,7,803d7,Dong Thap,Mekong River Delta,1,0,1,2.7738380432128906,5.159241676330566,0,0,2008
87,7,803d7,Dong Thap,Mekong River Delta,1,0,1,2.253394842147827,5.7658891677856445,0,0,2008
87,7,803d7,Dong Thap,Mekong River Delta,1,0,0,3.880119562149048,3.744011163711548,0,0,2008
87,7,803d7,Dong Thap,Mekong River Delta,1,0,0,2.995732307434082,5.449749946594238,0,0,2008
87,7,803d7,Dong Thap,Mekong River Delta,1,0,0,2.728506326675415,5.253910064697266,0,0,2008
87,7,803d7,Dong Thap,Mekong River Delta,1,0,1,2.9739978313446045,5.4246368408203125,0,0,2008
87,7,803d7,Dong Thap,Mekong River Delta,1,0,1,3.300640106201172,4.475055694580078,0,0,2008
87,7,803d7,Dong Thap,Mekong River Delta,1,0,1,3.186765670776367,5.043278694152832,0,0,2008
87,7,803d7,Dong Thap,Mekong River Delta,1,0,0,3.5383472442626953,4.803539752960205,0,0,2008
87,9,803d9,Dong Thap,Mekong River Delta,1,0,0,4.152927875518799,3.8014442920684814,0,0,2008
87,9,803d9,Dong Thap,Mekong River Delta,1,0,0,3.9251365661621094,3.733090877532959,0,0,2008
87,9,803d9,Dong Thap,Mekong River Delta,1,0,0,2.729159116744995,4.865221977233887,0,0,2008
87,11,803d11,Dong Thap,Mekong River Delta,1,0,0,3.626471996307373,4.70991849899292,0,0,2008
87,11,803d11,Dong Thap,Mekong River Delta,0,0,0,3.6173834800720215,3.7279813289642334,0,0,2008
87,11,803d11,Dong Thap,Mekong River Delta,1,0,0,3.0969340801239014,5.1534247398376465,0,0,2008
87,11,803d11,Dong Thap,Mekong River Delta,1,0,0,3.0969340801239014,5.1534247398376465,0,0,2008
87,11,803d11,Dong Thap,Mekong River Delta,1,0,0,2.924236297607422,5.14635705947876,0,0,2008
87,13,803d13,Dong Thap,Mekong River Delta,1,0,0,2.9538681507110596,4.466111660003662,0,0,2008
87,13,803d13,Dong Thap,Mekong River Delta,0,0,0,3.6378493309020996,4.131951808929443,0,0,2008
87,13,803d13,Dong Thap,Mekong River Delta,0,0,0,4.062510013580322,3.503801107406616,0,0,2008
87,13,803d13,Dong Thap,Mekong River Delta,1,0,0,3.800197124481201,4.158030033111572,0,0,2008
87,15,803d15,Dong Thap,Mekong River Delta,0,0,0,3.2355363368988037,4.275988578796387,0,0,2008
87,15,803d15,Dong Thap,Mekong River Delta,1,0,0,3.1565747261047363,4.732509613037109,0,0,2008
87,15,803d15,Dong Thap,Mekong River Delta,1,0,0,3.018960475921631,4.890896320343018,0,0,2008
87,15,803d15,Dong Thap,Mekong River Delta,0,0,0,3.4480810165405273,4.946040153503418,0,0,2008
87,15,803d15,Dong Thap,Mekong River Delta,1,0,0,3.696847677230835,3.8704981803894043,0,0,2008
87,15,803d15,Dong Thap,Mekong River Delta,0,0,0,2.7160184383392334,4.715873718261719,0,0,2008
87,17,803d17,Dong Thap,Mekong River Delta,1,0,0,2.8626577854156494,4.91093635559082,0,0,2008
87,17,803d17,Dong Thap,Mekong River Delta,1,0,0,2.9215474128723145,5.255125522613525,0,0,2008
87,17,803d17,Dong Thap,Mekong River Delta,1,0,0,2.466657876968384,5.2489118576049805,0,0,2008
87,17,803d17,Dong Thap,Mekong River Delta,1,0,0,2.950787305831909,5.184266567230225,0,0,2008
87,17,803d17,Dong Thap,Mekong River Delta,1,0,0,2.4997951984405518,5.072193145751953,0,0,2008
87,17,803d17,Dong Thap,Mekong River Delta,0,1,0,2.9274535179138184,5.04121208190918,0,0,2008
87,19,803d19,Dong Thap,Mekong River Delta,1,0,0,2.923161506652832,4.692629337310791,0,0,2008
87,19,803d19,Dong Thap,Mekong River Delta,1,0,0,3.1863527297973633,5.265554904937744,0,0,2008
87,19,803d19,Dong Thap,Mekong River Delta,1,0,1,2.9770588874816895,5.039918899536133,0,0,2008
87,19,803d19,Dong Thap,Mekong River Delta,0,1,0,2.8797600269317627,5.270130634307861,0,0,2008
87,19,803d19,Dong Thap,Mekong River Delta,0,0,0,3.467921018600464,4.923482418060303,0,0,2008
87,21,803d21,Dong Thap,Mekong River Delta,1,1,0,3.057297706604004,4.934970855712891,0,0,2008
87,21,803d21,Dong Thap,Mekong River Delta,0,0,0,2.777824878692627,4.988592147827148,0,0,2008
87,21,803d21,Dong Thap,Mekong River Delta,1,0,0,3.0062763690948486,4.802046775817871,0,0,2008
87,21,803d21,Dong Thap,Mekong River Delta,0,0,0,3.365224838256836,4.914218902587891,0,0,2008
89,1,805d1,An Giang,Mekong River Delta,1,0,0,3.044522523880005,5.154391765594482,0,0,2008
89,1,805d1,An Giang,Mekong River Delta,1,0,1,2.2523438930511475,6.040955543518066,0,0,2008
89,5,805d5,An Giang,Mekong River Delta,1,0,0,2.377692461013794,5.670456409454346,0,0,2008
89,5,805d5,An Giang,Mekong River Delta,1,0,0,2.017566204071045,5.997100353240967,0,0,2008
89,5,805d5,An Giang,Mekong River Delta,1,0,1,1.8405497074127197,6.033809185028076,0,0,2008
89,5,805d5,An Giang,Mekong River Delta,1,0,1,3.5940191745758057,4.270400524139404,0,0,2008
89,5,805d5,An Giang,Mekong River Delta,1,0,0,3.591266632080078,4.733797073364258,0,0,2008
89,7,805d7,An Giang,Mekong River Delta,1,0,1,2.824944019317627,4.809393405914307,0,0,2008
89,7,805d7,An Giang,Mekong River Delta,1,0,1,2.3523271083831787,5.847686290740967,0,0,2008
89,7,805d7,An Giang,Mekong River Delta,1,0,1,2.694627285003662,5.318385124206543,0,0,2008
89,7,805d7,An Giang,Mekong River Delta,1,0,1,2.654649496078491,5.451563358306885,0,0,2008
89,9,805d9,An Giang,Mekong River Delta,1,0,1,2.760010004043579,5.40079402923584,0,0,2008
89,9,805d9,An Giang,Mekong River Delta,1,0,1,3.0819098949432373,4.862582206726074,0,0,2008
89,9,805d9,An Giang,Mekong River Delta,0,0,1,2.8610572814941406,4.140188217163086,0,0,2008
89,9,805d9,An Giang,Mekong River Delta,1,0,1,2.0906288623809814,5.747320175170898,0,0,2008
89,11,805d11,An Giang,Mekong River Delta,0,0,1,3.5962157249450684,4.847761631011963,0,0,2008
89,11,805d11,An Giang,Mekong River Delta,1,0,1,2.7421295642852783,5.541869640350342,0,0,2008
89,11,805d11,An Giang,Mekong River Delta,0,0,0,3.573749303817749,4.909680366516113,0,0,2008
89,11,805d11,An Giang,Mekong River Delta,0,0,1,3.6722419261932373,4.816346168518066,0,0,2008
89,11,805d11,An Giang,Mekong River Delta,1,0,1,3.3492021560668945,5.407008171081543,0,0,2008
89,11,805d11,An Giang,Mekong River Delta,0,0,0,3.869741678237915,3.7401206493377686,0,0,2008
89,13,805d13,An Giang,Mekong River Delta,1,0,0,3.482285737991333,3.4113705158233643,0,0,2008
89,13,805d13,An Giang,Mekong River Delta,0,0,1,3.403195381164551,3.754540205001831,0,0,2008
89,15,805d15,An Giang,Mekong River Delta,1,0,0,3.9199912548065186,3.4097585678100586,0,0,2008
89,15,805d15,An Giang,Mekong River Delta,0,0,0,3.4011974334716797,4.439902305603027,0,0,2008
89,15,805d15,An Giang,Mekong River Delta,1,1,0,3.4840054512023926,4.541837692260742,0,0,2008
89,17,805d17,An Giang,Mekong River Delta,1,0,0,3.306886672973633,5.075631618499756,0,0,2008
89,17,805d17,An Giang,Mekong River Delta,1,1,1,2.912350654602051,5.349433898925781,0,0,2008
89,17,805d17,An Giang,Mekong River Delta,1,0,0,3.1223649978637695,5.383160591125488,0,0,2008
89,17,805d17,An Giang,Mekong River Delta,1,0,1,2.930126428604126,5.416040897369385,0,0,2008
89,17,805d17,An Giang,Mekong River Delta,1,0,0,2.9370434284210205,5.556881427764893,0,0,2008
89,17,805d17,An Giang,Mekong River Delta,1,0,0,3.230013608932495,5.552462577819824,0,0,2008
89,17,805d17,An Giang,Mekong River Delta,1,0,0,3.1341888904571533,5.224946022033691,0,0,2008
89,17,805d17,An Giang,Mekong River Delta,1,0,0,3.1415627002716064,5.329377174377441,0,0,2008
89,17,805d17,An Giang,Mekong River Delta,1,0,0,2.942331552505493,5.172591686248779,0,0,2008
89,19,805d19,An Giang,Mekong River Delta,1,1,0,2.8219738006591797,5.357786655426025,0,0,2008
89,19,805d19,An Giang,Mekong River Delta,0,0,0,3.272606134414673,3.980156183242798,0,0,2008
89,19,805d19,An Giang,Mekong River Delta,1,0,0,3.103689432144165,5.313241481781006,0,0,2008
89,19,805d19,An Giang,Mekong River Delta,1,0,0,3.6090242862701416,4.623149871826172,0,0,2008
89,21,805d21,An Giang,Mekong River Delta,1,0,0,3.441699266433716,4.168162822723389,0,0,2008
89,21,805d21,An Giang,Mekong River Delta,1,0,0,3.487375020980835,4.140655994415283,0,0,2008
89,21,805d21,An Giang,Mekong River Delta,1,0,0,3.3314900398254395,3.93183970451355,0,0,2008
89,21,805d21,An Giang,Mekong River Delta,1,0,1,3.6128079891204834,4.1182451248168945,0,0,2008
82,1,807d1,Tien Giang,Mekong River Delta,1,0,1,1.9801735877990723,5.783697605133057,0,0,2008
82,3,807d3,Tien Giang,Mekong River Delta,1,0,0,2.975529670715332,4.94346284866333,0,0,2008
82,3,807d3,Tien Giang,Mekong River Delta,1,0,0,2.038879871368408,4.889657974243164,0,0,2008
82,5,807d5,Tien Giang,Mekong River Delta,1,0,0,3.5481796264648438,4.130609512329102,0,0,2008
82,5,807d5,Tien Giang,Mekong River Delta,1,0,0,2.860485076904297,4.835727691650391,0,0,2008
82,7,807d7,Tien Giang,Mekong River Delta,1,0,0,1.7422189712524414,5.977798938751221,0,0,2008
82,7,807d7,Tien Giang,Mekong River Delta,1,0,0,2.025513172149658,5.7272515296936035,0,0,2008
82,7,807d7,Tien Giang,Mekong River Delta,1,0,0,2.4006187915802,5.7709808349609375,0,0,2008
82,7,807d7,Tien Giang,Mekong River Delta,1,0,1,2.220289945602417,5.819512367248535,0,0,2008
82,7,807d7,Tien Giang,Mekong River Delta,1,0,0,2.659559965133667,5.0113348960876465,0,0,2008
82,7,807d7,Tien Giang,Mekong River Delta,1,0,0,2.1894164085388184,5.343742370605469,0,0,2008
82,7,807d7,Tien Giang,Mekong River Delta,1,0,0,2.057962417602539,5.257256031036377,0,0,2008
82,7,807d7,Tien Giang,Mekong River Delta,1,0,0,2.521559953689575,5.902640342712402,0,0,2008
82,9,807d9,Tien Giang,Mekong River Delta,0,0,0,2.516082286834717,5.230218410491943,0,0,2008
82,9,807d9,Tien Giang,Mekong River Delta,0,0,1,3.1713647842407227,4.833334445953369,0,0,2008
82,9,807d9,Tien Giang,Mekong River Delta,1,0,1,2.5185024738311768,5.136888027191162,0,0,2008
82,9,807d9,Tien Giang,Mekong River Delta,1,0,1,4.208536148071289,3.018399953842163,0,0,2008
82,9,807d9,Tien Giang,Mekong River Delta,0,0,1,3.0357699394226074,5.250247478485107,0,0,2008
82,9,807d9,Tien Giang,Mekong River Delta,1,0,1,3.08154296875,4.95503044128418,0,0,2008
82,9,807d9,Tien Giang,Mekong River Delta,1,0,0,2.94175124168396,5.352298736572266,0,0,2008
82,9,807d9,Tien Giang,Mekong River Delta,0,0,1,2.6122732162475586,5.043591022491455,0,0,2008
82,9,807d9,Tien Giang,Mekong River Delta,1,0,1,3.32503604888916,4.891592502593994,0,0,2008
82,9,807d9,Tien Giang,Mekong River Delta,1,0,1,3.0106208324432373,5.053386688232422,0,0,2008
82,9,807d9,Tien Giang,Mekong River Delta,1,0,0,2.6507742404937744,5.333347797393799,0,0,2008
82,11,807d11,Tien Giang,Mekong River Delta,1,0,0,2.6093342304229736,5.036063194274902,0,0,2008
82,11,807d11,Tien Giang,Mekong River Delta,1,0,0,2.599722385406494,5.660253524780273,0,0,2008
82,11,807d11,Tien Giang,Mekong River Delta,1,0,0,2.8931455612182617,5.2015380859375,0,0,2008
82,11,807d11,Tien Giang,Mekong River Delta,1,1,0,2.5152742862701416,5.5344719886779785,0,0,2008
82,11,807d11,Tien Giang,Mekong River Delta,1,0,0,2.4083855152130127,5.088266849517822,0,0,2008
82,11,807d11,Tien Giang,Mekong River Delta,1,0,0,2.4647040367126465,5.412693023681641,0,0,2008
82,13,807d13,Tien Giang,Mekong River Delta,0,0,1,2.7343673706054688,5.501788139343262,0,0,2008
82,13,807d13,Tien Giang,Mekong River Delta,0,0,1,2.4360666275024414,5.690747261047363,0,0,2008
82,13,807d13,Tien Giang,Mekong River Delta,1,0,1,2.98335599899292,5.145524024963379,0,0,2008
82,13,807d13,Tien Giang,Mekong River Delta,1,0,1,3.2680468559265137,4.769819259643555,0,0,2008
82,13,807d13,Tien Giang,Mekong River Delta,1,0,1,2.9384207725524902,5.001450538635254,0,0,2008
82,13,807d13,Tien Giang,Mekong River Delta,1,0,1,2.4535880088806152,5.570619583129883,0,0,2008
82,13,807d13,Tien Giang,Mekong River Delta,1,0,1,2.5760414600372314,5.14130973815918,0,0,2008
82,13,807d13,Tien Giang,Mekong River Delta,1,0,1,3.455685615539551,4.20913028717041,0,0,2008
82,13,807d13,Tien Giang,Mekong River Delta,1,0,1,2.9506301879882812,5.204444408416748,0,0,2008
82,15,807d15,Tien Giang,Mekong River Delta,1,0,0,2.857848644256592,5.215242862701416,0,0,2008
82,15,807d15,Tien Giang,Mekong River Delta,1,0,0,2.5674078464508057,4.940282344818115,0,0,2008
82,15,807d15,Tien Giang,Mekong River Delta,1,0,0,2.6702098846435547,5.273218154907227,0,0,2008
82,15,807d15,Tien Giang,Mekong River Delta,1,0,0,2.9366719722747803,5.0613274574279785,0,0,2008
82,17,807d17,Tien Giang,Mekong River Delta,1,0,0,2.5794589519500732,5.33953332901001,0,0,2008
82,17,807d17,Tien Giang,Mekong River Delta,1,0,0,2.950734853744507,4.334085941314697,0,0,2008
82,17,807d17,Tien Giang,Mekong River Delta,1,0,0,4.192378520965576,3.864365339279175,0,0,2008
82,17,807d17,Tien Giang,Mekong River Delta,1,0,0,2.6623551845550537,5.4356794357299805,0,0,2008
82,19,807d19,Tien Giang,Mekong River Delta,1,0,0,3.062455892562866,4.851796627044678,0,0,2008
82,19,807d19,Tien Giang,Mekong River Delta,1,0,0,3.384152889251709,3.8882453441619873,0,0,2008
82,19,807d19,Tien Giang,Mekong River Delta,0,1,0,3.105527877807617,4.310248851776123,0,0,2008
86,1,809d1,Vinh Long,Mekong River Delta,1,0,0,2.1962242126464844,5.519345283508301,0,0,2008
86,1,809d1,Vinh Long,Mekong River Delta,1,0,1,1.6480815410614014,5.941254138946533,0,0,2008
86,3,809d3,Vinh Long,Mekong River Delta,1,0,0,2.6609585285186768,5.3833465576171875,0,0,2008
86,3,809d3,Vinh Long,Mekong River Delta,1,0,0,2.707383394241333,4.999229431152344,0,0,2008
86,3,809d3,Vinh Long,Mekong River Delta,0,1,0,2.488234519958496,5.162410259246826,0,0,2008
86,3,809d3,Vinh Long,Mekong River Delta,0,0,0,2.7650604248046875,5.032641410827637,0,0,2008
86,3,809d3,Vinh Long,Mekong River Delta,0,0,0,2.7146947383880615,5.003101348876953,0,0,2008
86,3,809d3,Vinh Long,Mekong River Delta,0,0,0,2.6092605590820312,4.7571845054626465,0,0,2008
86,3,809d3,Vinh Long,Mekong River Delta,1,0,0,2.22343373298645,5.452112197875977,0,0,2008
86,3,809d3,Vinh Long,Mekong River Delta,0,0,0,2.4630017280578613,5.270681858062744,0,0,2008
86,5,809d5,Vinh Long,Mekong River Delta,1,0,0,2.3504223823547363,5.130005836486816,0,0,2008
86,5,809d5,Vinh Long,Mekong River Delta,1,0,0,3.035433530807495,4.766775608062744,0,0,2008
86,5,809d5,Vinh Long,Mekong River Delta,0,0,0,2.398803949356079,5.106138229370117,0,0,2008
86,5,809d5,Vinh Long,Mekong River Delta,1,0,0,1.7664417028427124,5.186286926269531,0,0,2008
86,5,809d5,Vinh Long,Mekong River Delta,1,0,0,2.649007797241211,4.880398750305176,0,0,2008
86,5,809d5,Vinh Long,Mekong River Delta,0,0,0,2.3730435371398926,4.943504810333252,0,0,2008
86,7,809d7,Vinh Long,Mekong River Delta,0,0,0,2.988204002380371,5.4054646492004395,0,0,2008
86,7,809d7,Vinh Long,Mekong River Delta,1,0,0,2.7581093311309814,4.960131645202637,0,0,2008
86,7,809d7,Vinh Long,Mekong River Delta,1,0,0,2.613739490509033,5.632694244384766,0,0,2008
86,7,809d7,Vinh Long,Mekong River Delta,0,0,0,3.153590440750122,5.045873641967773,0,0,2008
86,9,809d9,Vinh Long,Mekong River Delta,1,0,0,3.2288260459899902,4.871335506439209,0,0,2008
86,9,809d9,Vinh Long,Mekong River Delta,0,0,0,2.7278528213500977,4.918978691101074,0,0,2008
86,9,809d9,Vinh Long,Mekong River Delta,0,0,0,2.9683611392974854,4.628031253814697,0,0,2008
86,9,809d9,Vinh Long,Mekong River Delta,1,1,0,3.143721103668213,4.809948444366455,0,0,2008
86,9,809d9,Vinh Long,Mekong River Delta,1,0,0,3.080073356628418,4.872189998626709,0,0,2008
86,9,809d9,Vinh Long,Mekong River Delta,0,0,0,3.2642314434051514,4.614302635192871,0,0,2008
86,9,809d9,Vinh Long,Mekong River Delta,0,0,0,2.8797600269317627,4.724636077880859,0,0,2008
86,9,809d9,Vinh Long,Mekong River Delta,0,0,0,2.9678471088409424,4.78319787979126,0,0,2008
86,9,809d9,Vinh Long,Mekong River Delta,0,0,0,2.558002233505249,4.742470741271973,0,0,2008
86,11,809d11,Vinh Long,Mekong River Delta,1,0,0,2.633326768875122,5.015889644622803,0,0,2008
86,11,809d11,Vinh Long,Mekong River Delta,0,0,0,2.9172301292419434,5.052473545074463,0,0,2008
86,11,809d11,Vinh Long,Mekong River Delta,1,0,0,2.840247392654419,4.848665714263916,0,0,2008
86,11,809d11,Vinh Long,Mekong River Delta,0,0,0,2.950734853744507,4.989848613739014,0,0,2008
86,11,809d11,Vinh Long,Mekong River Delta,0,0,0,2.9982290267944336,4.527949810028076,0,0,2008
86,11,809d11,Vinh Long,Mekong River Delta,0,0,0,3.246490955352783,4.729761123657227,0,0,2008
86,11,809d11,Vinh Long,Mekong River Delta,1,0,0,2.8986704349517822,4.776411533355713,0,0,2008
86,11,809d11,Vinh Long,Mekong River Delta,1,0,0,3.208421468734741,4.898695945739746,0,0,2008
86,13,809d13,Vinh Long,Mekong River Delta,1,0,0,2.656054973602295,5.018097877502441,0,0,2008
86,13,809d13,Vinh Long,Mekong River Delta,1,0,1,2.6369121074676514,5.147977352142334,0,0,2008
86,13,809d13,Vinh Long,Mekong River Delta,1,0,0,2.824944019317627,4.976447582244873,0,0,2008
86,13,809d13,Vinh Long,Mekong River Delta,0,0,0,2.9601049423217773,4.829349517822266,0,0,2008
86,13,809d13,Vinh Long,Mekong River Delta,1,0,0,2.665142774581909,4.803370475769043,0,0,2008
86,13,809d13,Vinh Long,Mekong River Delta,1,0,0,2.844327926635742,4.936810493469238,0,0,2008
86,13,809d13,Vinh Long,Mekong River Delta,1,0,0,2.762538433074951,5.0461907386779785,0,0,2008
86,13,809d13,Vinh Long,Mekong River Delta,1,0,0,2.5870118141174316,5.129003524780273,0,0,2008
86,13,809d13,Vinh Long,Mekong River Delta,1,0,0,2.482403516769409,4.761824131011963,0,0,2008
86,15,809d15,Vinh Long,Mekong River Delta,1,0,0,2.2586331367492676,5.593417167663574,0,0,2008
86,15,809d15,Vinh Long,Mekong River Delta,1,0,1,2.687847375869751,5.5129899978637695,0,0,2008
86,15,809d15,Vinh Long,Mekong River Delta,0,0,0,2.367436170578003,5.210197925567627,0,0,2008
86,15,809d15,Vinh Long,Mekong River Delta,0,0,0,2.8408312797546387,4.469718933105469,0,0,2008
86,15,809d15,Vinh Long,Mekong River Delta,0,0,0,2.156865358352661,5.0937700271606445,0,0,2008
83,1,811d1,Ben Tre,Mekong River Delta,1,0,0,1.6239323616027832,5.239871025085449,0,0,2008
83,1,811d1,Ben Tre,Mekong River Delta,1,0,1,2.4501426219940186,5.634727954864502,0,0,2008
83,3,811d3,Ben Tre,Mekong River Delta,1,0,0,2.19277024269104,5.896098613739014,0,0,2008
83,3,811d3,Ben Tre,Mekong River Delta,1,0,0,2.608598232269287,5.0998125076293945,0,0,2008
83,3,811d3,Ben Tre,Mekong River Delta,1,0,0,1.7263315916061401,5.51646614074707,0,0,2008
83,3,811d3,Ben Tre,Mekong River Delta,1,0,0,1.7681496143341064,5.476078033447266,0,0,2008
83,3,811d3,Ben Tre,Mekong River Delta,1,0,0,3.2503745555877686,4.890232563018799,0,0,2008
83,3,811d3,Ben Tre,Mekong River Delta,1,0,0,2.789322853088379,5.208340167999268,0,0,2008
83,3,811d3,Ben Tre,Mekong River Delta,1,0,0,2.785628318786621,5.05861234664917,0,0,2008
83,5,811d5,Ben Tre,Mekong River Delta,0,0,0,2.7278528213500977,5.580099582672119,0,0,2008
83,5,811d5,Ben Tre,Mekong River Delta,1,0,0,3.1458749771118164,5.117457866668701,0,0,2008
83,5,811d5,Ben Tre,Mekong River Delta,1,0,0,2.868466854095459,5.076379776000977,0,0,2008
83,5,811d5,Ben Tre,Mekong River Delta,1,0,0,2.9922261238098145,4.829817771911621,0,0,2008
83,5,811d5,Ben Tre,Mekong River Delta,1,0,0,3.159550428390503,5.062466144561768,0,0,2008
83,7,811d7,Ben Tre,Mekong River Delta,1,0,0,2.841181516647339,5.293872356414795,0,0,2008
83,7,811d7,Ben Tre,Mekong River Delta,0,0,0,2.7350165843963623,5.166730880737305,0,0,2008
83,7,811d7,Ben Tre,Mekong River Delta,1,0,0,2.099489212036133,5.177067279815674,0,0,2008
83,7,811d7,Ben Tre,Mekong River Delta,1,0,0,3.0768513679504395,5.0027666091918945,0,0,2008
83,7,811d7,Ben Tre,Mekong River Delta,0,0,0,2.9066824913024902,5.175410747528076,0,0,2008
83,7,811d7,Ben Tre,Mekong River Delta,1,0,0,2.342766761779785,5.19625997543335,0,0,2008
83,7,811d7,Ben Tre,Mekong River Delta,1,0,0,2.5136561393737793,5.195652008056641,0,0,2008
83,7,811d7,Ben Tre,Mekong River Delta,1,0,0,2.890371799468994,4.823859214782715,0,0,2008
83,7,811d7,Ben Tre,Mekong River Delta,1,0,0,2.3580198287963867,5.17031192779541,0,0,2008
83,7,811d7,Ben Tre,Mekong River Delta,1,0,0,3.991758108139038,2.987387180328369,0,0,2008
83,9,811d9,Ben Tre,Mekong River Delta,0,0,0,2.736961603164673,5.153995037078857,0,0,2008
83,9,811d9,Ben Tre,Mekong River Delta,0,0,0,2.9295923709869385,4.582479000091553,0,0,2008
83,9,811d9,Ben Tre,Mekong River Delta,1,0,0,2.3475584983825684,5.192532062530518,0,0,2008
83,9,811d9,Ben Tre,Mekong River Delta,1,0,0,2.565718412399292,5.032680988311768,0,0,2008
83,9,811d9,Ben Tre,Mekong River Delta,0,0,1,2.325324535369873,4.717835426330566,0,0,2008
83,9,811d9,Ben Tre,Mekong River Delta,1,0,0,2.9856820106506348,4.857382297515869,0,0,2008
83,9,811d9,Ben Tre,Mekong River Delta,0,0,0,2.489894151687622,5.174452304840088,0,0,2008
83,11,811d11,Ben Tre,Mekong River Delta,1,0,0,3.159125804901123,4.514097213745117,0,0,2008
83,11,811d11,Ben Tre,Mekong River Delta,1,0,0,2.331172466278076,4.820312976837158,0,0,2008
83,11,811d11,Ben Tre,Mekong River Delta,1,0,0,4.106602668762207,3.4576358795166016,0,0,2008
83,11,811d11,Ben Tre,Mekong River Delta,1,0,0,5.545177459716797,2.1632332801818848,0,0,2008
83,11,811d11,Ben Tre,Mekong River Delta,1,0,0,1.940179467201233,5.320343017578125,0,0,2008
83,13,811d13,Ben Tre,Mekong River Delta,1,0,0,3.4219799041748047,4.766986846923828,0,0,2008
83,13,811d13,Ben Tre,Mekong River Delta,1,0,0,2.594508171081543,4.912083625793457,0,0,2008
83,13,811d13,Ben Tre,Mekong River Delta,1,0,0,2.34946870803833,5.0912652015686035,0,0,2008
83,13,811d13,Ben Tre,Mekong River Delta,1,0,0,2.3437271118164062,5.172706127166748,0,0,2008
83,13,811d13,Ben Tre,Mekong River Delta,1,0,0,3.278653144836426,4.5784406661987305,0,0,2008
83,13,811d13,Ben Tre,Mekong River Delta,1,0,0,2.4388628005981445,5.038741588592529,0,0,2008
83,13,811d13,Ben Tre,Mekong River Delta,1,0,0,3.4778497219085693,4.216998100280762,0,0,2008
83,15,811d15,Ben Tre,Mekong River Delta,1,0,0,2.946016788482666,4.348360538482666,0,0,2008
83,15,811d15,Ben Tre,Mekong River Delta,1,0,0,2.6224923133850098,4.937588214874268,0,0,2008
83,15,811d15,Ben Tre,Mekong River Delta,0,0,0,2.933856725692749,4.697089672088623,0,0,2008
83,15,811d15,Ben Tre,Mekong River Delta,0,0,0,2.5907671451568604,4.433882236480713,0,0,2008
91,3,813d3,Kien Giang,Mekong River Delta,1,0,0,3.3938369750976562,3.9319703578948975,0,0,2008
91,4,813d4,Kien Giang,Mekong River Delta,1,0,0,4.796616554260254,2.777941942214966,0,0,2008
91,4,813d4,Kien Giang,Mekong River Delta,0,0,0,1.6900957822799683,4.364343643188477,0,0,2008
91,5,813d5,Kien Giang,Mekong River Delta,1,0,0,4.127134323120117,3.8732151985168457,0,1,2008
91,5,813d5,Kien Giang,Mekong River Delta,0,0,0,5.0434250831604,2.972562551498413,0,1,2008
91,5,813d5,Kien Giang,Mekong River Delta,0,0,0,3.9721767902374268,3.7375800609588623,0,1,2008
91,5,813d5,Kien Giang,Mekong River Delta,1,1,0,5.214935779571533,2.8174242973327637,0,1,2008
91,5,813d5,Kien Giang,Mekong River Delta,1,0,0,3.629660129547119,4.5931620597839355,0,1,2008
91,7,813d7,Kien Giang,Mekong River Delta,0,0,0,3.359680652618408,4.29571008682251,0,1,2008
91,7,813d7,Kien Giang,Mekong River Delta,0,0,0,6.53654670715332,1.7216166257858276,0,1,2008
91,7,813d7,Kien Giang,Mekong River Delta,1,0,0,3.6846203804016113,4.188977241516113,0,1,2008
91,7,813d7,Kien Giang,Mekong River Delta,1,0,0,3.830812931060791,4.508449077606201,0,1,2008
91,9,813d9,Kien Giang,Mekong River Delta,0,1,0,3.8549656867980957,4.42270040512085,0,1,2008
91,9,813d9,Kien Giang,Mekong River Delta,0,0,0,5.867034435272217,1.8925796747207642,0,1,2008
91,9,813d9,Kien Giang,Mekong River Delta,0,0,0,3.538928270339966,4.4154438972473145,0,1,2008
91,9,813d9,Kien Giang,Mekong River Delta,1,0,0,3.5127387046813965,4.389008522033691,0,1,2008
91,11,813d11,Kien Giang,Mekong River Delta,0,0,1,6.130791664123535,1.938863754272461,0,1,2008
91,11,813d11,Kien Giang,Mekong River Delta,0,0,0,3.0497469902038574,4.592297554016113,0,1,2008
91,11,813d11,Kien Giang,Mekong River Delta,0,1,0,3.78236985206604,4.269289970397949,0,1,2008
91,11,813d11,Kien Giang,Mekong River Delta,0,0,0,3.6157710552215576,3.975586175918579,0,1,2008
91,11,813d11,Kien Giang,Mekong River Delta,1,1,1,3.789403200149536,4.347992420196533,0,1,2008
91,11,813d11,Kien Giang,Mekong River Delta,0,0,0,3.790081262588501,4.218949317932129,0,1,2008
91,13,813d13,Kien Giang,Mekong River Delta,1,0,0,3.3343451023101807,4.1869730949401855,0,1,2008
91,13,813d13,Kien Giang,Mekong River Delta,1,0,0,3.8747363090515137,4.32747220993042,0,1,2008
91,13,813d13,Kien Giang,Mekong River Delta,1,0,0,3.864931344985962,4.113722324371338,0,1,2008
91,13,813d13,Kien Giang,Mekong River Delta,0,0,0,3.636796474456787,4.286913871765137,0,1,2008
91,13,813d13,Kien Giang,Mekong River Delta,0,0,0,3.93554425239563,4.231807708740234,0,1,2008
91,15,813d15,Kien Giang,Mekong River Delta,0,0,0,3.9592881202697754,4.021761417388916,0,1,2008
91,15,813d15,Kien Giang,Mekong River Delta,0,0,0,3.7551352977752686,3.7030508518218994,0,1,2008
91,15,813d15,Kien Giang,Mekong River Delta,0,0,0,3.9945242404937744,3.9926605224609375,0,1,2008
91,15,813d15,Kien Giang,Mekong River Delta,0,0,0,3.8236289024353027,4.17672061920166,0,1,2008
91,17,813d17,Kien Giang,Mekong River Delta,0,0,0,3.9889841079711914,4.403779029846191,0,1,2008
91,17,813d17,Kien Giang,Mekong River Delta,1,0,0,4.584967613220215,3.7635703086853027,0,1,2008
91,17,813d17,Kien Giang,Mekong River Delta,0,0,0,4.406719207763672,3.7451906204223633,0,1,2008
91,19,813d19,Kien Giang,Mekong River Delta,0,0,0,3.924544334411621,4.0934224128723145,0,1,2008
91,19,813d19,Kien Giang,Mekong River Delta,1,0,0,4.325191497802734,3.8341829776763916,0,1,2008
91,19,813d19,Kien Giang,Mekong River Delta,0,1,0,3.7807745933532715,3.9003243446350098,0,1,2008
91,21,813d21,Kien Giang,Mekong River Delta,1,0,0,4.042349338531494,2.8056559562683105,0,1,2008
91,24,813d24,Kien Giang,Mekong River Delta,0,0,0,3.398527145385742,4.12657356262207,0,0,2008
92,23,815d23,Can Tho,Mekong River Delta,0,0,0,3.089996337890625,5.092283248901367,1,0,2008
92,23,815d23,Can Tho,Mekong River Delta,1,0,0,3.4867632389068604,5.299846172332764,1,0,2008
92,23,815d23,Can Tho,Mekong River Delta,0,0,0,3.185939311981201,4.659868240356445,1,0,2008
92,23,815d23,Can Tho,Mekong River Delta,0,0,0,2.6285738945007324,5.511449813842773,1,0,2008
92,23,815d23,Can Tho,Mekong River Delta,1,0,0,2.650421142578125,5.746185302734375,1,0,2008
92,25,815d25,Can Tho,Mekong River Delta,0,0,0,3.8066625595092773,3.665269613265991,1,0,2008
92,25,815d25,Can Tho,Mekong River Delta,1,0,0,3.336125373840332,4.768880367279053,1,0,2008
92,25,815d25,Can Tho,Mekong River Delta,0,0,1,5.9964518547058105,2.5616910457611084,1,0,2008
92,25,815d25,Can Tho,Mekong River Delta,1,1,0,3.227558135986328,4.133817195892334,1,0,2008
92,25,815d25,Can Tho,Mekong River Delta,0,0,1,5.719327926635742,2.209078311920166,1,0,2008
92,27,815d27,Can Tho,Mekong River Delta,0,0,0,5.880533218383789,2.3553576469421387,1,0,2008
92,27,815d27,Can Tho,Mekong River Delta,0,0,0,3.520164966583252,4.68231725692749,1,0,2008
92,27,815d27,Can Tho,Mekong River Delta,0,0,0,3.185939311981201,4.659868240356445,1,0,2008
92,27,815d27,Can Tho,Mekong River Delta,0,0,0,5.749392986297607,1.9684032201766968,1,0,2008
92,29,815d29,Can Tho,Mekong River Delta,0,0,1,2.8635714054107666,5.142129421234131,1,0,2008
92,29,815d29,Can Tho,Mekong River Delta,1,0,0,7.352120399475098,0.6306371688842773,1,0,2008
92,29,815d29,Can Tho,Mekong River Delta,0,0,1,5.336575984954834,2.730886697769165,1,0,2008
92,29,815d29,Can Tho,Mekong River Delta,0,0,0,5.335613250732422,2.708371162414551,1,0,2008
93,1,816d1,Hau Giang,Mekong River Delta,1,0,0,2.8558952808380127,4.410233497619629,0,0,2008
93,3,816d3,Hau Giang,Mekong River Delta,0,0,0,3.0731561183929443,4.433435440063477,0,0,2008
93,3,816d3,Hau Giang,Mekong River Delta,0,0,0,2.800325632095337,4.993261337280273,0,0,2008
93,5,816d5,Hau Giang,Mekong River Delta,1,0,0,2.332144021987915,5.257192134857178,0,0,2008
93,5,816d5,Hau Giang,Mekong River Delta,0,0,0,1.0919233560562134,7.390264511108398,0,0,2008
93,5,816d5,Hau Giang,Mekong River Delta,0,0,0,3.1170644760131836,4.492301940917969,0,0,2008
93,5,816d5,Hau Giang,Mekong River Delta,1,0,0,2.0528409481048584,4.636758327484131,0,0,2008
93,7,816d7,Hau Giang,Mekong River Delta,1,0,0,3.2088255882263184,5.005910396575928,0,0,2008
93,7,816d7,Hau Giang,Mekong River Delta,0,1,0,3.9954445362091064,4.169065475463867,0,0,2008
93,7,816d7,Hau Giang,Mekong River Delta,1,0,1,3.3693625926971436,4.262553691864014,0,0,2008
93,7,816d7,Hau Giang,Mekong River Delta,0,0,0,3.9092190265655518,4.392054557800293,0,0,2008
93,7,816d7,Hau Giang,Mekong River Delta,0,0,0,3.644143581390381,4.956287384033203,0,0,2008
93,7,816d7,Hau Giang,Mekong River Delta,0,0,0,3.9100210666656494,4.26608943939209,0,0,2008
93,7,816d7,Hau Giang,Mekong River Delta,1,0,0,2.7414848804473877,4.651778221130371,0,0,2008
93,9,816d9,Hau Giang,Mekong River Delta,1,0,0,3.1328821182250977,4.466519355773926,0,0,2008
93,9,816d9,Hau Giang,Mekong River Delta,1,0,0,2.9199306964874268,4.704688549041748,0,0,2008
93,9,816d9,Hau Giang,Mekong River Delta,1,0,0,3.339322090148926,4.3292388916015625,0,0,2008
93,9,816d9,Hau Giang,Mekong River Delta,1,0,0,3.4907333850860596,4.4278950691223145,0,0,2008
93,9,816d9,Hau Giang,Mekong River Delta,0,0,0,3.094219207763672,4.519599437713623,0,0,2008
93,9,816d9,Hau Giang,Mekong River Delta,1,0,0,3.0106208324432373,4.615461826324463,0,0,2008
93,11,816d11,Hau Giang,Mekong River Delta,0,0,0,3.295836925506592,4.468883514404297,0,0,2008
93,11,816d11,Hau Giang,Mekong River Delta,1,0,0,3.841385841369629,4.337252616882324,0,0,2008
93,11,816d11,Hau Giang,Mekong River Delta,0,0,0,3.579622507095337,4.709163188934326,0,0,2008
93,11,816d11,Hau Giang,Mekong River Delta,1,0,0,3.1625170707702637,4.5055766105651855,0,0,2008
84,3,817d3,Tra Vinh,Mekong River Delta,0,0,0,3.1372318267822266,4.7526021003723145,0,0,2008
84,3,817d3,Tra Vinh,Mekong River Delta,0,0,0,3.1095073223114014,0.32447993755340576,0,0,2008
84,3,817d3,Tra Vinh,Mekong River Delta,0,0,0,3.1099534034729004,4.744427680969238,0,0,2008
84,5,817d5,Tra Vinh,Mekong River Delta,1,0,0,3.270177125930786,4.526292324066162,0,0,2008
84,5,817d5,Tra Vinh,Mekong River Delta,1,0,0,3.122629165649414,4.772434234619141,0,0,2008
84,5,817d5,Tra Vinh,Mekong River Delta,0,0,0,3.0218873023986816,4.516075134277344,0,0,2008
84,7,817d7,Tra Vinh,Mekong River Delta,1,0,0,3.6522154808044434,4.217186450958252,0,0,2008
84,7,817d7,Tra Vinh,Mekong River Delta,1,0,0,3.584906816482544,4.176837921142578,0,0,2008
84,9,817d9,Tra Vinh,Mekong River Delta,1,0,0,3.278916835784912,4.543928623199463,0,0,2008
84,9,817d9,Tra Vinh,Mekong River Delta,0,0,0,3.2375404834747314,4.636057376861572,0,0,2008
84,11,817d11,Tra Vinh,Mekong River Delta,1,0,0,3.086486577987671,4.612449645996094,0,0,2008
84,11,817d11,Tra Vinh,Mekong River Delta,1,0,0,3.131136894226074,4.405227184295654,0,0,2008
84,11,817d11,Tra Vinh,Mekong River Delta,1,0,0,3.0887672901153564,4.58677864074707,0,0,2008
84,13,817d13,Tra Vinh,Mekong River Delta,1,0,1,3.443298578262329,4.428393840789795,0,0,2008
84,13,817d13,Tra Vinh,Mekong River Delta,1,0,1,3.4647979736328125,4.729707717895508,0,0,2008
84,13,817d13,Tra Vinh,Mekong River Delta,1,0,1,2.528125762939453,5.209490776062012,0,0,2008
84,15,817d15,Tra Vinh,Mekong River Delta,1,0,0,3.4213268756866455,4.729718208312988,0,0,2008
84,15,817d15,Tra Vinh,Mekong River Delta,0,0,0,3.7635228633880615,3.8408734798431396,0,0,2008
94,3,819d3,Soc Trang,Mekong River Delta,0,0,0,3.36037540435791,4.767619609832764,0,0,2008
94,3,819d3,Soc Trang,Mekong River Delta,0,0,0,2.890371799468994,4.356709003448486,0,0,2008
94,3,819d3,Soc Trang,Mekong River Delta,0,0,0,3.464172124862671,4.669708728790283,0,0,2008
94,3,819d3,Soc Trang,Mekong River Delta,0,0,0,3.066190719604492,4.400036811828613,0,0,2008
94,3,819d3,Soc Trang,Mekong River Delta,1,0,0,3.653252124786377,4.749203205108643,0,0,2008
94,3,819d3,Soc Trang,Mekong River Delta,0,0,0,3.2406373023986816,4.152626037597656,0,0,2008
94,5,819d5,Soc Trang,Mekong River Delta,1,0,0,3.1612467765808105,4.434643268585205,0,0,2008
94,5,819d5,Soc Trang,Mekong River Delta,0,0,0,3.6243410110473633,4.070507049560547,0,0,2008
94,5,819d5,Soc Trang,Mekong River Delta,1,1,0,3.9405715465545654,4.170156002044678,0,0,2008
94,5,819d5,Soc Trang,Mekong River Delta,0,0,0,3.390136480331421,4.299234867095947,0,0,2008
94,5,819d5,Soc Trang,Mekong River Delta,1,0,0,3.892636299133301,4.435573101043701,0,0,2008
94,5,819d5,Soc Trang,Mekong River Delta,0,0,0,2.7459239959716797,4.620521068572998,0,0,2008
94,7,819d7,Soc Trang,Mekong River Delta,1,0,0,3.261935234069824,4.779155731201172,0,0,2008
94,7,819d7,Soc Trang,Mekong River Delta,1,0,0,3.547891855239868,4.384470462799072,0,0,2008
94,7,819d7,Soc Trang,Mekong River Delta,1,0,0,3.2588655948638916,4.503730297088623,0,0,2008
94,7,819d7,Soc Trang,Mekong River Delta,1,0,0,3.9191973209381104,4.193630218505859,0,0,2008
94,9,819d9,Soc Trang,Mekong River Delta,1,0,0,3.9402215480804443,4.460437774658203,0,0,2008
94,9,819d9,Soc Trang,Mekong River Delta,0,0,0,3.713791608810425,4.5106401443481445,0,0,2008
94,9,819d9,Soc Trang,Mekong River Delta,1,0,0,3.256094455718994,4.857631683349609,0,0,2008
94,9,819d9,Soc Trang,Mekong River Delta,1,0,0,3.866816520690918,4.589564800262451,0,0,2008
94,9,819d9,Soc Trang,Mekong River Delta,0,0,0,3.2630839347839355,4.2285614013671875,0,0,2008
94,9,819d9,Soc Trang,Mekong River Delta,0,0,0,3.4613513946533203,4.097686767578125,0,0,2008
94,11,819d11,Soc Trang,Mekong River Delta,0,0,0,3.8891637325286865,4.302853107452393,0,0,2008
94,11,819d11,Soc Trang,Mekong River Delta,1,0,0,3.6760475635528564,4.075428009033203,0,0,2008
94,11,819d11,Soc Trang,Mekong River Delta,0,0,0,4.471524238586426,3.7171645164489746,0,0,2008
94,13,819d13,Soc Trang,Mekong River Delta,0,0,0,3.826465129852295,3.7769341468811035,0,0,2008
94,13,819d13,Soc Trang,Mekong River Delta,1,0,0,4.361824035644531,3.906907796859741,0,0,2008
94,13,819d13,Soc Trang,Mekong River Delta,0,0,0,3.681602954864502,3.9087438583374023,0,0,2008
94,13,819d13,Soc Trang,Mekong River Delta,1,0,0,3.9325509071350098,4.474827289581299,0,0,2008
95,1,821d1,Bac Lieu,Mekong River Delta,1,0,0,3.8786730766296387,4.001753330230713,0,0,2008
95,3,821d3,Bac Lieu,Mekong River Delta,1,0,0,3.544142723083496,4.4836602210998535,0,0,2008
95,3,821d3,Bac Lieu,Mekong River Delta,0,1,0,3.8850626945495605,4.152803421020508,0,0,2008
95,3,821d3,Bac Lieu,Mekong River Delta,1,0,0,3.7220723628997803,4.215302467346191,0,0,2008
95,3,821d3,Bac Lieu,Mekong River Delta,1,0,0,4.036715507507324,3.6134531497955322,0,0,2008
95,3,821d3,Bac Lieu,Mekong River Delta,1,0,0,3.865769624710083,4.325416088104248,0,0,2008
95,4,821d4,Bac Lieu,Mekong River Delta,0,0,0,3.9441030025482178,3.8103785514831543,0,0,2008
95,4,821d4,Bac Lieu,Mekong River Delta,0,0,0,4.03282356262207,4.189192771911621,0,0,2008
95,4,821d4,Bac Lieu,Mekong River Delta,0,0,0,3.499533176422119,4.249358177185059,0,0,2008
95,4,821d4,Bac Lieu,Mekong River Delta,0,0,0,4.010962963104248,4.211321830749512,0,0,2008
95,5,821d5,Bac Lieu,Mekong River Delta,0,0,0,3.931825637817383,4.146862506866455,0,0,2008
95,5,821d5,Bac Lieu,Mekong River Delta,1,0,0,3.8066625595092773,4.056988716125488,0,0,2008
95,5,821d5,Bac Lieu,Mekong River Delta,0,0,0,4.077537536621094,3.546593189239502,0,0,2008
95,5,821d5,Bac Lieu,Mekong River Delta,0,0,0,4.595119953155518,3.165773391723633,0,0,2008
95,5,821d5,Bac Lieu,Mekong River Delta,1,0,0,3.6375861167907715,4.409923553466797,0,0,2008
95,5,821d5,Bac Lieu,Mekong River Delta,1,0,0,3.6635615825653076,4.257974147796631,0,0,2008
95,5,821d5,Bac Lieu,Mekong River Delta,0,0,0,3.4965076446533203,4.350473403930664,0,0,2008
95,5,821d5,Bac Lieu,Mekong River Delta,1,0,0,3.2188758850097656,4.207673072814941,0,0,2008
95,7,821d7,Bac Lieu,Mekong River Delta,1,0,0,4.077537536621094,4.490158557891846,0,0,2008
95,7,821d7,Bac Lieu,Mekong River Delta,0,0,0,3.4180545806884766,4.689966678619385,0,0,2008
95,7,821d7,Bac Lieu,Mekong River Delta,1,0,0,3.9120230674743652,4.040240287780762,0,0,2008
95,7,821d7,Bac Lieu,Mekong River Delta,1,0,0,3.97029185295105,3.9759716987609863,0,0,2008
95,9,821d9,Bac Lieu,Mekong River Delta,0,0,0,4.605170249938965,3.882594108581543,0,0,2008
95,9,821d9,Bac Lieu,Mekong River Delta,1,0,0,4.480740070343018,3.9248509407043457,0,0,2008
95,9,821d9,Bac Lieu,Mekong River Delta,1,0,0,4.442651271820068,3.685638904571533,0,0,2008
95,9,821d9,Bac Lieu,Mekong River Delta,1,0,0,4.054737091064453,3.558094024658203,0,0,2008
95,9,821d9,Bac Lieu,Mekong River Delta,1,0,0,4.568713665008545,3.6326723098754883,0,0,2008
96,1,823d1,Ca Mau,Mekong River Delta,1,0,0,3.1817967891693115,4.2775421142578125,0,0,2008
96,1,823d1,Ca Mau,Mekong River Delta,1,0,0,4.063197612762451,4.185331344604492,0,0,2008
96,1,823d1,Ca Mau,Mekong River Delta,0,0,0,3.557802200317383,4.340609073638916,0,0,2008
96,1,823d1,Ca Mau,Mekong River Delta,1,0,0,1.722766637802124,5.888086318969727,0,0,2008
96,3,823d3,Ca Mau,Mekong River Delta,0,0,0,3.5624654293060303,3.749420642852783,0,0,2008
96,3,823d3,Ca Mau,Mekong River Delta,0,0,0,3.7362399101257324,3.5079874992370605,0,0,2008
96,3,823d3,Ca Mau,Mekong River Delta,0,0,0,4.616011142730713,3.5382015705108643,0,0,2008
96,3,823d3,Ca Mau,Mekong River Delta,0,0,0,4.557973861694336,3.774815797805786,0,0,2008
96,3,823d3,Ca Mau,Mekong River Delta,0,0,0,3.716494560241699,3.5241551399230957,0,0,2008
96,5,823d5,Ca Mau,Mekong River Delta,0,0,0,4.645639896392822,3.369356870651245,0,0,2008
96,5,823d5,Ca Mau,Mekong River Delta,1,0,0,3.52164363861084,4.161760330200195,0,0,2008
96,5,823d5,Ca Mau,Mekong River Delta,0,0,0,5.453563213348389,2.954930543899536,0,0,2008
96,7,823d7,Ca Mau,Mekong River Delta,0,0,0,3.8210036754608154,3.716958999633789,0,0,2008
96,7,823d7,Ca Mau,Mekong River Delta,0,0,0,4.6279096603393555,3.500380516052246,0,0,2008
96,7,823d7,Ca Mau,Mekong River Delta,0,0,0,3.547315835952759,4.2093071937561035,0,0,2008
96,7,823d7,Ca Mau,Mekong River Delta,0,0,0,4.135166645050049,3.793599843978882,0,0,2008
96,7,823d7,Ca Mau,Mekong River Delta,0,0,0,4.149306297302246,4.0468549728393555,0,0,2008
96,9,823d9,Ca Mau,Mekong River Delta,1,0,0,3.7525582313537598,4.0762763023376465,0,0,2008
96,9,823d9,Ca Mau,Mekong River Delta,0,0,0,3.8017616271972656,3.835472822189331,0,0,2008
96,9,823d9,Ca Mau,Mekong River Delta,0,0,0,3.6752874851226807,3.8722140789031982,0,0,2008
96,9,823d9,Ca Mau,Mekong River Delta,0,0,0,3.9615747928619385,4.202651023864746,0,0,2008
96,9,823d9,Ca Mau,Mekong River Delta,1,0,0,3.5661466121673584,4.254693984985352,0,0,2008
96,9,823d9,Ca Mau,Mekong River Delta,0,0,0,4.0267791748046875,4.182528972625732,0,0,2008
96,9,823d9,Ca Mau,Mekong River Delta,1,0,0,3.7729907035827637,4.348489761352539,0,0,2008
96,9,823d9,Ca Mau,Mekong River Delta,1,0,0,3.509453773498535,4.464390754699707,0,0,2008
96,11,823d11,Ca Mau,Mekong River Delta,0,0,0,4.1606316566467285,3.7299509048461914,0,0,2008
96,11,823d11,Ca Mau,Mekong River Delta,0,0,0,4.232496738433838,3.513371706008911,0,0,2008
96,11,823d11,Ca Mau,Mekong River Delta,1,0,0,3.998567581176758,4.116654396057129,0,0,2008
96,11,823d11,Ca Mau,Mekong River Delta,1,0,0,3.733135461807251,4.210647106170654,0,0,2008
96,11,823d11,Ca Mau,Mekong River Delta,0,0,0,3.9068095684051514,3.8233652114868164,0,0,2008
96,11,823d11,Ca Mau,Mekong River Delta,0,0,0,3.561727523803711,4.222745418548584,0,0,2008
96,11,823d11,Ca Mau,Mekong River Delta,0,0,0,4.7571187019348145,3.2368390560150146,0,0,2008
96,13,823d13,Ca Mau,Mekong River Delta,0,1,0,6.474661827087402,1.000677227973938,0,0,2008
96,13,823d13,Ca Mau,Mekong River Delta,0,0,0,4.926238536834717,2.825666666030884,0,0,2008
96,13,823d13,Ca Mau,Mekong River Delta,0,1,0,4.739963054656982,3.067546844482422,0,0,2008
96,13,823d13,Ca Mau,Mekong River Delta,0,1,0,4.696381092071533,3.147467613220215,0,0,2008
1,271,1d271,Ha Noi,Red River Delta,0,0,0,1.4678744077682495,5.750302314758301,1,0,2010
1,276,1d276,Ha Noi,Red River Delta,1,0,1,1.5475624799728394,6.24890661239624,1,0,2010
1,282,1d282,Ha Noi,Red River Delta,1,0,0,1.9095425605773926,5.658836841583252,1,0,2010
1,250,1d250,Ha Noi,Red River Delta,1,0,0,2.5756609439849854,5.37941312789917,1,0,2010
1,271,1d271,Ha Noi,Red River Delta,1,0,1,2.5176963806152344,4.742123126983643,1,0,2010
1,275,1d275,Ha Noi,Red River Delta,1,0,0,2.844909429550171,4.246000289916992,1,0,2010
1,271,1d271,Ha Noi,Red River Delta,0,0,0,3.28128719329834,4.436954021453857,1,0,2010
1,250,1d250,Ha Noi,Red River Delta,1,0,1,2.059238910675049,5.951784610748291,1,0,2010
1,282,1d282,Ha Noi,Red River Delta,1,0,1,3.1742968559265137,4.751944541931152,1,0,2010
1,18,1d18,Ha Noi,Red River Delta,1,0,1,1.5830938816070557,6.548730850219727,1,0,2010
1,281,1d281,Ha Noi,Red River Delta,1,0,0,1.667706847190857,6.461173057556152,1,0,2010
1,272,1d272,Ha Noi,Red River Delta,1,0,1,1.1346226930618286,6.004244327545166,1,0,2010
1,273,1d273,Ha Noi,Red River Delta,1,0,1,1.3532544374465942,6.3287672996521,1,0,2010
1,271,1d271,Ha Noi,Red River Delta,0,0,0,2.430978298187256,5.148189544677734,1,0,2010
1,280,1d280,Ha Noi,Red River Delta,1,0,0,1.801709771156311,5.701028347015381,1,0,2010
1,272,1d272,Ha Noi,Red River Delta,1,0,1,1.816452145576477,6.222705364227295,1,0,2010
1,280,1d280,Ha Noi,Red River Delta,1,0,0,2.018895149230957,5.64451265335083,1,0,2010
1,278,1d278,Ha Noi,Red River Delta,1,0,0,1.5769147872924805,6.266149520874023,1,0,2010
1,17,1d17,Ha Noi,Red River Delta,1,0,1,1.9586853981018066,5.996388912200928,1,0,2010
1,20,1d20,Ha Noi,Red River Delta,1,0,1,1.4134230613708496,6.59460973739624,1,0,2010
1,16,1d16,Ha Noi,Red River Delta,1,0,1,1.796747088432312,6.327403545379639,1,0,2010
1,17,1d17,Ha Noi,Red River Delta,1,0,1,2.0918641090393066,5.987133979797363,1,0,2010
1,250,1d250,Ha Noi,Red River Delta,1,0,1,2.0893919467926025,5.814942836761475,1,0,2010
1,273,1d273,Ha Noi,Red River Delta,1,0,1,1.235471487045288,6.2955451011657715,1,0,2010
1,16,1d16,Ha Noi,Red River Delta,1,0,1,2.3721110820770264,5.920687675476074,1,0,2010
1,17,1d17,Ha Noi,Red River Delta,1,0,1,1.932969570159912,5.964326858520508,1,0,2010
1,16,1d16,Ha Noi,Red River Delta,1,0,0,3.1925318241119385,4.838202953338623,1,0,2010
1,279,1d279,Ha Noi,Red River Delta,1,0,1,1.5390154123306274,6.631735801696777,1,0,2010
1,275,1d275,Ha Noi,Red River Delta,1,0,0,1.2974631786346436,6.055618762969971,1,0,2010
1,20,1d20,Ha Noi,Red River Delta,1,0,1,1.6174061298370361,6.131485462188721,1,0,2010
1,278,1d278,Ha Noi,Red River Delta,1,1,0,2.3580198287963867,5.752407550811768,1,0,2010
1,281,1d281,Ha Noi,Red River Delta,0,0,0,1.9600948095321655,5.068992614746094,1,0,2010
1,18,1d18,Ha Noi,Red River Delta,1,0,1,1.2527629137039185,5.962477207183838,1,0,2010
1,271,1d271,Ha Noi,Red River Delta,1,1,0,2.0438144207000732,5.55758810043335,1,0,2010
1,271,1d271,Ha Noi,Red River Delta,1,0,1,1.6014057397842407,6.343086242675781,1,0,2010
1,275,1d275,Ha Noi,Red River Delta,1,0,0,1.6974488496780396,6.203558444976807,1,0,2010
1,279,1d279,Ha Noi,Red River Delta,1,0,0,1.7526720762252808,6.0556511878967285,1,0,2010
1,275,1d275,Ha Noi,Red River Delta,1,0,0,1.5411590337753296,5.791210174560547,1,0,2010
1,279,1d279,Ha Noi,Red River Delta,1,0,0,1.5454325675964355,6.239872455596924,1,0,2010
1,276,1d276,Ha Noi,Red River Delta,1,0,0,0.9707789421081543,6.661137580871582,1,0,2010
1,281,1d281,Ha Noi,Red River Delta,1,0,0,2.292534828186035,5.219536781311035,1,0,2010
1,19,1d19,Ha Noi,Red River Delta,1,0,1,1.788420557975769,5.888516426086426,1,0,2010
1,277,1d277,Ha Noi,Red River Delta,1,0,0,2.0930979251861572,5.66907262802124,1,0,2010
1,272,1d272,Ha Noi,Red River Delta,1,0,1,1.7047480344772339,6.098278522491455,1,0,2010
1,269,1d269,Ha Noi,Red River Delta,1,0,0,2.3767645359039307,5.404791355133057,1,0,2010
1,277,1d277,Ha Noi,Red River Delta,1,0,0,1.971299409866333,5.664487361907959,1,0,2010
1,19,1d19,Ha Noi,Red River Delta,1,1,1,1.3737156391143799,6.948435306549072,1,0,2010
1,17,1d17,Ha Noi,Red River Delta,1,0,1,2.21811580657959,5.576295375823975,1,0,2010
1,279,1d279,Ha Noi,Red River Delta,1,0,1,0.9282193183898926,6.565097808837891,1,0,2010
1,19,1d19,Ha Noi,Red River Delta,1,0,1,1.8245493173599243,7.324978828430176,1,0,2010
1,278,1d278,Ha Noi,Red River Delta,1,0,0,1.843719244003296,5.43006706237793,1,0,2010
1,17,1d17,Ha Noi,Red River Delta,1,0,1,1.997417688369751,6.489109992980957,1,0,2010
1,19,1d19,Ha Noi,Red River Delta,1,0,1,1.667706847190857,6.59820032119751,1,0,2010
1,277,1d277,Ha Noi,Red River Delta,1,0,0,2.4078454971313477,5.779453754425049,1,0,2010
1,20,1d20,Ha Noi,Red River Delta,1,1,1,1.235471487045288,6.582153797149658,1,0,2010
1,273,1d273,Ha Noi,Red River Delta,1,0,0,1.6292405128479004,5.979629993438721,1,0,2010
1,16,1d16,Ha Noi,Red River Delta,1,0,1,2.6195831298828125,5.590269565582275,1,0,2010
1,16,1d16,Ha Noi,Red River Delta,1,0,0,1.9906103610992432,5.860661506652832,1,0,2010
1,280,1d280,Ha Noi,Red River Delta,0,0,0,2.079441547393799,6.182601451873779,1,0,2010
1,280,1d280,Ha Noi,Red River Delta,1,0,0,1.8671760559082031,5.45863151550293,1,0,2010
1,281,1d281,Ha Noi,Red River Delta,1,0,0,1.9572738409042358,5.328917980194092,1,0,2010
1,282,1d282,Ha Noi,Red River Delta,1,0,1,1.974081039428711,5.906723499298096,1,0,2010
1,18,1d18,Ha Noi,Red River Delta,1,1,1,1.6154199838638306,6.245921611785889,1,0,2010
1,276,1d276,Ha Noi,Red River Delta,1,0,0,3.5481796264648438,3.806182622909546,1,0,2010
1,279,1d279,Ha Noi,Red River Delta,1,0,0,1.7833912372589111,5.904605865478516,1,0,2010
1,19,1d19,Ha Noi,Red River Delta,1,0,1,1.7900913953781128,6.526208877563477,1,0,2010
1,278,1d278,Ha Noi,Red River Delta,1,0,0,1.3912818431854248,6.377251625061035,1,0,2010
1,17,1d17,Ha Noi,Red River Delta,1,1,1,2.3025851249694824,6.040254592895508,1,0,2010
1,16,1d16,Ha Noi,Red River Delta,1,0,1,3.0130808353424072,4.878997325897217,1,0,2010
1,17,1d17,Ha Noi,Red River Delta,0,0,1,1.997417688369751,5.834993362426758,1,0,2010
1,282,1d282,Ha Noi,Red River Delta,1,1,0,2.1552445888519287,5.298896789550781,1,0,2010
1,20,1d20,Ha Noi,Red River Delta,1,0,1,1.1662709712982178,6.835753917694092,1,0,2010
1,274,1d274,Ha Noi,Red River Delta,1,0,0,1.3660917282104492,6.497175216674805,1,0,2010
1,273,1d273,Ha Noi,Red River Delta,1,0,0,0.9932518005371094,6.417700290679932,1,0,2010
1,277,1d277,Ha Noi,Red River Delta,1,0,1,1.3297239542007446,5.892841815948486,1,0,2010
1,274,1d274,Ha Noi,Red River Delta,0,1,1,2.116255521774292,6.397531986236572,1,0,2010
1,276,1d276,Ha Noi,Red River Delta,1,0,1,1.495148777961731,6.156921863555908,1,0,2010
1,277,1d277,Ha Noi,Red River Delta,1,0,1,2.394252300262451,5.599705219268799,1,0,2010
1,274,1d274,Ha Noi,Red River Delta,0,1,0,1.4906543493270874,6.411463260650635,1,0,2010
2,32,2d32,Ha Giang,Northern Midlands and Mountains,0,0,0,2.8553199768066406,3.1991193294525146,0,0,2010
2,32,2d32,Ha Giang,Northern Midlands and Mountains,0,0,0,2.8408312797546387,3.3076369762420654,0,0,2010
2,33,2d33,Ha Giang,Northern Midlands and Mountains,0,0,0,3.5709400177001953,3.0728495121002197,0,0,2010
2,30,2d30,Ha Giang,Northern Midlands and Mountains,1,0,0,4.812103271484375,2.419907331466675,0,0,2010
2,31,2d31,Ha Giang,Northern Midlands and Mountains,1,0,0,4.485710620880127,2.427031993865967,0,0,2010
2,30,2d30,Ha Giang,Northern Midlands and Mountains,1,0,0,3.8192496299743652,3.014859199523926,0,0,2010
2,26,2d26,Ha Giang,Northern Midlands and Mountains,0,0,0,3.153163194656372,3.329944133758545,0,0,2010
2,29,2d29,Ha Giang,Northern Midlands and Mountains,1,0,0,4.316421031951904,2.3479881286621094,0,0,2010
2,34,2d34,Ha Giang,Northern Midlands and Mountains,0,0,0,3.9721767902374268,2.0585083961486816,0,0,2010
2,27,2d27,Ha Giang,Northern Midlands and Mountains,1,0,0,3.4594662189483643,3.1698970794677734,0,0,2010
2,27,2d27,Ha Giang,Northern Midlands and Mountains,1,0,0,4.0071516036987305,2.768214702606201,0,0,2010
2,33,2d33,Ha Giang,Northern Midlands and Mountains,1,0,0,3.104586601257324,3.1473171710968018,0,0,2010
2,34,2d34,Ha Giang,Northern Midlands and Mountains,1,0,0,2.527327299118042,4.53486442565918,0,0,2010
2,35,2d35,Ha Giang,Northern Midlands and Mountains,0,0,0,4.221417427062988,1.8698922395706177,0,0,2010
2,28,2d28,Ha Giang,Northern Midlands and Mountains,1,0,0,3.367640495300293,3.0141754150390625,0,0,2010
2,28,2d28,Ha Giang,Northern Midlands and Mountains,1,0,0,4.168369293212891,2.580390453338623,0,0,2010
2,34,2d34,Ha Giang,Northern Midlands and Mountains,1,0,0,3.9150185585021973,3.728464365005493,0,0,2010
2,32,2d32,Ha Giang,Northern Midlands and Mountains,0,0,0,3.737431526184082,2.5688438415527344,0,0,2010
2,26,2d26,Ha Giang,Northern Midlands and Mountains,1,0,0,3.0421385765075684,3.3379838466644287,0,0,2010
2,28,2d28,Ha Giang,Northern Midlands and Mountains,0,0,0,4.242189884185791,2.7369556427001953,0,0,2010
2,26,2d26,Ha Giang,Northern Midlands and Mountains,0,0,0,3.059645652770996,3.636153221130371,0,0,2010
2,28,2d28,Ha Giang,Northern Midlands and Mountains,1,0,0,4.43438196182251,2.685253858566284,0,0,2010
2,33,2d33,Ha Giang,Northern Midlands and Mountains,0,0,0,2.451866865158081,4.363773345947266,0,0,2010
2,35,2d35,Ha Giang,Northern Midlands and Mountains,0,0,0,3.2869081497192383,3.7314934730529785,0,0,2010
2,30,2d30,Ha Giang,Northern Midlands and Mountains,0,1,0,3.742420196533203,3.3300015926361084,0,0,2010
2,27,2d27,Ha Giang,Northern Midlands and Mountains,1,0,0,3.349553108215332,2.915748119354248,0,0,2010
2,30,2d30,Ha Giang,Northern Midlands and Mountains,1,0,0,3.329343318939209,2.8812568187713623,0,0,2010
2,31,2d31,Ha Giang,Northern Midlands and Mountains,1,0,0,4.243769645690918,2.23933744430542,0,0,2010
2,35,2d35,Ha Giang,Northern Midlands and Mountains,1,1,0,3.860729694366455,3.2797234058380127,0,0,2010
4,42,4d42,Cao Bang,Northern Midlands and Mountains,1,0,0,3.6863763332366943,2.7844231128692627,0,0,2010
4,45,4d45,Cao Bang,Northern Midlands and Mountains,1,0,0,2.8172035217285156,3.5107333660125732,0,0,2010
4,47,4d47,Cao Bang,Northern Midlands and Mountains,1,0,0,3.7541990280151367,3.0969860553741455,0,0,2010
4,51,4d51,Cao Bang,Northern Midlands and Mountains,1,0,0,4.027492046356201,2.9562976360321045,0,0,2010
4,43,4d43,Cao Bang,Northern Midlands and Mountains,1,0,0,4.398760795593262,2.192913055419922,0,0,2010
4,51,4d51,Cao Bang,Northern Midlands and Mountains,1,0,0,2.316488027572632,4.924161434173584,0,0,2010
4,42,4d42,Cao Bang,Northern Midlands and Mountains,1,0,0,4.7649054527282715,2.1009857654571533,0,0,2010
4,44,4d44,Cao Bang,Northern Midlands and Mountains,1,0,0,3.0643250942230225,2.5668866634368896,0,0,2010
4,48,4d48,Cao Bang,Northern Midlands and Mountains,1,0,0,3.3935012817382812,2.182447910308838,0,0,2010
4,46,4d46,Cao Bang,Northern Midlands and Mountains,1,0,0,3.316002607345581,2.7001547813415527,0,0,2010
4,43,4d43,Cao Bang,Northern Midlands and Mountains,0,0,0,4.4006028175354,2.0029711723327637,0,0,2010
4,47,4d47,Cao Bang,Northern Midlands and Mountains,1,0,0,3.0046920776367188,3.542093276977539,0,0,2010
4,47,4d47,Cao Bang,Northern Midlands and Mountains,1,0,0,3.4588372707366943,3.113445281982422,0,0,2010
4,40,4d40,Cao Bang,Northern Midlands and Mountains,1,0,1,1.6937791109085083,5.106390953063965,0,0,2010
4,43,4d43,Cao Bang,Northern Midlands and Mountains,1,0,0,3.6714789867401123,2.710336923599243,0,0,2010
4,53,4d53,Cao Bang,Northern Midlands and Mountains,0,0,0,4.440649509429932,1.6596697568893433,0,0,2010
4,45,4d45,Cao Bang,Northern Midlands and Mountains,0,0,0,3.4339871406555176,2.760418176651001,0,0,2010
4,52,4d52,Cao Bang,Northern Midlands and Mountains,0,0,0,3.104138135910034,2.6062889099121094,0,0,2010
4,49,4d49,Cao Bang,Northern Midlands and Mountains,0,0,0,2.9161477088928223,3.30841064453125,0,0,2010
4,49,4d49,Cao Bang,Northern Midlands and Mountains,1,0,0,3.4445760250091553,3.2147178649902344,0,0,2010
4,51,4d51,Cao Bang,Northern Midlands and Mountains,1,0,0,3.390810251235962,4.001221179962158,0,0,2010
4,53,4d53,Cao Bang,Northern Midlands and Mountains,1,0,0,4.11708402633667,2.0650007724761963,0,0,2010
4,44,4d44,Cao Bang,Northern Midlands and Mountains,1,0,0,4.267036437988281,2.4459197521209717,0,0,2010
4,52,4d52,Cao Bang,Northern Midlands and Mountains,1,0,0,3.268808126449585,2.6818342208862305,0,0,2010
4,49,4d49,Cao Bang,Northern Midlands and Mountains,0,0,1,3.163362979888916,3.3675146102905273,0,0,2010
4,51,4d51,Cao Bang,Northern Midlands and Mountains,1,0,0,3.208017110824585,4.148900985717773,0,0,2010
4,42,4d42,Cao Bang,Northern Midlands and Mountains,0,0,0,4.463145732879639,2.3190462589263916,0,0,2010
6,62,6d62,Bac Kan,Northern Midlands and Mountains,1,0,0,4.189351558685303,2.199209690093994,0,0,2010
6,64,6d64,Bac Kan,Northern Midlands and Mountains,1,0,0,4.433313846588135,2.0574097633361816,0,0,2010
6,64,6d64,Bac Kan,Northern Midlands and Mountains,0,0,0,3.4391353130340576,2.2444446086883545,0,0,2010
6,65,6d65,Bac Kan,Northern Midlands and Mountains,1,0,0,3.7057366371154785,2.609621524810791,0,0,2010
6,60,6d60,Bac Kan,Northern Midlands and Mountains,0,0,0,3.793915033340454,2.02616810798645,0,0,2010
6,58,6d58,Bac Kan,Northern Midlands and Mountains,0,0,0,3.3509562015533447,3.2420883178710938,0,0,2010
6,66,6d66,Bac Kan,Northern Midlands and Mountains,0,0,0,4.148674964904785,2.292271614074707,0,0,2010
6,61,6d61,Bac Kan,Northern Midlands and Mountains,1,1,0,4.141863822937012,2.219438314437866,0,0,2010
6,62,6d62,Bac Kan,Northern Midlands and Mountains,1,0,0,3.973306179046631,2.1836729049682617,0,0,2010
6,64,6d64,Bac Kan,Northern Midlands and Mountains,1,0,0,4.11136531829834,2.0830397605895996,0,0,2010
6,65,6d65,Bac Kan,Northern Midlands and Mountains,0,1,0,3.9120230674743652,2.8472323417663574,0,0,2010
6,66,6d66,Bac Kan,Northern Midlands and Mountains,0,0,0,3.5740296840667725,2.5787031650543213,0,0,2010
6,64,6d64,Bac Kan,Northern Midlands and Mountains,1,0,0,3.703028917312622,2.56984806060791,0,0,2010
6,63,6d63,Bac Kan,Northern Midlands and Mountains,1,0,0,2.6181254386901855,3.329909563064575,0,0,2010
6,63,6d63,Bac Kan,Northern Midlands and Mountains,1,0,0,4.152141571044922,1.0126442909240723,0,0,2010
6,60,6d60,Bac Kan,Northern Midlands and Mountains,1,0,0,4.059752941131592,2.886260986328125,0,0,2010
6,65,6d65,Bac Kan,Northern Midlands and Mountains,1,0,0,3.1570003032684326,2.8997836112976074,0,0,2010
6,60,6d60,Bac Kan,Northern Midlands and Mountains,1,0,0,3.9768738746643066,2.3438942432403564,0,0,2010
6,61,6d61,Bac Kan,Northern Midlands and Mountains,0,0,0,4.3451032638549805,2.3256630897521973,0,0,2010
6,65,6d65,Bac Kan,Northern Midlands and Mountains,1,0,0,4.138042449951172,1.6208593845367432,0,0,2010
6,63,6d63,Bac Kan,Northern Midlands and Mountains,1,0,0,3.314549684524536,2.7016074657440186,0,0,2010
6,62,6d62,Bac Kan,Northern Midlands and Mountains,1,0,0,3.354804277420044,2.404097318649292,0,0,2010
6,61,6d61,Bac Kan,Northern Midlands and Mountains,1,0,0,3.487375020980835,3.190967082977295,0,0,2010
6,61,6d61,Bac Kan,Northern Midlands and Mountains,0,0,0,3.551340103149414,3.097644567489624,0,0,2010
6,66,6d66,Bac Kan,Northern Midlands and Mountains,0,0,0,4.377516269683838,1.5359865427017212,0,0,2010
6,66,6d66,Bac Kan,Northern Midlands and Mountains,1,0,0,4.013676643371582,2.3088886737823486,0,0,2010
6,61,6d61,Bac Kan,Northern Midlands and Mountains,1,0,0,3.7918872833251953,2.995957851409912,0,0,2010
8,76,8d76,Tuyen Quang,Northern Midlands and Mountains,1,1,0,3.5040547847747803,3.9230895042419434,0,0,2010
8,76,8d76,Tuyen Quang,Northern Midlands and Mountains,1,0,0,2.8478121757507324,4.578141689300537,0,0,2010
8,75,8d75,Tuyen Quang,Northern Midlands and Mountains,0,0,1,3.026261568069458,4.047008037567139,0,0,2010
8,73,8d73,Tuyen Quang,Northern Midlands and Mountains,1,0,0,4.007696628570557,3.240095853805542,0,0,2010
8,74,8d74,Tuyen Quang,Northern Midlands and Mountains,1,0,0,3.411477565765381,3.515099287033081,0,0,2010
8,76,8d76,Tuyen Quang,Northern Midlands and Mountains,1,0,0,3.6740195751190186,3.9865658283233643,0,0,2010
8,75,8d75,Tuyen Quang,Northern Midlands and Mountains,0,0,0,3.7506797313690186,2.5967094898223877,0,0,2010
8,72,8d72,Tuyen Quang,Northern Midlands and Mountains,0,0,0,2.7479116916656494,2.820432662963867,0,0,2010
8,75,8d75,Tuyen Quang,Northern Midlands and Mountains,1,0,0,3.598954677581787,4.015357494354248,0,0,2010
8,76,8d76,Tuyen Quang,Northern Midlands and Mountains,1,1,0,3.539799213409424,4.0280632972717285,0,0,2010
8,73,8d73,Tuyen Quang,Northern Midlands and Mountains,1,0,0,3.241419792175293,4.148761749267578,0,0,2010
8,73,8d73,Tuyen Quang,Northern Midlands and Mountains,1,0,0,4.020159721374512,3.046307325363159,0,0,2010
8,76,8d76,Tuyen Quang,Northern Midlands and Mountains,1,0,0,1.5727739334106445,4.547523498535156,0,0,2010
8,76,8d76,Tuyen Quang,Northern Midlands and Mountains,1,0,0,3.1763856410980225,4.214412689208984,0,0,2010
8,75,8d75,Tuyen Quang,Northern Midlands and Mountains,1,0,0,3.304319381713867,3.5330135822296143,0,0,2010
8,73,8d73,Tuyen Quang,Northern Midlands and Mountains,1,0,0,2.7725887298583984,3.893095016479492,0,0,2010
8,72,8d72,Tuyen Quang,Northern Midlands and Mountains,1,0,0,4.849918842315674,1.4636293649673462,0,0,2010
8,74,8d74,Tuyen Quang,Northern Midlands and Mountains,0,0,0,4.307572364807129,2.6836044788360596,0,0,2010
8,74,8d74,Tuyen Quang,Northern Midlands and Mountains,1,0,0,3.159550428390503,4.174778938293457,0,0,2010
8,74,8d74,Tuyen Quang,Northern Midlands and Mountains,1,0,0,3.333275318145752,3.0883469581604004,0,0,2010
8,73,8d73,Tuyen Quang,Northern Midlands and Mountains,1,0,0,4.276666164398193,3.1215078830718994,0,0,2010
8,75,8d75,Tuyen Quang,Northern Midlands and Mountains,1,1,0,2.552565336227417,4.60905647277832,0,0,2010
8,73,8d73,Tuyen Quang,Northern Midlands and Mountains,0,0,0,4.509980201721191,2.8564651012420654,0,0,2010
8,75,8d75,Tuyen Quang,Northern Midlands and Mountains,1,0,0,3.316728115081787,3.979006767272949,0,0,2010
8,76,8d76,Tuyen Quang,Northern Midlands and Mountains,1,0,0,3.1285133361816406,3.8515625,0,0,2010
8,70,8d70,Tuyen Quang,Northern Midlands and Mountains,1,1,0,2.5634095668792725,5.589364528656006,0,0,2010
8,74,8d74,Tuyen Quang,Northern Midlands and Mountains,1,0,0,4.498030185699463,2.9863383769989014,0,0,2010
8,75,8d75,Tuyen Quang,Northern Midlands and Mountains,1,0,0,3.312730312347412,3.6885151863098145,0,0,2010
8,72,8d72,Tuyen Quang,Northern Midlands and Mountains,0,0,0,3.935739517211914,2.796471118927002,0,0,2010
8,74,8d74,Tuyen Quang,Northern Midlands and Mountains,1,0,0,4.144720554351807,3.3862955570220947,0,0,2010
8,76,8d76,Tuyen Quang,Northern Midlands and Mountains,1,1,0,2.5265283584594727,4.156832695007324,0,0,2010
8,75,8d75,Tuyen Quang,Northern Midlands and Mountains,1,0,0,3.8305959701538086,3.2561419010162354,0,0,2010
10,88,10d88,Lao Cai,Northern Midlands and Mountains,0,0,0,4.220095634460449,2.1851327419281006,0,1,2010
10,87,10d87,Lao Cai,Northern Midlands and Mountains,1,0,0,3.6516966819763184,3.2255992889404297,0,1,2010
10,88,10d88,Lao Cai,Northern Midlands and Mountains,0,0,0,3.1801350116729736,3.1243138313293457,0,1,2010
10,84,10d84,Lao Cai,Northern Midlands and Mountains,0,0,0,2.303584575653076,3.338322401046753,0,1,2010
10,82,10d82,Lao Cai,Northern Midlands and Mountains,0,0,0,4.992063999176025,0.9428302645683289,0,1,2010
10,89,10d89,Lao Cai,Northern Midlands and Mountains,0,0,0,3.5621819496154785,3.2222752571105957,0,1,2010
10,86,10d86,Lao Cai,Northern Midlands and Mountains,1,0,0,3.0359139442443848,4.10928201675415,0,1,2010
10,89,10d89,Lao Cai,Northern Midlands and Mountains,1,0,0,5.564136981964111,0.8244242668151855,0,1,2010
10,86,10d86,Lao Cai,Northern Midlands and Mountains,0,0,0,3.47165584564209,3.464686870574951,0,1,2010
10,85,10d85,Lao Cai,Northern Midlands and Mountains,0,0,1,4.066802024841309,1.8024948835372925,0,1,2010
10,89,10d89,Lao Cai,Northern Midlands and Mountains,0,0,0,3.3669509887695312,3.231558084487915,0,1,2010
10,87,10d87,Lao Cai,Northern Midlands and Mountains,1,0,0,3.5242996215820312,2.8248393535614014,0,1,2010
10,83,10d83,Lao Cai,Northern Midlands and Mountains,0,0,0,3.4137845039367676,2.9475181102752686,0,1,2010
10,87,10d87,Lao Cai,Northern Midlands and Mountains,1,0,0,4.201852798461914,3.538376808166504,0,1,2010
10,80,10d80,Lao Cai,Northern Midlands and Mountains,0,0,0,3.5130367279052734,3.689624309539795,0,0,2010
10,82,10d82,Lao Cai,Northern Midlands and Mountains,0,0,0,3.269568920135498,2.5968990325927734,0,1,2010
10,89,10d89,Lao Cai,Northern Midlands and Mountains,0,0,0,3.72978138923645,3.968247652053833,0,1,2010
10,87,10d87,Lao Cai,Northern Midlands and Mountains,0,0,0,3.4647979736328125,3.0409860610961914,0,1,2010
10,86,10d86,Lao Cai,Northern Midlands and Mountains,1,0,0,3.4127964973449707,4.23689603805542,0,1,2010
10,82,10d82,Lao Cai,Northern Midlands and Mountains,1,0,0,2.950734853744507,3.947979688644409,0,1,2010
10,86,10d86,Lao Cai,Northern Midlands and Mountains,1,0,0,4.371976375579834,3.8041341304779053,0,1,2010
10,85,10d85,Lao Cai,Northern Midlands and Mountains,1,1,0,4.142658233642578,3.0688982009887695,0,1,2010
10,84,10d84,Lao Cai,Northern Midlands and Mountains,1,0,0,2.972463607788086,3.1051785945892334,0,1,2010
10,82,10d82,Lao Cai,Northern Midlands and Mountains,1,0,0,3.573188066482544,3.150644540786743,0,1,2010
10,83,10d83,Lao Cai,Northern Midlands and Mountains,1,0,0,4.0782151222229,2.879282236099243,0,1,2010
11,97,11d97,Dien Bien,Northern Midlands and Mountains,0,0,0,4.946558952331543,1.476688027381897,0,0,2010
11,102,11d102,Dien Bien,Northern Midlands and Mountains,1,0,0,3.9965479373931885,3.1517977714538574,0,0,2010
11,101,11d101,Dien Bien,Northern Midlands and Mountains,1,0,0,4.938781261444092,2.0234622955322266,0,0,2010
11,99,11d99,Dien Bien,Northern Midlands and Mountains,0,0,0,4.047776699066162,3.4292614459991455,0,0,2010
11,96,11d96,Dien Bien,Northern Midlands and Mountains,1,0,0,5.110239505767822,0.34508180618286133,0,0,2010
11,100,11d100,Dien Bien,Northern Midlands and Mountains,1,0,0,3.5885064601898193,3.790501594543457,0,0,2010
11,99,11d99,Dien Bien,Northern Midlands and Mountains,0,0,0,3.6668894290924072,3.5643975734710693,0,0,2010
11,100,11d100,Dien Bien,Northern Midlands and Mountains,1,0,0,4.334672927856445,2.4117391109466553,0,0,2010
11,97,11d97,Dien Bien,Northern Midlands and Mountains,0,0,0,4.814701557159424,1.1015006303787231,0,0,2010
11,100,11d100,Dien Bien,Northern Midlands and Mountains,1,0,0,4.201703071594238,3.5756704807281494,0,0,2010
11,96,11d96,Dien Bien,Northern Midlands and Mountains,1,0,0,5.018603324890137,1.8014129400253296,0,0,2010
11,97,11d97,Dien Bien,Northern Midlands and Mountains,0,0,0,5.494254112243652,1.2969672679901123,0,0,2010
11,102,11d102,Dien Bien,Northern Midlands and Mountains,1,0,0,3.964235782623291,3.0158400535583496,0,0,2010
11,98,11d98,Dien Bien,Northern Midlands and Mountains,1,0,0,4.1298723220825195,1.9222166538238525,0,0,2010
11,100,11d100,Dien Bien,Northern Midlands and Mountains,0,0,0,5.622391700744629,1.6074471473693848,0,0,2010
11,101,11d101,Dien Bien,Northern Midlands and Mountains,0,0,0,4.829353332519531,1.98189115524292,0,0,2010
11,97,11d97,Dien Bien,Northern Midlands and Mountains,0,0,0,4.2203898429870605,2.8104679584503174,0,0,2010
11,99,11d99,Dien Bien,Northern Midlands and Mountains,0,0,0,5.351953029632568,1.8088929653167725,0,0,2010
11,101,11d101,Dien Bien,Northern Midlands and Mountains,0,0,0,4.117735385894775,2.5182111263275146,0,0,2010
11,100,11d100,Dien Bien,Northern Midlands and Mountains,1,0,1,2.955951452255249,4.586262226104736,0,0,2010
11,99,11d99,Dien Bien,Northern Midlands and Mountains,0,0,0,4.8456034660339355,2.363736867904663,0,0,2010
11,94,11d94,Dien Bien,Northern Midlands and Mountains,1,0,0,2.731766700744629,2.596109390258789,0,0,2010
11,101,11d101,Dien Bien,Northern Midlands and Mountains,0,0,0,4.810638427734375,1.7837750911712646,0,0,2010
11,100,11d100,Dien Bien,Northern Midlands and Mountains,1,0,1,2.944438934326172,4.577420234680176,0,0,2010
11,96,11d96,Dien Bien,Northern Midlands and Mountains,0,0,0,5.446306228637695,1.445319652557373,0,0,2010
11,99,11d99,Dien Bien,Northern Midlands and Mountains,1,0,0,3.95450758934021,3.111959457397461,0,0,2010
11,98,11d98,Dien Bien,Northern Midlands and Mountains,1,0,0,4.480173587799072,2.1981682777404785,0,0,2010
11,98,11d98,Dien Bien,Northern Midlands and Mountains,1,0,0,3.6278016567230225,2.8035295009613037,0,0,2010
12,106,12d106,Lai Chau,Northern Midlands and Mountains,0,0,0,4.700571060180664,1.6778548955917358,0,0,2010
12,109,12d109,Lai Chau,Northern Midlands and Mountains,1,0,0,3.2072079181671143,3.4168572425842285,0,0,2010
12,107,12d107,Lai Chau,Northern Midlands and Mountains,0,0,0,4.7363739013671875,1.1932153701782227,0,0,2010
12,110,12d110,Lai Chau,Northern Midlands and Mountains,0,0,0,3.2284300327301025,2.986178159713745,0,0,2010
12,111,12d111,Lai Chau,Northern Midlands and Mountains,1,0,0,3.414442539215088,3.0423269271850586,0,0,2010
12,108,12d108,Lai Chau,Northern Midlands and Mountains,1,0,0,5.136151313781738,1.4568932056427002,0,0,2010
12,106,12d106,Lai Chau,Northern Midlands and Mountains,1,0,0,4.342375755310059,2.4465959072113037,0,0,2010
12,111,12d111,Lai Chau,Northern Midlands and Mountains,0,0,0,5.072670936584473,1.8733433485031128,0,0,2010
12,107,12d107,Lai Chau,Northern Midlands and Mountains,0,0,0,5.538514614105225,0.8500467538833618,0,0,2010
12,108,12d108,Lai Chau,Northern Midlands and Mountains,0,0,0,5.333008766174316,0.8875815868377686,0,0,2010
12,108,12d108,Lai Chau,Northern Midlands and Mountains,0,0,0,4.47335147857666,2.0398786067962646,0,0,2010
12,108,12d108,Lai Chau,Northern Midlands and Mountains,0,0,0,4.208714485168457,2.704028606414795,0,0,2010
12,110,12d110,Lai Chau,Northern Midlands and Mountains,1,0,1,4.030339241027832,3.095747947692871,0,0,2010
12,108,12d108,Lai Chau,Northern Midlands and Mountains,0,0,0,4.812753200531006,1.667291283607483,0,0,2010
12,110,12d110,Lai Chau,Northern Midlands and Mountains,1,0,0,3.8526976108551025,3.453833818435669,0,0,2010
12,108,12d108,Lai Chau,Northern Midlands and Mountains,0,0,0,4.169606685638428,2.263333320617676,0,0,2010
12,109,12d109,Lai Chau,Northern Midlands and Mountains,1,0,0,4.239598751068115,2.899268388748169,0,0,2010
12,109,12d109,Lai Chau,Northern Midlands and Mountains,1,0,0,4.341855525970459,1.8545886278152466,0,0,2010
12,107,12d107,Lai Chau,Northern Midlands and Mountains,0,0,0,3.1912989616394043,3.056743860244751,0,0,2010
12,106,12d106,Lai Chau,Northern Midlands and Mountains,1,0,0,3.605769634246826,2.668992519378662,0,0,2010
12,110,12d110,Lai Chau,Northern Midlands and Mountains,1,0,0,4.24031925201416,3.2372851371765137,0,0,2010
12,107,12d107,Lai Chau,Northern Midlands and Mountains,1,0,0,3.6750340461730957,3.3334710597991943,0,0,2010
12,110,12d110,Lai Chau,Northern Midlands and Mountains,0,1,0,3.7511496543884277,3.2205188274383545,0,0,2010
12,105,12d105,Lai Chau,Northern Midlands and Mountains,1,0,0,3.316728115081787,3.638864278793335,0,0,2010
12,108,12d108,Lai Chau,Northern Midlands and Mountains,1,0,0,3.754901170730591,2.4912054538726807,0,0,2010
12,109,12d109,Lai Chau,Northern Midlands and Mountains,0,0,0,3.748091220855713,2.09255051612854,0,0,2010
14,123,14d123,Son La,Northern Midlands and Mountains,0,0,0,4.647846698760986,2.729912519454956,0,0,2010
14,125,14d125,Son La,Northern Midlands and Mountains,0,0,0,3.454106092453003,2.8016440868377686,0,0,2010
14,123,14d123,Son La,Northern Midlands and Mountains,0,0,0,4.465332984924316,1.78657066822052,0,0,2010
14,126,14d126,Son La,Northern Midlands and Mountains,0,0,0,4.536462783813477,2.928046703338623,0,0,2010
14,125,14d125,Son La,Northern Midlands and Mountains,1,1,0,3.584629535675049,3.6960678100585938,0,0,2010
14,120,14d120,Son La,Northern Midlands and Mountains,0,0,0,4.213756084442139,2.5941789150238037,0,0,2010
14,119,14d119,Son La,Northern Midlands and Mountains,1,0,0,4.213903903961182,3.183044672012329,0,0,2010
14,119,14d119,Son La,Northern Midlands and Mountains,0,0,0,3.9211809635162354,2.9042789936065674,0,0,2010
14,127,14d127,Son La,Northern Midlands and Mountains,0,0,0,5.529389381408691,1.7663456201553345,0,0,2010
14,122,14d122,Son La,Northern Midlands and Mountains,1,0,0,4.173155784606934,3.1279921531677246,0,0,2010
14,126,14d126,Son La,Northern Midlands and Mountains,0,0,0,4.872368812561035,2.7844412326812744,0,0,2010
14,126,14d126,Son La,Northern Midlands and Mountains,0,0,0,4.259152412414551,2.4204466342926025,0,0,2010
14,122,14d122,Son La,Northern Midlands and Mountains,1,0,0,3.566429376602173,2.8808765411376953,0,0,2010
14,124,14d124,Son La,Northern Midlands and Mountains,1,0,0,4.220536708831787,2.559385299682617,0,0,2010
14,118,14d118,Son La,Northern Midlands and Mountains,0,0,0,5.235750198364258,2.3377809524536133,0,0,2010
14,123,14d123,Son La,Northern Midlands and Mountains,1,0,0,4.5862932205200195,3.0742924213409424,0,0,2010
14,126,14d126,Son La,Northern Midlands and Mountains,0,0,0,4.855462074279785,2.476253032684326,0,0,2010
14,123,14d123,Son La,Northern Midlands and Mountains,0,0,0,3.7990782260894775,2.1721835136413574,0,0,2010
14,119,14d119,Son La,Northern Midlands and Mountains,0,1,0,4.131961345672607,3.2217609882354736,0,0,2010
14,119,14d119,Son La,Northern Midlands and Mountains,0,1,0,4.519721031188965,2.7540650367736816,0,0,2010
14,120,14d120,Son La,Northern Midlands and Mountains,1,0,0,4.862753868103027,2.583247661590576,0,0,2010
14,124,14d124,Son La,Northern Midlands and Mountains,1,1,0,4.518740653991699,3.1990556716918945,0,0,2010
14,122,14d122,Son La,Northern Midlands and Mountains,0,0,0,3.25809645652771,3.0662624835968018,0,0,2010
14,127,14d127,Son La,Northern Midlands and Mountains,1,1,0,3.786686420440674,3.2950220108032227,0,0,2010
14,125,14d125,Son La,Northern Midlands and Mountains,1,0,1,4.550291538238525,3.7263576984405518,0,0,2010
14,126,14d126,Son La,Northern Midlands and Mountains,1,0,0,4.611947059631348,3.3581020832061768,0,0,2010
14,121,14d121,Son La,Northern Midlands and Mountains,0,0,0,3.950474262237549,2.4968316555023193,0,0,2010
14,125,14d125,Son La,Northern Midlands and Mountains,0,0,0,3.6747806072235107,3.516648769378662,0,0,2010
14,118,14d118,Son La,Northern Midlands and Mountains,0,0,0,4.411949634552002,1.431594967842102,0,0,2010
14,119,14d119,Son La,Northern Midlands and Mountains,0,0,0,5.053886413574219,1.9752012491226196,0,0,2010
14,118,14d118,Son La,Northern Midlands and Mountains,1,1,0,3.3748533725738525,2.5547356605529785,0,0,2010
14,120,14d120,Son La,Northern Midlands and Mountains,0,0,0,4.0104193687438965,1.953160047531128,0,0,2010
14,120,14d120,Son La,Northern Midlands and Mountains,0,0,0,4.263805866241455,2.852588176727295,0,0,2010
14,122,14d122,Son La,Northern Midlands and Mountains,1,1,0,3.361069679260254,3.9414267539978027,0,0,2010
15,136,15d136,Yen Bai,Northern Midlands and Mountains,1,0,0,2.817800998687744,3.9879214763641357,0,0,2010
15,139,15d139,Yen Bai,Northern Midlands and Mountains,0,1,0,3.4413790702819824,2.4474987983703613,0,0,2010
15,140,15d140,Yen Bai,Northern Midlands and Mountains,1,0,0,3.358289957046509,3.660111904144287,0,0,2010
15,135,15d135,Yen Bai,Northern Midlands and Mountains,1,0,0,4.427955627441406,2.6679375171661377,0,0,2010
15,138,15d138,Yen Bai,Northern Midlands and Mountains,0,0,0,3.4236109256744385,4.0041279792785645,0,0,2010
15,141,15d141,Yen Bai,Northern Midlands and Mountains,1,0,0,4.160288333892822,3.2274210453033447,0,0,2010
15,136,15d136,Yen Bai,Northern Midlands and Mountains,1,0,0,4.642177104949951,2.884540557861328,0,0,2010
15,137,15d137,Yen Bai,Northern Midlands and Mountains,0,0,0,5.377590656280518,1.6126658916473389,0,0,2010
15,140,15d140,Yen Bai,Northern Midlands and Mountains,1,0,0,5.133206844329834,2.475663900375366,0,0,2010
15,141,15d141,Yen Bai,Northern Midlands and Mountains,1,0,0,4.055257320404053,3.536099910736084,0,0,2010
15,141,15d141,Yen Bai,Northern Midlands and Mountains,1,0,0,2.5217206478118896,4.1666340827941895,0,0,2010
15,141,15d141,Yen Bai,Northern Midlands and Mountains,1,0,0,4.3541412353515625,2.408588171005249,0,0,2010
15,140,15d140,Yen Bai,Northern Midlands and Mountains,1,0,0,2.0693912506103516,4.858166694641113,0,0,2010
15,140,15d140,Yen Bai,Northern Midlands and Mountains,0,0,0,3.0666565895080566,3.490121841430664,0,0,2010
15,138,15d138,Yen Bai,Northern Midlands and Mountains,1,0,0,2.8986704349517822,4.022000789642334,0,0,2010
15,135,15d135,Yen Bai,Northern Midlands and Mountains,1,0,0,3.0647919178009033,3.8186707496643066,0,0,2010
15,137,15d137,Yen Bai,Northern Midlands and Mountains,0,0,0,4.774068832397461,1.796814203262329,0,0,2010
15,138,15d138,Yen Bai,Northern Midlands and Mountains,1,0,0,2.332144021987915,4.255405902862549,0,0,2010
15,136,15d136,Yen Bai,Northern Midlands and Mountains,1,0,0,3.2805352210998535,3.817840337753296,0,0,2010
15,137,15d137,Yen Bai,Northern Midlands and Mountains,1,0,0,4.029450416564941,1.9570015668869019,0,0,2010
15,135,15d135,Yen Bai,Northern Midlands and Mountains,1,0,0,2.862200975418091,3.96759295463562,0,0,2010
15,138,15d138,Yen Bai,Northern Midlands and Mountains,1,0,0,4.45620584487915,2.2346363067626953,0,0,2010
15,140,15d140,Yen Bai,Northern Midlands and Mountains,1,0,0,4.019979953765869,3.1267919540405273,0,0,2010
15,136,15d136,Yen Bai,Northern Midlands and Mountains,1,0,0,5.294309139251709,1.5235213041305542,0,0,2010
15,135,15d135,Yen Bai,Northern Midlands and Mountains,0,0,0,3.3318471908569336,4.1147379875183105,0,0,2010
15,133,15d133,Yen Bai,Northern Midlands and Mountains,1,0,0,1.211940884590149,4.9017415046691895,0,0,2010
15,136,15d136,Yen Bai,Northern Midlands and Mountains,1,0,1,3.5890591144561768,3.4011974334716797,0,0,2010
15,140,15d140,Yen Bai,Northern Midlands and Mountains,1,1,0,3.4537899494171143,3.872675657272339,0,0,2010
15,141,15d141,Yen Bai,Northern Midlands and Mountains,1,0,0,3.3024814128875732,3.908337116241455,0,0,2010
17,159,17d159,Hoa Binh,Northern Midlands and Mountains,1,0,0,2.524127244949341,4.597125053405762,0,0,2010
17,150,17d150,Hoa Binh,Northern Midlands and Mountains,1,0,0,3.813307046890259,3.3690450191497803,0,0,2010
17,158,17d158,Hoa Binh,Northern Midlands and Mountains,1,0,0,3.2607851028442383,4.4680705070495605,0,0,2010
17,157,17d157,Hoa Binh,Northern Midlands and Mountains,1,0,0,3.7367167472839355,3.3331573009490967,0,0,2010
17,148,17d148,Hoa Binh,Northern Midlands and Mountains,1,0,0,3.0680530071258545,3.1857759952545166,0,0,2010
17,151,17d151,Hoa Binh,Northern Midlands and Mountains,1,0,0,2.2300143241882324,4.622228145599365,0,0,2010
17,155,17d155,Hoa Binh,Northern Midlands and Mountains,1,0,0,2.816007375717163,3.7632439136505127,0,0,2010
17,152,17d152,Hoa Binh,Northern Midlands and Mountains,1,0,0,2.8558952808380127,4.024488925933838,0,0,2010
17,153,17d153,Hoa Binh,Northern Midlands and Mountains,1,0,0,1.7065646648406982,3.917452812194824,0,0,2010
17,150,17d150,Hoa Binh,Northern Midlands and Mountains,1,0,0,4.362971305847168,2.3389892578125,0,0,2010
17,155,17d155,Hoa Binh,Northern Midlands and Mountains,0,0,0,3.6278016567230225,3.596951723098755,0,0,2010
17,157,17d157,Hoa Binh,Northern Midlands and Mountains,1,0,0,3.0605833530426025,4.104910373687744,0,0,2010
17,153,17d153,Hoa Binh,Northern Midlands and Mountains,1,0,0,3.587677001953125,3.6819398403167725,0,0,2010
17,156,17d156,Hoa Binh,Northern Midlands and Mountains,1,0,0,2.8735647201538086,3.641148090362549,0,0,2010
17,157,17d157,Hoa Binh,Northern Midlands and Mountains,1,0,0,3.495901346206665,2.8140170574188232,0,0,2010
17,157,17d157,Hoa Binh,Northern Midlands and Mountains,0,0,0,2.665142774581909,4.815285682678223,0,0,2010
17,153,17d153,Hoa Binh,Northern Midlands and Mountains,1,0,0,2.792391300201416,3.59617018699646,0,0,2010
17,154,17d154,Hoa Binh,Northern Midlands and Mountains,1,0,0,2.7899374961853027,3.9278671741485596,0,0,2010
17,154,17d154,Hoa Binh,Northern Midlands and Mountains,1,0,0,2.9523026943206787,3.792933702468872,0,0,2010
17,159,17d159,Hoa Binh,Northern Midlands and Mountains,1,0,0,2.107785940170288,3.9880385398864746,0,0,2010
17,157,17d157,Hoa Binh,Northern Midlands and Mountains,0,0,0,3.3203487396240234,3.180940866470337,0,0,2010
17,153,17d153,Hoa Binh,Northern Midlands and Mountains,1,0,0,2.0566844940185547,4.608999252319336,0,0,2010
17,152,17d152,Hoa Binh,Northern Midlands and Mountains,1,0,0,2.859339714050293,4.1253767013549805,0,0,2010
17,155,17d155,Hoa Binh,Northern Midlands and Mountains,1,0,0,2.4923787117004395,4.225426197052002,0,0,2010
17,156,17d156,Hoa Binh,Northern Midlands and Mountains,0,0,0,4.114147186279297,2.0679378509521484,0,0,2010
17,158,17d158,Hoa Binh,Northern Midlands and Mountains,0,0,0,3.3032169342041016,3.670325994491577,0,0,2010
17,151,17d151,Hoa Binh,Northern Midlands and Mountains,0,0,0,3.616577625274658,3.5427143573760986,0,0,2010
17,152,17d152,Hoa Binh,Northern Midlands and Mountains,1,0,0,2.7536606788635254,4.045395374298096,0,0,2010
17,157,17d157,Hoa Binh,Northern Midlands and Mountains,1,0,0,3.2488229274749756,4.169958114624023,0,0,2010
17,155,17d155,Hoa Binh,Northern Midlands and Mountains,1,0,0,3.148024082183838,4.059835910797119,0,0,2010
17,152,17d152,Hoa Binh,Northern Midlands and Mountains,1,0,0,3.116621494293213,4.0340800285339355,0,0,2010
19,173,19d173,Thai Nguyen,Northern Midlands and Mountains,1,0,1,2.34946870803833,5.373208999633789,0,0,2010
19,173,19d173,Thai Nguyen,Northern Midlands and Mountains,0,0,0,3.0130808353424072,4.534420967102051,0,0,2010
19,164,19d164,Thai Nguyen,Northern Midlands and Mountains,1,0,1,3.044522523880005,4.234796524047852,0,0,2010
19,171,19d171,Thai Nguyen,Northern Midlands and Mountains,1,0,0,3.1817967891693115,4.401959419250488,0,0,2010
19,165,19d165,Thai Nguyen,Northern Midlands and Mountains,0,0,0,3.295095920562744,4.371594429016113,0,0,2010
19,167,19d167,Thai Nguyen,Northern Midlands and Mountains,1,0,0,3.4167425632476807,3.833893060684204,0,0,2010
19,172,19d172,Thai Nguyen,Northern Midlands and Mountains,1,0,0,2.643333911895752,5.3851213455200195,0,0,2010
19,172,19d172,Thai Nguyen,Northern Midlands and Mountains,1,0,0,2.669309377670288,5.171790599822998,0,0,2010
19,173,19d173,Thai Nguyen,Northern Midlands and Mountains,1,0,0,3.0759289264678955,4.401675224304199,0,0,2010
19,171,19d171,Thai Nguyen,Northern Midlands and Mountains,1,0,0,2.7421295642852783,3.816068172454834,0,0,2010
19,170,19d170,Thai Nguyen,Northern Midlands and Mountains,1,0,0,4.04287576675415,2.9710395336151123,0,0,2010
19,169,19d169,Thai Nguyen,Northern Midlands and Mountains,1,0,0,2.7942278385162354,4.943824291229248,0,0,2010
19,172,19d172,Thai Nguyen,Northern Midlands and Mountains,1,0,1,1.8718022108078003,5.651138782501221,0,0,2010
19,171,19d171,Thai Nguyen,Northern Midlands and Mountains,1,0,0,2.079441547393799,5.360705375671387,0,0,2010
19,171,19d171,Thai Nguyen,Northern Midlands and Mountains,0,0,0,3.2887749671936035,3.739426374435425,0,0,2010
19,168,19d168,Thai Nguyen,Northern Midlands and Mountains,1,0,0,3.5607619285583496,3.772261142730713,0,0,2010
19,173,19d173,Thai Nguyen,Northern Midlands and Mountains,0,0,0,1.763016939163208,5.455892562866211,0,0,2010
19,170,19d170,Thai Nguyen,Northern Midlands and Mountains,1,0,0,3.5395090579986572,2.7390124797821045,0,0,2010
19,171,19d171,Thai Nguyen,Northern Midlands and Mountains,1,0,0,2.355177640914917,5.001740455627441,0,0,2010
19,171,19d171,Thai Nguyen,Northern Midlands and Mountains,0,1,0,3.31017804145813,3.8342292308807373,0,0,2010
19,171,19d171,Thai Nguyen,Northern Midlands and Mountains,1,0,0,2.203869104385376,4.74214506149292,0,0,2010
19,172,19d172,Thai Nguyen,Northern Midlands and Mountains,1,0,1,3.969536781311035,4.1525373458862305,0,0,2010
19,168,19d168,Thai Nguyen,Northern Midlands and Mountains,1,0,0,2.831447124481201,4.979310989379883,0,0,2010
19,168,19d168,Thai Nguyen,Northern Midlands and Mountains,1,0,0,3.1544439792633057,4.573971748352051,0,0,2010
19,172,19d172,Thai Nguyen,Northern Midlands and Mountains,1,0,0,1.667706847190857,5.6987385749816895,0,0,2010
19,169,19d169,Thai Nguyen,Northern Midlands and Mountains,1,0,0,2.8112082481384277,3.7638676166534424,0,0,2010
19,167,19d167,Thai Nguyen,Northern Midlands and Mountains,1,0,1,3.0228610038757324,3.886892318725586,0,0,2010
19,167,19d167,Thai Nguyen,Northern Midlands and Mountains,1,0,0,2.9069011211395264,4.045827865600586,0,0,2010
19,170,19d170,Thai Nguyen,Northern Midlands and Mountains,1,0,0,4.033355236053467,2.760110855102539,0,0,2010
19,167,19d167,Thai Nguyen,Northern Midlands and Mountains,1,0,0,2.7942278385162354,4.2619476318359375,0,0,2010
19,164,19d164,Thai Nguyen,Northern Midlands and Mountains,1,0,0,2.0819385051727295,5.421902179718018,0,0,2010
19,169,19d169,Thai Nguyen,Northern Midlands and Mountains,1,0,0,2.4932055473327637,4.659846305847168,0,0,2010
19,167,19d167,Thai Nguyen,Northern Midlands and Mountains,0,0,0,4.087319850921631,2.893685817718506,0,0,2010
20,183,20d183,Lang Son,Northern Midlands and Mountains,0,0,0,4.07073450088501,2.458684206008911,0,0,2010
20,185,20d185,Lang Son,Northern Midlands and Mountains,1,0,1,2.4697930812835693,3.467743158340454,0,0,2010
20,181,20d181,Lang Son,Northern Midlands and Mountains,0,0,0,3.9148190021514893,1.398386836051941,0,0,2010
20,180,20d180,Lang Son,Northern Midlands and Mountains,0,0,0,4.158883094787598,0.8845420479774475,0,0,2010
20,188,20d188,Lang Son,Northern Midlands and Mountains,0,0,0,3.891820192337036,2.126772880554199,0,0,2010
20,183,20d183,Lang Son,Northern Midlands and Mountains,0,0,0,3.119718313217163,3.8272578716278076,0,0,2010
20,188,20d188,Lang Son,Northern Midlands and Mountains,1,0,0,4.32757043838501,2.0003662109375,0,0,2010
20,180,20d180,Lang Son,Northern Midlands and Mountains,1,0,0,4.122608184814453,3.171769380569458,0,0,2010
20,188,20d188,Lang Son,Northern Midlands and Mountains,1,0,0,2.9611408710479736,3.445739269256592,0,0,2010
20,184,20d184,Lang Son,Northern Midlands and Mountains,1,0,0,2.663052797317505,3.245030164718628,0,0,2010
20,182,20d182,Lang Son,Northern Midlands and Mountains,1,0,0,3.117949962615967,2.7928466796875,0,0,2010
20,185,20d185,Lang Son,Northern Midlands and Mountains,1,0,1,3.725693464279175,3.2298991680145264,0,0,2010
20,186,20d186,Lang Son,Northern Midlands and Mountains,1,0,0,3.516310214996338,3.9886319637298584,0,0,2010
20,181,20d181,Lang Son,Northern Midlands and Mountains,1,0,0,3.640214204788208,2.6642346382141113,0,0,2010
20,184,20d184,Lang Son,Northern Midlands and Mountains,0,0,0,3.8229732513427734,2.4536702632904053,0,0,2010
20,182,20d182,Lang Son,Northern Midlands and Mountains,1,0,0,3.7276194095611572,2.670975685119629,0,0,2010
20,189,20d189,Lang Son,Northern Midlands and Mountains,1,0,0,4.57749080657959,1.2747119665145874,0,0,2010
20,186,20d186,Lang Son,Northern Midlands and Mountains,1,0,0,3.3261146545410156,3.650233507156372,0,0,2010
20,187,20d187,Lang Son,Northern Midlands and Mountains,1,0,0,3.101442813873291,3.349027633666992,0,0,2010
20,180,20d180,Lang Son,Northern Midlands and Mountains,1,0,0,4.2682976722717285,1.9220175743103027,0,0,2010
20,181,20d181,Lang Son,Northern Midlands and Mountains,1,0,0,4.390243053436279,2.13478684425354,0,0,2010
20,187,20d187,Lang Son,Northern Midlands and Mountains,1,0,0,3.3375473022460938,2.9258508682250977,0,0,2010
20,186,20d186,Lang Son,Northern Midlands and Mountains,0,0,0,4.198404312133789,2.326625347137451,0,0,2010
20,186,20d186,Lang Son,Northern Midlands and Mountains,1,0,0,3.4442567825317383,3.001462936401367,0,0,2010
20,183,20d183,Lang Son,Northern Midlands and Mountains,1,0,0,3.4375293254852295,3.5499608516693115,0,0,2010
20,187,20d187,Lang Son,Northern Midlands and Mountains,0,0,0,4.421728134155273,1.7644805908203125,0,0,2010
20,184,20d184,Lang Son,Northern Midlands and Mountains,0,0,0,3.138099431991577,2.371288776397705,0,0,2010
20,187,20d187,Lang Son,Northern Midlands and Mountains,1,0,0,4.052132606506348,3.1125876903533936,0,0,2010
22,206,22d206,Quang Ninh,Red River Delta,1,0,0,3.4011974334716797,4.220487594604492,0,0,2010
22,205,22d205,Quang Ninh,Red River Delta,1,0,0,4.2849650382995605,2.2223126888275146,0,0,2010
22,206,22d206,Quang Ninh,Red River Delta,1,0,0,3.691376209259033,3.2043063640594482,0,0,2010
22,206,22d206,Quang Ninh,Red River Delta,1,0,0,2.2915241718292236,5.509867191314697,0,0,2010
22,202,22d202,Quang Ninh,Red River Delta,0,0,0,4.88408899307251,2.1070878505706787,0,0,2010
22,205,22d205,Quang Ninh,Red River Delta,1,0,1,2.4765384197235107,5.185459136962891,0,0,2010
22,203,22d203,Quang Ninh,Red River Delta,1,0,1,2.776331663131714,4.995157241821289,0,0,2010
22,200,22d200,Quang Ninh,Red River Delta,0,0,0,3.461665153503418,3.1769025325775146,0,0,2010
22,201,22d201,Quang Ninh,Red River Delta,1,0,0,2.4790563583374023,5.007556915283203,0,0,2010
22,199,22d199,Quang Ninh,Red River Delta,1,0,0,3.8809449672698975,3.28532075881958,0,0,2010
22,205,22d205,Quang Ninh,Red River Delta,1,0,1,2.3194422721862793,5.428154468536377,0,0,2010
22,205,22d205,Quang Ninh,Red River Delta,1,0,1,3.0041964054107666,4.393977642059326,0,0,2010
22,196,22d196,Quang Ninh,Red River Delta,1,0,1,3.177220106124878,4.77504301071167,0,0,2010
22,199,22d199,Quang Ninh,Red River Delta,0,1,0,3.306886672973633,2.4520151615142822,0,0,2010
24,217,24d217,Bac Giang,Northern Midlands and Mountains,1,0,1,2.0992441177368164,5.477365493774414,0,0,2010
24,222,24d222,Bac Giang,Northern Midlands and Mountains,1,0,1,2.693951368331909,5.078380107879639,0,0,2010
24,220,24d220,Bac Giang,Northern Midlands and Mountains,0,0,0,2.895911931991577,4.072938442230225,0,0,2010
24,219,24d219,Bac Giang,Northern Midlands and Mountains,1,0,1,2.848970890045166,4.736310005187988,0,0,2010
24,219,24d219,Bac Giang,Northern Midlands and Mountains,1,0,1,3.692622423171997,4.555644989013672,0,0,2010
24,220,24d220,Bac Giang,Northern Midlands and Mountains,1,0,0,3.072230339050293,3.4395151138305664,0,0,2010
24,221,24d221,Bac Giang,Northern Midlands and Mountains,1,0,1,2.1234583854675293,5.630165100097656,0,0,2010
24,218,24d218,Bac Giang,Northern Midlands and Mountains,1,0,1,4.025351524353027,4.147095203399658,0,0,2010
24,221,24d221,Bac Giang,Northern Midlands and Mountains,1,0,0,2.3832430839538574,4.627068996429443,0,0,2010
24,216,24d216,Bac Giang,Northern Midlands and Mountains,1,0,0,2.441477060317993,5.105496883392334,0,0,2010
24,218,24d218,Bac Giang,Northern Midlands and Mountains,1,0,0,2.7800607681274414,5.1190924644470215,0,0,2010
24,217,24d217,Bac Giang,Northern Midlands and Mountains,1,0,0,2.649714708328247,5.339845657348633,0,0,2010
24,223,24d223,Bac Giang,Northern Midlands and Mountains,1,0,0,2.5360748767852783,5.67947244644165,0,0,2010
24,218,24d218,Bac Giang,Northern Midlands and Mountains,1,0,0,2.9359822273254395,4.837191581726074,0,0,2010
24,217,24d217,Bac Giang,Northern Midlands and Mountains,1,0,0,2.4561641216278076,5.2620768547058105,0,0,2010
24,218,24d218,Bac Giang,Northern Midlands and Mountains,1,0,0,2.3504223823547363,4.6231207847595215,0,0,2010
24,219,24d219,Bac Giang,Northern Midlands and Mountains,1,0,1,3.259249687194824,4.885429382324219,0,0,2010
24,221,24d221,Bac Giang,Northern Midlands and Mountains,1,0,0,2.2027647495269775,5.304925441741943,0,0,2010
24,222,24d222,Bac Giang,Northern Midlands and Mountains,1,0,1,1.5665303468704224,5.989897727966309,0,0,2010
24,219,24d219,Bac Giang,Northern Midlands and Mountains,1,0,1,3.450622320175171,4.080930233001709,0,0,2010
24,219,24d219,Bac Giang,Northern Midlands and Mountains,1,0,0,4.253198623657227,2.092437982559204,0,0,2010
24,223,24d223,Bac Giang,Northern Midlands and Mountains,1,0,0,2.3513753414154053,5.851655006408691,0,0,2010
24,218,24d218,Bac Giang,Northern Midlands and Mountains,1,0,0,3.269948959350586,4.544046401977539,0,0,2010
24,223,24d223,Bac Giang,Northern Midlands and Mountains,1,0,0,2.3263015747070312,5.460250377655029,0,0,2010
24,223,24d223,Bac Giang,Northern Midlands and Mountains,1,0,0,1.355835199356079,5.677671432495117,0,0,2010
24,218,24d218,Bac Giang,Northern Midlands and Mountains,1,0,0,2.990719795227051,4.231846332550049,0,0,2010
24,218,24d218,Bac Giang,Northern Midlands and Mountains,0,0,0,3.159125804901123,4.9343366622924805,0,0,2010
24,219,24d219,Bac Giang,Northern Midlands and Mountains,1,0,0,3.4223062992095947,3.7554759979248047,0,0,2010
24,216,24d216,Bac Giang,Northern Midlands and Mountains,1,0,1,1.916922688484192,5.066867351531982,0,0,2010
24,220,24d220,Bac Giang,Northern Midlands and Mountains,1,0,0,2.8063859939575195,3.854189157485962,0,0,2010
24,216,24d216,Bac Giang,Northern Midlands and Mountains,1,0,1,1.4303112030029297,5.779768466949463,0,0,2010
24,217,24d217,Bac Giang,Northern Midlands and Mountains,1,0,1,2.321406841278076,5.707700252532959,0,0,2010
24,216,24d216,Bac Giang,Northern Midlands and Mountains,1,0,1,2.6122732162475586,5.509800910949707,0,0,2010
24,223,24d223,Bac Giang,Northern Midlands and Mountains,1,0,0,2.0489823818206787,5.6458659172058105,0,0,2010
24,222,24d222,Bac Giang,Northern Midlands and Mountains,1,0,1,2.269028425216675,5.29572868347168,0,0,2010
24,221,24d221,Bac Giang,Northern Midlands and Mountains,1,0,1,2.4475510120391846,5.226137161254883,0,0,2010
24,215,24d215,Bac Giang,Northern Midlands and Mountains,1,0,0,2.094330072402954,4.907825946807861,0,0,2010
24,213,24d213,Bac Giang,Northern Midlands and Mountains,1,0,1,1.2809338569641113,6.196104526519775,0,0,2010
24,217,24d217,Bac Giang,Northern Midlands and Mountains,1,0,0,2.4212565422058105,5.444698810577393,0,0,2010
24,223,24d223,Bac Giang,Northern Midlands and Mountains,1,0,0,2.1505987644195557,5.674246788024902,0,0,2010
24,216,24d216,Bac Giang,Northern Midlands and Mountains,1,0,1,2.236445188522339,5.229209899902344,0,0,2010
24,219,24d219,Bac Giang,Northern Midlands and Mountains,1,0,0,3.788724899291992,2.9979920387268066,0,0,2010
24,219,24d219,Bac Giang,Northern Midlands and Mountains,0,0,0,3.1742968559265137,3.565039873123169,0,0,2010
24,215,24d215,Bac Giang,Northern Midlands and Mountains,1,0,0,1.9600948095321655,5.404452323913574,0,0,2010
24,222,24d222,Bac Giang,Northern Midlands and Mountains,1,0,1,1.9035989046096802,5.815086364746094,0,0,2010
24,218,24d218,Bac Giang,Northern Midlands and Mountains,1,0,0,3.333275318145752,4.280049800872803,0,0,2010
24,216,24d216,Bac Giang,Northern Midlands and Mountains,1,0,1,2.222459077835083,5.3171000480651855,0,0,2010
24,221,24d221,Bac Giang,Northern Midlands and Mountains,1,0,1,2.02683162689209,5.304228782653809,0,0,2010
24,223,24d223,Bac Giang,Northern Midlands and Mountains,1,0,0,2.810004949569702,5.314145565032959,0,0,2010
24,215,24d215,Bac Giang,Northern Midlands and Mountains,0,1,0,3.399195432662964,4.015377521514893,0,0,2010
25,240,25d240,Phu Tho,Northern Midlands and Mountains,0,0,0,3.8066625595092773,3.2817463874816895,0,0,2010
25,235,25d235,Phu Tho,Northern Midlands and Mountains,1,0,0,2.1029138565063477,4.857433795928955,0,0,2010
25,227,25d227,Phu Tho,Northern Midlands and Mountains,1,1,1,1.7474591732025146,5.925764083862305,0,0,2010
25,235,25d235,Phu Tho,Northern Midlands and Mountains,1,0,0,2.0001277923583984,5.605264663696289,0,0,2010
25,235,25d235,Phu Tho,Northern Midlands and Mountains,1,0,0,2.2353763580322266,5.009565353393555,0,0,2010
25,239,25d239,Phu Tho,Northern Midlands and Mountains,1,0,1,1.4469189643859863,5.591864585876465,0,0,2010
25,234,25d234,Phu Tho,Northern Midlands and Mountains,1,0,0,3.2850379943847656,4.344451904296875,0,0,2010
25,227,25d227,Phu Tho,Northern Midlands and Mountains,1,0,1,2.0668628215789795,5.44027853012085,0,0,2010
25,233,25d233,Phu Tho,Northern Midlands and Mountains,1,0,0,2.404238700866699,4.645884037017822,0,0,2010
25,233,25d233,Phu Tho,Northern Midlands and Mountains,1,0,0,1.8405497074127197,5.1216936111450195,0,0,2010
25,230,25d230,Phu Tho,Northern Midlands and Mountains,1,0,0,2.3025851249694824,4.48975944519043,0,0,2010
25,236,25d236,Phu Tho,Northern Midlands and Mountains,1,0,0,1.4861396551132202,5.474207878112793,0,0,2010
25,230,25d230,Phu Tho,Northern Midlands and Mountains,1,0,0,2.375835657119751,4.416508674621582,0,0,2010
25,232,25d232,Phu Tho,Northern Midlands and Mountains,1,0,0,1.974081039428711,5.361553192138672,0,0,2010
25,232,25d232,Phu Tho,Northern Midlands and Mountains,1,0,0,2.100468873977661,5.197976112365723,0,0,2010
25,231,25d231,Phu Tho,Northern Midlands and Mountains,1,0,0,1.667706847190857,4.940293788909912,0,0,2010
25,231,25d231,Phu Tho,Northern Midlands and Mountains,1,0,0,3.0587069988250732,3.341550350189209,0,0,2010
25,230,25d230,Phu Tho,Northern Midlands and Mountains,1,0,0,2.670694351196289,4.274356842041016,0,0,2010
25,237,25d237,Phu Tho,Northern Midlands and Mountains,1,0,1,1.6752257347106934,5.088659286499023,0,0,2010
25,239,25d239,Phu Tho,Northern Midlands and Mountains,1,0,0,3.168003559112549,4.832345962524414,0,0,2010
25,232,25d232,Phu Tho,Northern Midlands and Mountains,1,0,0,2.4857397079467773,4.8813371658325195,0,0,2010
25,236,25d236,Phu Tho,Northern Midlands and Mountains,1,0,0,2.264883279800415,4.24239444732666,0,0,2010
25,232,25d232,Phu Tho,Northern Midlands and Mountains,1,0,0,2.172476291656494,4.558541774749756,0,0,2010
25,236,25d236,Phu Tho,Northern Midlands and Mountains,1,0,0,2.8332133293151855,4.0904154777526855,0,0,2010
25,238,25d238,Phu Tho,Northern Midlands and Mountains,1,0,0,2.8936994075775146,4.340477466583252,0,0,2010
25,238,25d238,Phu Tho,Northern Midlands and Mountains,1,0,0,3.452207326889038,3.327714681625366,0,0,2010
25,240,25d240,Phu Tho,Northern Midlands and Mountains,1,0,0,3.3098127841949463,4.117926120758057,0,0,2010
25,230,25d230,Phu Tho,Northern Midlands and Mountains,0,0,0,2.6173958778381348,4.740797996520996,0,0,2010
25,238,25d238,Phu Tho,Northern Midlands and Mountains,1,0,0,3.881563901901245,4.061153888702393,0,0,2010
25,235,25d235,Phu Tho,Northern Midlands and Mountains,1,0,0,2.7725887298583984,4.383587837219238,0,0,2010
25,240,25d240,Phu Tho,Northern Midlands and Mountains,1,1,0,3.643097162246704,3.8339412212371826,0,0,2010
25,228,25d228,Phu Tho,Northern Midlands and Mountains,1,0,0,2.387845039367676,5.4417853355407715,0,0,2010
25,234,25d234,Phu Tho,Northern Midlands and Mountains,0,0,0,3.219275712966919,4.057280540466309,0,0,2010
25,238,25d238,Phu Tho,Northern Midlands and Mountains,1,0,0,3.498929023742676,3.8586273193359375,0,0,2010
25,231,25d231,Phu Tho,Northern Midlands and Mountains,1,0,0,1.1817271709442139,4.718170166015625,0,0,2010
25,234,25d234,Phu Tho,Northern Midlands and Mountains,1,0,0,2.3813962936401367,4.809279918670654,0,0,2010
25,233,25d233,Phu Tho,Northern Midlands and Mountains,1,0,0,1.8115620613098145,4.955780982971191,0,0,2010
25,237,25d237,Phu Tho,Northern Midlands and Mountains,1,0,1,2.3282527923583984,5.350998401641846,0,0,2010
25,239,25d239,Phu Tho,Northern Midlands and Mountains,1,0,0,2.0149030685424805,4.826712608337402,0,0,2010
25,237,25d237,Phu Tho,Northern Midlands and Mountains,1,0,0,1.8115620613098145,5.347729682922363,0,0,2010
25,235,25d235,Phu Tho,Northern Midlands and Mountains,1,0,0,1.6292405128479004,5.210236072540283,0,0,2010
25,232,25d232,Phu Tho,Northern Midlands and Mountains,1,0,0,1.3056265115737915,5.525247573852539,0,0,2010
26,253,26d253,Vinh Phuc,Red River Delta,1,0,0,2.8791983127593994,4.727685928344727,0,1,2010
26,246,26d246,Vinh Phuc,Red River Delta,1,0,0,2.611539363861084,5.10625696182251,0,1,2010
26,253,26d253,Vinh Phuc,Red River Delta,1,0,1,3.0506937503814697,4.249103546142578,0,1,2010
26,253,26d253,Vinh Phuc,Red River Delta,1,0,0,2.604170083999634,4.477538585662842,0,1,2010
26,246,26d246,Vinh Phuc,Red River Delta,1,0,0,1.7681496143341064,5.8584208488464355,0,1,2010
26,252,26d252,Vinh Phuc,Red River Delta,1,0,1,0.832909107208252,5.9860148429870605,0,1,2010
26,243,26d243,Vinh Phuc,Red River Delta,1,0,0,2.012232780456543,5.516636371612549,0,0,2010
26,253,26d253,Vinh Phuc,Red River Delta,1,0,0,2.468099594116211,5.1302995681762695,0,1,2010
26,246,26d246,Vinh Phuc,Red River Delta,1,0,0,2.030776262283325,4.985833168029785,0,1,2010
26,251,26d251,Vinh Phuc,Red River Delta,1,0,1,1.8357763290405273,5.744412899017334,0,1,2010
26,247,26d247,Vinh Phuc,Red River Delta,1,0,0,1.9919755458831787,5.536893844604492,0,1,2010
26,246,26d246,Vinh Phuc,Red River Delta,1,0,0,1.6292405128479004,5.388265609741211,0,1,2010
26,251,26d251,Vinh Phuc,Red River Delta,1,0,1,1.9615023136138916,5.834555625915527,0,1,2010
26,248,26d248,Vinh Phuc,Red River Delta,1,0,0,3.540959358215332,4.20620584487915,0,1,2010
26,244,26d244,Vinh Phuc,Red River Delta,1,0,0,2.451005220413208,5.232858657836914,0,0,2010
26,249,26d249,Vinh Phuc,Red River Delta,1,0,0,2.0630581378936768,5.191826820373535,0,1,2010
26,251,26d251,Vinh Phuc,Red River Delta,1,0,1,1.945910096168518,5.582421779632568,0,1,2010
26,248,26d248,Vinh Phuc,Red River Delta,1,1,1,4.251205921173096,3.796623468399048,0,1,2010
26,247,26d247,Vinh Phuc,Red River Delta,1,0,0,2.059238910675049,5.7916436195373535,0,1,2010
26,252,26d252,Vinh Phuc,Red River Delta,1,0,1,1.184790015220642,5.981475830078125,0,1,2010
26,252,26d252,Vinh Phuc,Red River Delta,1,0,1,1.650579810142517,5.895866394042969,0,1,2010
26,249,26d249,Vinh Phuc,Red River Delta,1,0,0,2.2512917518615723,5.775531768798828,0,1,2010
26,253,26d253,Vinh Phuc,Red River Delta,1,0,1,2.0014801025390625,5.221086025238037,0,1,2010
26,252,26d252,Vinh Phuc,Red River Delta,1,0,1,1.7047480344772339,6.019256591796875,0,1,2010
26,251,26d251,Vinh Phuc,Red River Delta,1,0,1,2.1938858032226562,5.641693592071533,0,1,2010
26,247,26d247,Vinh Phuc,Red River Delta,1,0,0,2.7013611793518066,5.114249229431152,0,1,2010
26,252,26d252,Vinh Phuc,Red River Delta,1,0,1,1.785070538520813,5.940701007843018,0,1,2010
26,246,26d246,Vinh Phuc,Red River Delta,1,0,0,2.2894997596740723,5.129880905151367,0,1,2010
26,248,26d248,Vinh Phuc,Red River Delta,1,0,0,2.314513683319092,5.334702491760254,0,1,2010
26,251,26d251,Vinh Phuc,Red River Delta,1,0,1,1.3737156391143799,5.972294807434082,0,1,2010
26,249,26d249,Vinh Phuc,Red River Delta,1,0,0,2.4159138202667236,5.380144119262695,0,1,2010
26,252,26d252,Vinh Phuc,Red River Delta,1,0,1,1.2089602947235107,5.929906845092773,0,1,2010
26,251,26d251,Vinh Phuc,Red River Delta,1,0,1,2.212660312652588,5.854175090789795,0,1,2010
27,262,27d262,Bac Ninh,Red River Delta,1,0,1,1.713797926902771,5.841584205627441,0,0,2010
27,262,27d262,Bac Ninh,Red River Delta,1,0,1,2.1126346588134766,5.579935073852539,0,0,2010
27,262,27d262,Bac Ninh,Red River Delta,1,0,1,2.2638442516326904,5.700311660766602,0,0,2010
27,259,27d259,Bac Ninh,Red River Delta,1,0,1,1.6213665008544922,5.5495219230651855,0,0,2010
27,262,27d262,Bac Ninh,Red River Delta,1,0,1,1.8050047159194946,6.205687046051025,0,0,2010
27,262,27d262,Bac Ninh,Red River Delta,1,0,1,2.269028425216675,5.356566905975342,0,0,2010
27,260,27d260,Bac Ninh,Red River Delta,1,0,1,1.4929040670394897,5.985265731811523,0,0,2010
27,258,27d258,Bac Ninh,Red River Delta,1,0,1,2.156402587890625,5.706863880157471,0,0,2010
27,264,27d264,Bac Ninh,Red River Delta,1,0,0,2.3105533123016357,5.774933338165283,0,0,2010
27,260,27d260,Bac Ninh,Red River Delta,1,0,1,1.6992785930633545,5.554899215698242,0,0,2010
27,260,27d260,Bac Ninh,Red River Delta,1,0,1,2.360854148864746,5.754666805267334,0,0,2010
27,263,27d263,Bac Ninh,Red River Delta,1,0,0,2.4336133003234863,4.866859436035156,0,0,2010
27,263,27d263,Bac Ninh,Red River Delta,1,0,1,1.8468787670135498,5.676062107086182,0,0,2010
27,260,27d260,Bac Ninh,Red River Delta,1,0,1,1.9878743886947632,6.023149013519287,0,0,2010
27,264,27d264,Bac Ninh,Red River Delta,1,0,0,2.2027647495269775,5.653167247772217,0,0,2010
27,258,27d258,Bac Ninh,Red River Delta,1,0,1,1.4445632696151733,6.210353851318359,0,0,2010
27,260,27d260,Bac Ninh,Red River Delta,1,0,1,2.4973292350769043,5.743055820465088,0,0,2010
27,258,27d258,Bac Ninh,Red River Delta,1,0,1,1.7917594909667969,5.6264214515686035,0,0,2010
27,256,27d256,Bac Ninh,Red River Delta,1,0,1,1.7047480344772339,6.082633972167969,0,0,2010
27,259,27d259,Bac Ninh,Red River Delta,1,0,1,1.6900957822799683,5.437597751617432,0,0,2010
27,259,27d259,Bac Ninh,Red River Delta,1,0,0,2.23964524269104,5.551050662994385,0,0,2010
27,259,27d259,Bac Ninh,Red River Delta,1,0,0,2.1234583854675293,5.739808082580566,0,0,2010
27,258,27d258,Bac Ninh,Red River Delta,1,0,1,2.1029138565063477,5.797352313995361,0,0,2010
27,259,27d259,Bac Ninh,Red River Delta,1,0,0,2.1016921997070312,4.9397196769714355,0,0,2010
27,258,27d258,Bac Ninh,Red River Delta,1,0,1,1.8453001976013184,5.762578010559082,0,0,2010
27,264,27d264,Bac Ninh,Red River Delta,1,0,0,1.6695917844772339,5.81196403503418,0,0,2010
27,261,27d261,Bac Ninh,Red River Delta,1,0,1,1.7173950672149658,6.4298930168151855,0,0,2010
27,264,27d264,Bac Ninh,Red River Delta,1,0,0,1.5539251565933228,5.560030937194824,0,0,2010
27,256,27d256,Bac Ninh,Red River Delta,1,0,1,2.006870746612549,5.749324321746826,0,0,2010
27,261,27d261,Bac Ninh,Red River Delta,1,0,1,1.2470322847366333,6.603460788726807,0,0,2010
27,258,27d258,Bac Ninh,Red River Delta,1,0,1,1.7119945287704468,5.996416091918945,0,0,2010
27,263,27d263,Bac Ninh,Red River Delta,1,0,1,1.9558604955673218,5.551280498504639,0,0,2010
27,263,27d263,Bac Ninh,Red River Delta,1,0,1,1.8562979698181152,5.65413236618042,0,0,2010
27,259,27d259,Bac Ninh,Red River Delta,1,0,1,2.3105533123016357,5.351444244384766,0,0,2010
27,262,27d262,Bac Ninh,Red River Delta,1,0,1,1.8261609077453613,5.737039566040039,0,0,2010
30,296,30d296,Hai Duong,Red River Delta,1,0,0,1.916922688484192,5.325875282287598,0,0,2010
30,298,30d298,Hai Duong,Red River Delta,1,0,0,2.08815336227417,5.66889762878418,0,0,2010
30,292,30d292,Hai Duong,Red River Delta,1,0,0,1.9125010967254639,5.628651142120361,0,0,2010
30,296,30d296,Hai Duong,Red River Delta,1,0,0,2.098017930984497,5.47499942779541,0,0,2010
30,293,30d293,Hai Duong,Red River Delta,1,0,0,1.5411590337753296,6.004230499267578,0,0,2010
30,294,30d294,Hai Duong,Red River Delta,1,0,0,2.1041340827941895,5.614995956420898,0,0,2010
30,293,30d293,Hai Duong,Red River Delta,1,0,0,1.915450930595398,5.945505619049072,0,0,2010
30,292,30d292,Hai Duong,Red River Delta,1,0,0,2.060513496398926,5.740877628326416,0,0,2010
30,298,30d298,Hai Duong,Red River Delta,1,0,1,1.974081039428711,5.825262546539307,0,0,2010
30,296,30d296,Hai Duong,Red River Delta,1,0,0,1.9473377466201782,5.6674675941467285,0,0,2010
30,299,30d299,Hai Duong,Red River Delta,1,0,1,1.7155981063842773,5.454521656036377,0,0,2010
30,290,30d290,Hai Duong,Red River Delta,1,0,0,2.439734935760498,4.752447128295898,0,0,2010
30,292,30d292,Hai Duong,Red River Delta,1,0,0,1.6154199838638306,5.568450927734375,0,0,2010
30,295,30d295,Hai Duong,Red River Delta,1,0,0,1.5727739334106445,6.2472639083862305,0,0,2010
30,300,30d300,Hai Duong,Red River Delta,1,0,0,1.6620303392410278,5.636414527893066,0,0,2010
30,298,30d298,Hai Duong,Red River Delta,0,0,0,2.5336968898773193,5.4803080558776855,0,0,2010
30,292,30d292,Hai Duong,Red River Delta,1,0,0,1.796747088432312,5.8438568115234375,0,0,2010
30,295,30d295,Hai Duong,Red River Delta,1,0,0,1.4374626874923706,5.685403823852539,0,0,2010
30,298,30d298,Hai Duong,Red River Delta,1,0,1,1.9878743886947632,6.059635162353516,0,0,2010
30,294,30d294,Hai Duong,Red River Delta,1,1,0,2.204972267150879,5.803060531616211,0,0,2010
30,299,30d299,Hai Duong,Red River Delta,1,0,1,1.6826883554458618,5.456178665161133,0,0,2010
30,291,30d291,Hai Duong,Red River Delta,1,0,0,1.5238800048828125,5.697225093841553,0,0,2010
30,295,30d295,Hai Duong,Red River Delta,1,0,1,2.0014801025390625,5.679618835449219,0,0,2010
30,293,30d293,Hai Duong,Red River Delta,1,0,0,2.2491843700408936,5.536536693572998,0,0,2010
30,292,30d292,Hai Duong,Red River Delta,1,0,0,2.4932055473327637,5.115169048309326,0,0,2010
30,298,30d298,Hai Duong,Red River Delta,1,0,0,2.180417537689209,5.746906757354736,0,0,2010
30,298,30d298,Hai Duong,Red River Delta,1,1,0,1.915450930595398,5.5845255851745605,0,0,2010
30,300,30d300,Hai Duong,Red River Delta,1,0,0,2.261763095855713,5.5404462814331055,0,0,2010
30,294,30d294,Hai Duong,Red River Delta,1,0,0,1.945910096168518,6.007408142089844,0,0,2010
30,291,30d291,Hai Duong,Red River Delta,1,0,0,2.3951642513275146,5.511383056640625,0,0,2010
30,288,30d288,Hai Duong,Red River Delta,1,0,0,0.9631742835044861,5.718934535980225,0,0,2010
30,290,30d290,Hai Duong,Red River Delta,1,0,0,2.660259485244751,5.137853145599365,0,0,2010
30,300,30d300,Hai Duong,Red River Delta,1,1,0,2.215937376022339,5.730326175689697,0,0,2010
30,291,30d291,Hai Duong,Red River Delta,1,0,0,1.8976198434829712,5.616634845733643,0,0,2010
30,300,30d300,Hai Duong,Red River Delta,1,0,0,1.927164077758789,5.704267501831055,0,0,2010
30,297,30d297,Hai Duong,Red River Delta,1,0,0,1.5933085680007935,6.159885883331299,0,0,2010
30,297,30d297,Hai Duong,Red River Delta,1,0,0,1.50629723072052,5.985905647277832,0,0,2010
30,295,30d295,Hai Duong,Red River Delta,1,0,0,1.5260562896728516,6.034024238586426,0,0,2010
30,299,30d299,Hai Duong,Red River Delta,1,0,1,1.722766637802124,5.859462738037109,0,0,2010
30,290,30d290,Hai Duong,Red River Delta,1,0,0,2.3025851249694824,5.319589614868164,0,0,2010
30,294,30d294,Hai Duong,Red River Delta,1,0,1,2.360854148864746,5.699370384216309,0,0,2010
30,297,30d297,Hai Duong,Red River Delta,1,0,0,1.2864739894866943,5.767111778259277,0,0,2010
30,291,30d291,Hai Duong,Red River Delta,1,0,0,1.8389610052108765,5.985884666442871,0,0,2010
30,297,30d297,Hai Duong,Red River Delta,1,0,0,2.23964524269104,5.593955039978027,0,0,2010
30,297,30d297,Hai Duong,Red River Delta,1,0,0,1.6351057291030884,6.081355094909668,0,0,2010
30,299,30d299,Hai Duong,Red River Delta,1,0,1,1.9021074771881104,5.667304515838623,0,0,2010
30,293,30d293,Hai Duong,Red River Delta,1,0,0,1.0647107362747192,5.935623645782471,0,0,2010
30,294,30d294,Hai Duong,Red River Delta,1,0,1,2.0668628215789795,5.523989200592041,0,0,2010
31,316,31d316,Hai Phong,Red River Delta,1,0,0,1.8531681299209595,5.711070537567139,1,1,2010
31,312,31d312,Hai Phong,Red River Delta,1,0,0,1.8562979698181152,6.028655052185059,1,1,2010
31,313,31d313,Hai Phong,Red River Delta,1,0,0,1.8916047811508179,5.870565891265869,1,1,2010
31,316,31d316,Hai Phong,Red River Delta,1,0,0,1.4678744077682495,6.076986789703369,1,1,2010
31,315,31d315,Hai Phong,Red River Delta,1,0,0,1.383791208267212,5.294550895690918,1,1,2010
31,314,31d314,Hai Phong,Red River Delta,1,0,0,1.9657127857208252,5.808302402496338,1,1,2010
31,316,31d316,Hai Phong,Red River Delta,1,0,0,1.7404661178588867,5.971977710723877,1,1,2010
31,314,31d314,Hai Phong,Red River Delta,1,0,0,1.3137236833572388,6.251551628112793,1,1,2010
31,311,31d311,Hai Phong,Red River Delta,1,0,0,1.5727739334106445,6.265174865722656,1,1,2010
31,311,31d311,Hai Phong,Red River Delta,1,0,0,2.4114394187927246,5.533052921295166,1,1,2010
31,316,31d316,Hai Phong,Red River Delta,1,0,0,1.6233408451080322,5.594102382659912,1,1,2010
31,313,31d313,Hai Phong,Red River Delta,1,0,0,1.724550724029541,5.861745357513428,1,1,2010
31,311,31d311,Hai Phong,Red River Delta,1,0,0,1.6601310968399048,6.21194314956665,1,1,2010
31,312,31d312,Hai Phong,Red River Delta,1,0,0,2.2512917518615723,5.767004489898682,1,1,2010
31,311,31d311,Hai Phong,Red River Delta,1,0,0,1.3635374307632446,5.90677547454834,1,1,2010
31,311,31d311,Hai Phong,Red River Delta,1,0,0,1.425515055656433,6.162808895111084,1,1,2010
31,311,31d311,Hai Phong,Red River Delta,1,0,0,1.801709771156311,6.09372615814209,1,1,2010
31,315,31d315,Hai Phong,Red River Delta,0,0,0,2.524127244949341,5.372053146362305,1,1,2010
31,315,31d315,Hai Phong,Red River Delta,1,0,0,2.267993688583374,5.555652141571045,1,1,2010
31,312,31d312,Hai Phong,Red River Delta,1,0,0,1.8656293153762817,5.922167778015137,1,1,2010
31,315,31d315,Hai Phong,Red River Delta,1,0,0,2.561095714569092,5.31743860244751,1,1,2010
31,311,31d311,Hai Phong,Red River Delta,1,0,0,1.6770964860916138,6.142941474914551,1,1,2010
31,313,31d313,Hai Phong,Red River Delta,1,0,0,2.080690860748291,5.641543865203857,1,1,2010
31,317,31d317,Hai Phong,Red River Delta,1,0,0,0.5596157908439636,5.77543830871582,1,1,2010
31,311,31d311,Hai Phong,Red River Delta,1,0,0,1.8515994548797607,5.571371555328369,1,1,2010
31,314,31d314,Hai Phong,Red River Delta,1,0,0,2.110213279724121,5.753053665161133,1,1,2010
31,314,31d314,Hai Phong,Red River Delta,1,0,0,1.495148777961731,6.059709548950195,1,1,2010
31,316,31d316,Hai Phong,Red River Delta,1,0,0,1.3083328008651733,5.678233623504639,1,1,2010
31,312,31d312,Hai Phong,Red River Delta,1,0,0,1.9358597993850708,5.817763805389404,1,1,2010
31,311,31d311,Hai Phong,Red River Delta,1,0,0,1.736951231956482,6.081881046295166,1,1,2010
31,312,31d312,Hai Phong,Red River Delta,1,0,1,1.3635374307632446,6.418436050415039,1,1,2010
31,311,31d311,Hai Phong,Red River Delta,1,0,0,2.634044885635376,5.208626747131348,1,1,2010
31,315,31d315,Hai Phong,Red River Delta,1,0,0,2.9595868587493896,4.7338948249816895,1,1,2010
33,326,33d326,Hung Yen,Red River Delta,1,0,1,1.8148247003555298,6.071256637573242,0,0,2010
33,330,33d330,Hung Yen,Red River Delta,1,0,0,2.2115657329559326,5.8779168128967285,0,0,2010
33,333,33d333,Hung Yen,Red River Delta,1,0,0,1.785070538520813,5.469814300537109,0,0,2010
33,330,33d330,Hung Yen,Red River Delta,1,0,1,1.813194751739502,6.164087295532227,0,0,2010
33,327,33d327,Hung Yen,Red River Delta,1,0,1,1.1631507873535156,6.0069684982299805,0,0,2010
33,325,33d325,Hung Yen,Red River Delta,1,1,1,1.4973883628845215,6.18232536315918,0,0,2010
33,327,33d327,Hung Yen,Red River Delta,1,0,1,2.158714771270752,6.0285844802856445,0,0,2010
33,331,33d331,Hung Yen,Red River Delta,1,0,0,1.9823799133300781,6.136423110961914,0,0,2010
33,328,33d328,Hung Yen,Red River Delta,1,1,1,1.8779371976852417,5.993373870849609,0,0,2010
33,332,33d332,Hung Yen,Red River Delta,1,0,0,1.713797926902771,5.870466709136963,0,0,2010
33,330,33d330,Hung Yen,Red River Delta,0,0,1,1.2947272062301636,6.091743469238281,0,0,2010
33,331,33d331,Hung Yen,Red River Delta,1,0,0,1.1442228555679321,5.8330583572387695,0,0,2010
33,325,33d325,Hung Yen,Red River Delta,1,0,1,2.0831844806671143,5.744454860687256,0,0,2010
33,331,33d331,Hung Yen,Red River Delta,1,0,0,1.7298840284347534,5.730030536651611,0,0,2010
33,332,33d332,Hung Yen,Red River Delta,1,0,0,1.5581445693969727,5.890189170837402,0,0,2010
33,325,33d325,Hung Yen,Red River Delta,1,0,1,1.5644406080245972,6.113885879516602,0,0,2010
33,330,33d330,Hung Yen,Red River Delta,1,0,1,2.363680124282837,6.0110273361206055,0,0,2010
33,330,33d330,Hung Yen,Red River Delta,1,0,1,1.788420557975769,6.037224292755127,0,0,2010
33,329,33d329,Hung Yen,Red River Delta,1,1,0,1.9110229015350342,5.696358680725098,0,0,2010
33,333,33d333,Hung Yen,Red River Delta,1,0,0,1.9095425605773926,5.616097450256348,0,0,2010
33,330,33d330,Hung Yen,Red River Delta,1,0,1,1.3137236833572388,5.9676618576049805,0,0,2010
33,327,33d327,Hung Yen,Red River Delta,1,0,1,1.8718022108078003,5.915164947509766,0,0,2010
33,332,33d332,Hung Yen,Red River Delta,1,0,0,1.6826883554458618,5.776074409484863,0,0,2010
33,326,33d326,Hung Yen,Red River Delta,1,0,1,2.086913585662842,5.900270938873291,0,0,2010
33,329,33d329,Hung Yen,Red River Delta,1,0,0,1.8594181537628174,5.458457946777344,0,0,2010
33,323,33d323,Hung Yen,Red River Delta,1,0,0,1.688249111175537,5.914152145385742,0,0,2010
33,328,33d328,Hung Yen,Red River Delta,1,0,1,2.1471002101898193,5.758709907531738,0,0,2010
33,327,33d327,Hung Yen,Red River Delta,1,0,1,2.0476927757263184,5.385973930358887,0,0,2010
33,326,33d326,Hung Yen,Red River Delta,1,0,1,2.29455304145813,6.00274133682251,0,0,2010
33,328,33d328,Hung Yen,Red River Delta,1,0,1,1.4906543493270874,5.778265476226807,0,0,2010
33,329,33d329,Hung Yen,Red River Delta,1,0,0,1.5475624799728394,5.571263790130615,0,0,2010
33,327,33d327,Hung Yen,Red River Delta,1,0,1,1.808288812637329,5.96446418762207,0,0,2010
33,330,33d330,Hung Yen,Red River Delta,1,0,0,1.4586150646209717,5.978591442108154,0,0,2010
33,333,33d333,Hung Yen,Red River Delta,1,0,0,2.051556348800659,5.554831027984619,0,0,2010
33,330,33d330,Hung Yen,Red River Delta,1,0,0,1.6154199838638306,5.977954387664795,0,0,2010
33,323,33d323,Hung Yen,Red River Delta,1,0,0,2.1222615242004395,5.549565315246582,0,0,2010
33,329,33d329,Hung Yen,Red River Delta,1,0,0,1.8261609077453613,5.564637660980225,0,0,2010
33,331,33d331,Hung Yen,Red River Delta,1,0,0,1.8764070272445679,5.420006275177002,0,0,2010
33,326,33d326,Hung Yen,Red River Delta,1,0,1,1.4838746786117554,5.78155517578125,0,0,2010
33,329,33d329,Hung Yen,Red River Delta,1,0,0,2.051556348800659,5.550845146179199,0,0,2010
33,331,33d331,Hung Yen,Red River Delta,1,0,0,1.997417688369751,5.452661991119385,0,0,2010
33,332,33d332,Hung Yen,Red River Delta,1,0,0,1.8468787670135498,5.540830612182617,0,0,2010
33,332,33d332,Hung Yen,Red River Delta,1,0,0,0.9082585573196411,6.273333549499512,0,0,2010
34,338,34d338,Thai Binh,Red River Delta,1,0,0,1.4109869003295898,5.799831390380859,0,0,2010
34,339,34d339,Thai Binh,Red River Delta,0,0,0,1.8115620613098145,5.833357334136963,0,0,2010
34,344,34d344,Thai Binh,Red River Delta,1,0,0,2.2628042697906494,5.855700969696045,0,0,2010
34,342,34d342,Thai Binh,Red River Delta,1,0,0,1.7817091941833496,5.46108865737915,0,0,2010
34,344,34d344,Thai Binh,Red River Delta,0,1,0,2.219203472137451,5.7095627784729,0,0,2010
34,343,34d343,Thai Binh,Red River Delta,1,0,0,1.7509374618530273,5.774163246154785,0,0,2010
34,341,34d341,Thai Binh,Red River Delta,1,0,0,1.4838746786117554,5.620269298553467,0,0,2010
34,340,34d340,Thai Binh,Red River Delta,0,0,0,1.6695917844772339,5.836450576782227,0,0,2010
34,339,34d339,Thai Binh,Red River Delta,1,0,0,1.8484548330307007,5.754944801330566,0,0,2010
34,336,34d336,Thai Binh,Red River Delta,1,0,1,1.8261609077453613,5.919274806976318,0,0,2010
34,343,34d343,Thai Binh,Red River Delta,1,0,0,2.0992441177368164,5.573048114776611,0,0,2010
34,340,34d340,Thai Binh,Red River Delta,1,0,0,1.1568812131881714,5.952998161315918,0,0,2010
34,338,34d338,Thai Binh,Red River Delta,1,0,1,1.818076729774475,5.802628517150879,0,0,2010
34,343,34d343,Thai Binh,Red River Delta,1,0,0,1.8594181537628174,5.578965663909912,0,0,2010
34,340,34d340,Thai Binh,Red River Delta,1,0,1,1.401183009147644,5.79774808883667,0,0,2010
34,340,34d340,Thai Binh,Red River Delta,0,0,0,2.0668628215789795,5.545474052429199,0,0,2010
34,341,34d341,Thai Binh,Red River Delta,1,0,1,2.200552225112915,5.607770919799805,0,0,2010
34,344,34d344,Thai Binh,Red River Delta,1,0,1,1.974081039428711,5.8297624588012695,0,0,2010
34,339,34d339,Thai Binh,Red River Delta,0,0,0,2.1353492736816406,5.665223598480225,0,0,2010
34,339,34d339,Thai Binh,Red River Delta,1,0,0,1.5216989517211914,5.84727144241333,0,0,2010
34,342,34d342,Thai Binh,Red River Delta,1,0,0,1.7647308111190796,5.906164169311523,0,0,2010
34,342,34d342,Thai Binh,Red River Delta,1,0,0,1.371180772781372,5.776378631591797,0,0,2010
34,338,34d338,Thai Binh,Red River Delta,0,0,0,1.3787660598754883,5.863316059112549,0,0,2010
34,341,34d341,Thai Binh,Red River Delta,1,0,0,1.7191888093948364,5.760675430297852,0,0,2010
34,339,34d339,Thai Binh,Red River Delta,1,0,0,1.6094379425048828,5.840060234069824,0,0,2010
34,339,34d339,Thai Binh,Red River Delta,0,0,0,1.843719244003296,5.7616729736328125,0,0,2010
34,338,34d338,Thai Binh,Red River Delta,1,0,0,1.5260562896728516,5.8063130378723145,0,0,2010
34,341,34d341,Thai Binh,Red River Delta,1,0,1,1.5368672609329224,5.585999488830566,0,0,2010
34,343,34d343,Thai Binh,Red River Delta,1,0,0,1.6094379425048828,5.842384338378906,0,0,2010
34,340,34d340,Thai Binh,Red River Delta,1,0,0,1.2781522274017334,5.8519463539123535,0,0,2010
34,338,34d338,Thai Binh,Red River Delta,1,0,0,2.2854390144348145,5.845797538757324,0,0,2010
34,342,34d342,Thai Binh,Red River Delta,1,0,0,1.974081039428711,5.5407185554504395,0,0,2010
34,341,34d341,Thai Binh,Red River Delta,1,0,0,2.142416477203369,5.250846862792969,0,0,2010
34,344,34d344,Thai Binh,Red River Delta,0,1,0,1.4586150646209717,5.9027605056762695,0,0,2010
34,341,34d341,Thai Binh,Red River Delta,0,0,0,1.5347143411636353,5.685659408569336,0,0,2010
34,341,34d341,Thai Binh,Red River Delta,1,0,0,1.686398983001709,6.045093059539795,0,0,2010
34,342,34d342,Thai Binh,Red River Delta,1,0,0,1.5216989517211914,5.654555797576904,0,0,2010
34,340,34d340,Thai Binh,Red River Delta,1,0,0,1.50629723072052,6.115387916564941,0,0,2010
34,342,34d342,Thai Binh,Red River Delta,1,0,0,2.542389154434204,4.749948024749756,0,0,2010
34,340,34d340,Thai Binh,Red River Delta,0,0,0,1.9933388233184814,5.903957843780518,0,0,2010
34,343,34d343,Thai Binh,Red River Delta,1,0,0,2.221374988555908,5.770217418670654,0,0,2010
34,341,34d341,Thai Binh,Red River Delta,1,0,0,2.0281481742858887,5.6281890869140625,0,0,2010
34,340,34d340,Thai Binh,Red River Delta,0,0,0,1.82131826877594,5.882140636444092,0,0,2010
34,339,34d339,Thai Binh,Red River Delta,1,0,0,1.4883995056152344,6.077911376953125,0,0,2010
34,342,34d342,Thai Binh,Red River Delta,1,0,0,1.7984039783477783,5.651675701141357,0,0,2010
34,344,34d344,Thai Binh,Red River Delta,0,0,0,1.9315214157104492,NA,0,0,2010
34,341,34d341,Thai Binh,Red River Delta,1,0,1,1.9572738409042358,5.540487766265869,0,0,2010
34,343,34d343,Thai Binh,Red River Delta,1,0,0,1.1085625886917114,6.078338146209717,0,0,2010
34,344,34d344,Thai Binh,Red River Delta,1,0,1,2.022871255874634,5.779338359832764,0,0,2010
34,343,34d343,Thai Binh,Red River Delta,1,0,0,1.6331543922424316,5.9095892906188965,0,0,2010
34,338,34d338,Thai Binh,Red River Delta,1,0,1,1.8484548330307007,5.9471917152404785,0,0,2010
34,338,34d338,Thai Binh,Red River Delta,0,0,0,1.8148247003555298,5.951168537139893,0,0,2010
34,338,34d338,Thai Binh,Red River Delta,1,0,1,2.1282317638397217,5.8397417068481445,0,0,2010
34,336,34d336,Thai Binh,Red River Delta,1,0,1,2.010895013809204,5.961571216583252,0,0,2010
34,343,34d343,Thai Binh,Red River Delta,1,0,0,1.401183009147644,6.166679859161377,0,0,2010
34,344,34d344,Thai Binh,Red River Delta,1,0,0,2.022871255874634,5.987820148468018,0,0,2010
34,344,34d344,Thai Binh,Red River Delta,1,0,0,1.4586150646209717,5.943226337432861,0,0,2010
35,351,35d351,Ha Nam,Red River Delta,1,0,0,2.631169080734253,5.172674179077148,0,0,2010
35,352,35d352,Ha Nam,Red River Delta,1,0,0,2.032087802886963,5.473954200744629,0,0,2010
35,352,35d352,Ha Nam,Red River Delta,1,0,0,1.6714733839035034,5.204791069030762,0,0,2010
35,349,35d349,Ha Nam,Red River Delta,1,0,0,2.2321627140045166,5.941412925720215,0,0,2010
35,353,35d353,Ha Nam,Red River Delta,0,0,0,2.7173402309417725,5.321816921234131,0,0,2010
35,353,35d353,Ha Nam,Red River Delta,0,0,0,1.7732559442520142,5.323465347290039,0,0,2010
35,350,35d350,Ha Nam,Red River Delta,1,0,0,3.4275145530700684,4.7125091552734375,0,0,2010
35,353,35d353,Ha Nam,Red River Delta,0,0,0,1.6601310968399048,6.1615118980407715,0,0,2010
35,347,35d347,Ha Nam,Red River Delta,1,0,0,1.7316555976867676,6.194585800170898,0,0,2010
35,353,35d353,Ha Nam,Red River Delta,1,0,0,2.3331143856048584,5.519324779510498,0,0,2010
35,349,35d349,Ha Nam,Red River Delta,1,0,0,1.5789786577224731,5.679433345794678,0,0,2010
35,350,35d350,Ha Nam,Red River Delta,1,0,0,1.7387102842330933,5.986177921295166,0,0,2010
35,350,35d350,Ha Nam,Red River Delta,1,0,0,1.3110319375991821,5.892373561859131,0,0,2010
35,352,35d352,Ha Nam,Red River Delta,1,0,0,1.932969570159912,5.364798545837402,0,0,2010
35,349,35d349,Ha Nam,Red River Delta,1,0,0,2.018895149230957,5.3042755126953125,0,0,2010
35,347,35d347,Ha Nam,Red River Delta,1,0,0,1.1184148788452148,6.374902248382568,0,0,2010
35,351,35d351,Ha Nam,Red River Delta,0,0,0,1.6808278560638428,5.675451755523682,0,0,2010
35,351,35d351,Ha Nam,Red River Delta,1,0,0,2.40964412689209,5.3512492179870605,0,0,2010
35,352,35d352,Ha Nam,Red River Delta,1,0,0,2.0744290351867676,5.556517601013184,0,0,2010
35,353,35d353,Ha Nam,Red River Delta,0,0,0,1.6486586332321167,5.908814430236816,0,0,2010
35,349,35d349,Ha Nam,Red River Delta,1,0,0,1.967112421989441,5.69205904006958,0,0,2010
35,350,35d350,Ha Nam,Red River Delta,1,0,0,1.8148247003555298,5.617067337036133,0,0,2010
35,350,35d350,Ha Nam,Red River Delta,1,0,0,1.371180772781372,5.9977898597717285,0,0,2010
35,352,35d352,Ha Nam,Red River Delta,1,0,0,1.9643112421035767,5.772432327270508,0,0,2010
35,353,35d353,Ha Nam,Red River Delta,1,0,0,2.1150500774383545,6.208558559417725,0,0,2010
35,350,35d350,Ha Nam,Red River Delta,1,0,0,2.2082743644714355,5.670259475708008,0,0,2010
35,353,35d353,Ha Nam,Red River Delta,1,0,0,1.919859528541565,5.478314399719238,0,0,2010
35,353,35d353,Ha Nam,Red River Delta,1,0,0,1.8764070272445679,5.511302471160889,0,0,2010
35,352,35d352,Ha Nam,Red River Delta,1,0,0,1.8373700380325317,5.937065601348877,0,0,2010
35,351,35d351,Ha Nam,Red River Delta,1,0,0,2.794839382171631,4.800045013427734,0,0,2010
35,349,35d349,Ha Nam,Red River Delta,1,0,0,1.9878743886947632,5.677410125732422,0,0,2010
35,353,35d353,Ha Nam,Red River Delta,1,0,0,2.08815336227417,5.891870021820068,0,0,2010
35,351,35d351,Ha Nam,Red River Delta,0,0,0,3.1333179473876953,4.767689228057861,0,0,2010
35,352,35d352,Ha Nam,Red River Delta,1,0,0,2.3795461654663086,5.38814115524292,0,0,2010
35,351,35d351,Ha Nam,Red River Delta,1,0,0,1.82131826877594,5.557065486907959,0,0,2010
35,353,35d353,Ha Nam,Red River Delta,1,0,0,1.8885836601257324,5.191442966461182,0,0,2010
35,351,35d351,Ha Nam,Red River Delta,1,0,0,1.5390154123306274,6.069358825683594,0,0,2010
36,364,36d364,Nam Dinh,Red River Delta,1,0,0,1.7783364057540894,6.2448883056640625,0,1,2010
36,365,36d365,Nam Dinh,Red River Delta,1,0,0,1.8468787670135498,5.825413703918457,0,1,2010
36,365,36d365,Nam Dinh,Red River Delta,1,0,0,2.1494338512420654,6.37869930267334,0,1,2010
36,366,36d366,Nam Dinh,Red River Delta,0,0,0,1.8373700380325317,5.639102458953857,0,1,2010
36,363,36d363,Nam Dinh,Red River Delta,0,0,1,2.1090002059936523,6.0348076820373535,0,1,2010
36,359,36d359,Nam Dinh,Red River Delta,1,0,1,2.2235419750213623,5.683741569519043,0,1,2010
36,365,36d365,Nam Dinh,Red River Delta,1,0,0,1.5581445693969727,6.214608192443848,0,1,2010
36,366,36d366,Nam Dinh,Red River Delta,0,0,1,1.971299409866333,6.214608192443848,0,1,2010
36,362,36d362,Nam Dinh,Red River Delta,1,0,0,1.4469189643859863,6.132248878479004,0,1,2010
36,364,36d364,Nam Dinh,Red River Delta,1,0,1,1.2584609985351562,6.693802356719971,0,1,2010
36,362,36d362,Nam Dinh,Red River Delta,1,0,0,2.3933393955230713,5.7056074142456055,0,1,2010
36,359,36d359,Nam Dinh,Red River Delta,1,0,0,2.3194422721862793,5.426858425140381,0,1,2010
36,361,36d361,Nam Dinh,Red River Delta,1,0,0,2.021547555923462,5.806091785430908,0,1,2010
36,360,36d360,Nam Dinh,Red River Delta,1,1,0,2.1222615242004395,5.804340839385986,0,1,2010
36,360,36d360,Nam Dinh,Red River Delta,1,1,0,2.0918641090393066,5.751984596252441,0,1,2010
36,362,36d362,Nam Dinh,Red River Delta,1,0,0,1.7578579187393188,5.842043876647949,0,1,2010
36,362,36d362,Nam Dinh,Red River Delta,1,0,0,2.2082743644714355,5.899445533752441,0,1,2010
36,360,36d360,Nam Dinh,Red River Delta,1,0,0,2.3721110820770264,5.654385566711426,0,1,2010
36,365,36d365,Nam Dinh,Red River Delta,1,0,0,1.9516081809997559,5.896544933319092,0,1,2010
36,362,36d362,Nam Dinh,Red River Delta,1,0,1,2.2512917518615723,5.898021221160889,0,1,2010
36,366,36d366,Nam Dinh,Red River Delta,1,0,0,2.1747517585754395,5.507730484008789,0,1,2010
36,366,36d366,Nam Dinh,Red River Delta,1,0,0,2.3523271083831787,5.8413496017456055,0,1,2010
36,365,36d365,Nam Dinh,Red River Delta,1,0,0,2.28340220451355,5.808225154876709,0,1,2010
36,363,36d363,Nam Dinh,Red River Delta,0,0,1,1.6900957822799683,5.814846038818359,0,1,2010
36,364,36d364,Nam Dinh,Red River Delta,1,0,0,1.5706970691680908,5.919832229614258,0,1,2010
36,366,36d366,Nam Dinh,Red River Delta,1,0,0,1.8148247003555298,5.6276679039001465,0,1,2010
36,361,36d361,Nam Dinh,Red River Delta,1,0,1,1.656321406364441,5.796660900115967,0,1,2010
36,360,36d360,Nam Dinh,Red River Delta,0,0,0,2.301584482192993,5.234779357910156,0,1,2010
36,361,36d361,Nam Dinh,Red River Delta,1,0,0,2.4176979064941406,5.1842041015625,0,1,2010
36,360,36d360,Nam Dinh,Red River Delta,1,0,0,2.1747517585754395,5.334583282470703,0,1,2010
36,366,36d366,Nam Dinh,Red River Delta,0,0,1,2.0149030685424805,5.914943218231201,0,1,2010
36,360,36d360,Nam Dinh,Red River Delta,1,0,0,2.0668628215789795,5.369754314422607,0,1,2010
36,360,36d360,Nam Dinh,Red River Delta,1,1,0,2.2027647495269775,5.928765773773193,0,1,2010
36,363,36d363,Nam Dinh,Red River Delta,0,0,1,2.2575876712799072,6.186819553375244,0,1,2010
36,360,36d360,Nam Dinh,Red River Delta,1,1,0,1.9358597993850708,5.910338878631592,0,1,2010
36,365,36d365,Nam Dinh,Red River Delta,1,0,0,2.032087802886963,5.838841915130615,0,1,2010
36,366,36d366,Nam Dinh,Red River Delta,1,0,1,1.9242486953735352,6.41405725479126,0,1,2010
36,363,36d363,Nam Dinh,Red River Delta,1,0,1,2.1126346588134766,5.799788475036621,0,1,2010
36,364,36d364,Nam Dinh,Red River Delta,1,0,0,1.9572738409042358,6.047425746917725,0,1,2010
36,356,36d356,Nam Dinh,Red River Delta,1,0,1,1.8855533599853516,5.866352081298828,0,0,2010
36,361,36d361,Nam Dinh,Red River Delta,1,0,1,1.9810014963150024,5.902444839477539,0,1,2010
36,364,36d364,Nam Dinh,Red River Delta,1,0,0,1.6311994791030884,6.18400764465332,0,1,2010
36,356,36d356,Nam Dinh,Red River Delta,1,0,1,1.1724821329116821,6.295460224151611,0,0,2010
36,362,36d362,Nam Dinh,Red River Delta,1,0,0,1.2809338569641113,5.963293552398682,0,1,2010
36,358,36d358,Nam Dinh,Red River Delta,1,0,1,1.7544037103652954,5.911818027496338,0,1,2010
36,366,36d366,Nam Dinh,Red River Delta,1,0,0,1.599387526512146,6.070107936859131,0,1,2010
36,361,36d361,Nam Dinh,Red River Delta,0,0,1,2.016235589981079,5.623406887054443,0,1,2010
36,363,36d363,Nam Dinh,Red River Delta,0,0,1,1.788420557975769,5.617682933807373,0,1,2010
36,364,36d364,Nam Dinh,Red River Delta,1,0,0,1.7783364057540894,5.664156436920166,0,1,2010
36,363,36d363,Nam Dinh,Red River Delta,0,0,1,2.141242027282715,6.005466938018799,0,1,2010
36,359,36d359,Nam Dinh,Red River Delta,1,0,0,2.1871743202209473,5.383784294128418,0,1,2010
36,359,36d359,Nam Dinh,Red River Delta,1,0,1,2.255493402481079,5.610845565795898,0,1,2010
36,360,36d360,Nam Dinh,Red River Delta,1,1,1,2.111424684524536,5.493469715118408,0,1,2010
37,377,37d377,Ninh Binh,Red River Delta,1,0,0,2.402430534362793,5.755799293518066,0,0,2010
37,376,37d376,Ninh Binh,Red River Delta,1,0,0,2.0281481742858887,5.653873443603516,0,0,2010
37,375,37d375,Ninh Binh,Red River Delta,1,0,0,2.054123640060425,5.496537685394287,0,0,2010
37,376,37d376,Ninh Binh,Red River Delta,1,0,0,1.495148777961731,5.696280479431152,0,0,2010
37,377,37d377,Ninh Binh,Red River Delta,1,0,0,2.030776262283325,5.511436939239502,0,0,2010
37,373,37d373,Ninh Binh,Red River Delta,1,0,0,3.0204248428344727,4.485617160797119,0,0,2010
37,373,37d373,Ninh Binh,Red River Delta,1,0,1,2.3887627124786377,4.983983516693115,0,0,2010
37,372,37d372,Ninh Binh,Red River Delta,1,0,1,1.786746859550476,5.401665687561035,0,0,2010
37,373,37d373,Ninh Binh,Red River Delta,1,0,0,1.7404661178588867,5.783555507659912,0,0,2010
37,372,37d372,Ninh Binh,Red River Delta,1,0,0,2.005525827407837,5.030622482299805,0,0,2010
37,376,37d376,Ninh Binh,Red River Delta,1,0,0,2.0992441177368164,5.340902328491211,0,0,2010
37,375,37d375,Ninh Binh,Red River Delta,1,0,0,1.8594181537628174,5.632227420806885,0,0,2010
37,376,37d376,Ninh Binh,Red River Delta,1,0,0,1.7715567350387573,5.66447114944458,0,0,2010
37,375,37d375,Ninh Binh,Red River Delta,1,0,0,1.7934248447418213,5.2213897705078125,0,0,2010
37,376,37d376,Ninh Binh,Red River Delta,1,0,0,1.2753627300262451,5.305276393890381,0,0,2010
37,372,37d372,Ninh Binh,Red River Delta,1,0,0,3.5151209831237793,3.9060564041137695,0,0,2010
37,377,37d377,Ninh Binh,Red River Delta,1,0,0,2.1713368892669678,5.537073612213135,0,0,2010
37,375,37d375,Ninh Binh,Red River Delta,1,0,0,1.9823799133300781,5.437000751495361,0,0,2010
37,372,37d372,Ninh Binh,Red River Delta,1,0,0,1.82131826877594,5.479829788208008,0,0,2010
37,372,37d372,Ninh Binh,Red River Delta,1,0,0,4.043051242828369,3.1787846088409424,0,0,2010
37,374,37d374,Ninh Binh,Red River Delta,1,0,0,1.9344158172607422,5.7649736404418945,0,0,2010
37,370,37d370,Ninh Binh,Red River Delta,1,0,0,2.7343673706054688,4.507714748382568,0,0,2010
37,377,37d377,Ninh Binh,Red River Delta,1,0,0,2.264883279800415,5.156294345855713,0,0,2010
38,400,38d400,Thanh Hoa,North and South Central Coast,1,0,0,1.5368672609329224,5.649277210235596,0,0,2010
38,397,38d397,Thanh Hoa,North and South Central Coast,1,0,1,1.786746859550476,5.67374324798584,0,0,2010
38,391,38d391,Thanh Hoa,North and South Central Coast,0,0,0,3.1450140476226807,4.154107570648193,0,0,2010
38,400,38d400,Thanh Hoa,North and South Central Coast,1,0,0,1.5518087148666382,5.66710090637207,0,0,2010
38,390,38d390,Thanh Hoa,North and South Central Coast,1,0,0,1.7173950672149658,4.4729204177856445,0,0,2010
38,397,38d397,Thanh Hoa,North and South Central Coast,1,0,1,1.2612978219985962,5.872796058654785,0,0,2010
38,392,38d392,Thanh Hoa,North and South Central Coast,1,0,0,1.834180235862732,5.2262959480285645,0,0,2010
38,398,38d398,Thanh Hoa,North and South Central Coast,1,0,1,2.021547555923462,5.4728827476501465,0,0,2010
38,406,38d406,Thanh Hoa,North and South Central Coast,1,0,1,1.801709771156311,5.576673984527588,0,0,2010
38,407,38d407,Thanh Hoa,North and South Central Coast,1,0,1,1.925707459449768,5.367310047149658,0,0,2010
38,400,38d400,Thanh Hoa,North and South Central Coast,1,0,0,1.6733511686325073,6.174411296844482,0,0,2010
38,397,38d397,Thanh Hoa,North and South Central Coast,1,0,1,1.665818214416504,5.758347034454346,0,0,2010
38,404,38d404,Thanh Hoa,North and South Central Coast,1,0,1,2.468099594116211,4.996983051300049,0,0,2010
38,397,38d397,Thanh Hoa,North and South Central Coast,1,0,1,3.1830413341522217,4.711649417877197,0,0,2010
38,398,38d398,Thanh Hoa,North and South Central Coast,1,0,1,1.6389967203140259,5.454407691955566,0,0,2010
38,395,38d395,Thanh Hoa,North and South Central Coast,0,0,1,1.3937664031982422,5.864645481109619,0,0,2010
38,407,38d407,Thanh Hoa,North and South Central Coast,1,0,1,2.3850862979888916,4.699977874755859,0,0,2010
38,401,38d401,Thanh Hoa,North and South Central Coast,1,0,0,2.7278528213500977,4.74691915512085,0,0,2010
38,385,38d385,Thanh Hoa,North and South Central Coast,1,0,0,3.65558123588562,2.6020865440368652,0,0,2010
38,391,38d391,Thanh Hoa,North and South Central Coast,1,0,0,3.0140633583068848,4.272128582000732,0,0,2010
38,403,38d403,Thanh Hoa,North and South Central Coast,1,0,0,3.014554023742676,4.580833435058594,0,0,2010
38,401,38d401,Thanh Hoa,North and South Central Coast,1,0,1,1.291983723640442,5.741522789001465,0,0,2010
38,404,38d404,Thanh Hoa,North and South Central Coast,1,0,0,1.7439687252044678,5.0438761711120605,0,0,2010
38,384,38d384,Thanh Hoa,North and South Central Coast,0,0,0,5.287256240844727,1.6673824787139893,0,0,2010
38,399,38d399,Thanh Hoa,North and South Central Coast,1,1,1,2.2093727588653564,5.1513671875,0,0,2010
38,397,38d397,Thanh Hoa,North and South Central Coast,1,0,0,2.96887469291687,4.5216546058654785,0,0,2010
38,407,38d407,Thanh Hoa,North and South Central Coast,1,0,1,3.1838700771331787,4.559399604797363,0,0,2010
38,406,38d406,Thanh Hoa,North and South Central Coast,1,0,1,1.994700312614441,5.36413049697876,0,0,2010
38,393,38d393,Thanh Hoa,North and South Central Coast,0,0,0,2.8172035217285156,4.368183612823486,0,0,2010
38,390,38d390,Thanh Hoa,North and South Central Coast,1,0,0,3.3523571491241455,4.054353713989258,0,0,2010
38,391,38d391,Thanh Hoa,North and South Central Coast,1,0,0,3.0740811824798584,3.9335193634033203,0,0,2010
38,405,38d405,Thanh Hoa,North and South Central Coast,1,0,1,0.8837675452232361,6.674749374389648,0,0,2010
38,407,38d407,Thanh Hoa,North and South Central Coast,1,0,1,4.862831115722656,2.2855145931243896,0,0,2010
38,392,38d392,Thanh Hoa,North and South Central Coast,1,0,0,3.8556642532348633,3.8295793533325195,0,0,2010
38,404,38d404,Thanh Hoa,North and South Central Coast,0,0,0,2.5336968898773193,4.597201824188232,0,0,2010
38,399,38d399,Thanh Hoa,North and South Central Coast,1,0,1,1.3862943649291992,6.224063396453857,0,0,2010
38,402,38d402,Thanh Hoa,North and South Central Coast,0,0,0,3.6752874851226807,3.270726442337036,0,0,2010
38,390,38d390,Thanh Hoa,North and South Central Coast,1,0,0,3.430756092071533,4.3211493492126465,0,0,2010
38,399,38d399,Thanh Hoa,North and South Central Coast,1,0,1,1.2725656032562256,5.694401741027832,0,0,2010
38,394,38d394,Thanh Hoa,North and South Central Coast,1,0,0,2.659559965133667,4.048523902893066,0,0,2010
38,394,38d394,Thanh Hoa,North and South Central Coast,1,0,1,2.3896796703338623,4.950507164001465,0,0,2010
38,386,38d386,Thanh Hoa,North and South Central Coast,1,0,0,3.7810027599334717,3.565007448196411,0,0,2010
38,395,38d395,Thanh Hoa,North and South Central Coast,1,0,1,2.004179000854492,5.757140159606934,0,0,2010
38,387,38d387,Thanh Hoa,North and South Central Coast,1,0,0,4.5293684005737305,2.2275638580322266,0,0,2010
38,399,38d399,Thanh Hoa,North and South Central Coast,1,0,1,1.9095425605773926,5.425439357757568,0,0,2010
38,401,38d401,Thanh Hoa,North and South Central Coast,1,0,0,1.786746859550476,5.415914058685303,0,0,2010
38,385,38d385,Thanh Hoa,North and South Central Coast,1,0,0,3.4759955406188965,2.4588985443115234,0,0,2010
38,389,38d389,Thanh Hoa,North and South Central Coast,1,0,0,3.426215171813965,4.323538303375244,0,0,2010
38,396,38d396,Thanh Hoa,North and South Central Coast,0,0,0,3.519868850708008,3.2265431880950928,0,0,2010
38,402,38d402,Thanh Hoa,North and South Central Coast,1,0,0,3.6537702083587646,3.4874749183654785,0,0,2010
38,399,38d399,Thanh Hoa,North and South Central Coast,1,0,1,1.5871922969818115,5.727360725402832,0,0,2010
38,406,38d406,Thanh Hoa,North and South Central Coast,1,0,1,1.5432981252670288,5.9466729164123535,0,0,2010
38,403,38d403,Thanh Hoa,North and South Central Coast,1,0,0,4.561949253082275,2.687976121902466,0,0,2010
38,388,38d388,Thanh Hoa,North and South Central Coast,0,0,0,4.128584861755371,2.7373061180114746,0,0,2010
38,396,38d396,Thanh Hoa,North and South Central Coast,0,0,0,4.946345806121826,2.130308151245117,0,0,2010
38,406,38d406,Thanh Hoa,North and South Central Coast,1,0,0,1.686398983001709,5.642038345336914,0,0,2010
38,403,38d403,Thanh Hoa,North and South Central Coast,1,0,0,3.061051845550537,4.5298004150390625,0,0,2010
38,389,38d389,Thanh Hoa,North and South Central Coast,0,0,0,3.3894619941711426,4.458300590515137,0,0,2010
38,406,38d406,Thanh Hoa,North and South Central Coast,1,0,1,1.938741683959961,5.32738733291626,0,0,2010
38,404,38d404,Thanh Hoa,North and South Central Coast,1,0,0,2.0893919467926025,5.2983174324035645,0,0,2010
38,405,38d405,Thanh Hoa,North and South Central Coast,1,0,1,1.7544037103652954,6.10500955581665,0,0,2010
38,386,38d386,Thanh Hoa,North and South Central Coast,1,0,0,4.065258979797363,2.931422472000122,0,0,2010
38,389,38d389,Thanh Hoa,North and South Central Coast,0,0,0,3.9195942878723145,3.2710816860198975,0,0,2010
38,395,38d395,Thanh Hoa,North and South Central Coast,1,0,1,1.6714733839035034,5.6002302169799805,0,0,2010
38,395,38d395,Thanh Hoa,North and South Central Coast,1,0,1,1.425515055656433,5.812263011932373,0,0,2010
38,394,38d394,Thanh Hoa,North and South Central Coast,1,0,1,1.7561322450637817,5.50999641418457,0,0,2010
38,387,38d387,Thanh Hoa,North and South Central Coast,1,0,0,4.028204917907715,2.143495798110962,0,0,2010
38,398,38d398,Thanh Hoa,North and South Central Coast,1,0,0,1.470175862312317,6.0264763832092285,0,0,2010
38,389,38d389,Thanh Hoa,North and South Central Coast,1,0,0,2.960623025894165,4.080788612365723,0,0,2010
38,394,38d394,Thanh Hoa,North and South Central Coast,1,0,1,2.030776262283325,5.395177364349365,0,0,2010
38,392,38d392,Thanh Hoa,North and South Central Coast,1,0,0,1.8809906244277954,5.370354175567627,0,0,2010
40,428,40d428,Nghe An,North and South Central Coast,1,0,0,2.982140302658081,4.303366184234619,0,0,2010
40,415,40d415,Nghe An,North and South Central Coast,0,0,0,6.020149230957031,0.9015089869499207,0,0,2010
40,428,40d428,Nghe An,North and South Central Coast,1,0,0,1.8671760559082031,5.359033107757568,0,0,2010
40,417,40d417,Nghe An,North and South Central Coast,0,0,0,3.997650146484375,2.5548577308654785,0,0,2010
40,430,40d430,Nghe An,North and South Central Coast,1,0,1,2.2321627140045166,5.221399307250977,0,0,2010
40,419,40d419,Nghe An,North and South Central Coast,1,0,0,3.685373306274414,2.7915990352630615,0,0,2010
40,431,40d431,Nghe An,North and South Central Coast,1,0,0,1.1999647617340088,5.430718421936035,0,0,2010
40,425,40d425,Nghe An,North and South Central Coast,1,0,1,1.650579810142517,5.7989182472229,0,0,2010
40,421,40d421,Nghe An,North and South Central Coast,1,0,0,3.420673131942749,4.032309055328369,0,0,2010
40,428,40d428,Nghe An,North and South Central Coast,0,0,0,2.1667652130126953,4.8516364097595215,0,0,2010
40,428,40d428,Nghe An,North and South Central Coast,1,0,0,1.6292405128479004,5.26644229888916,0,0,2010
40,427,40d427,Nghe An,North and South Central Coast,1,0,0,2.6837575435638428,4.095027446746826,0,0,2010
40,426,40d426,Nghe An,North and South Central Coast,1,0,0,2.3523271083831787,5.6919779777526855,0,0,2010
40,426,40d426,Nghe An,North and South Central Coast,1,0,0,1.8779371976852417,5.34827184677124,0,0,2010
40,429,40d429,Nghe An,North and South Central Coast,1,0,1,2.562638998031616,4.420223712921143,0,0,2010
40,422,40d422,Nghe An,North and South Central Coast,1,0,0,4.301900386810303,2.9394657611846924,0,0,2010
40,427,40d427,Nghe An,North and South Central Coast,1,0,0,2.222459077835083,5.0540971755981445,0,0,2010
40,425,40d425,Nghe An,North and South Central Coast,1,0,0,2.7226104736328125,5.390217304229736,0,0,2010
40,415,40d415,Nghe An,North and South Central Coast,0,0,0,4.713845252990723,2.191908121109009,0,0,2010
40,413,40d413,Nghe An,North and South Central Coast,1,1,1,2.255493402481079,5.12725305557251,0,0,2010
40,426,40d426,Nghe An,North and South Central Coast,1,0,1,3.6545467376708984,3.3938395977020264,0,0,2010
40,421,40d421,Nghe An,North and South Central Coast,0,0,0,3.7490334510803223,4.296875476837158,0,0,2010
40,428,40d428,Nghe An,North and South Central Coast,1,0,0,2.731766700744629,4.737887382507324,0,0,2010
40,429,40d429,Nghe An,North and South Central Coast,1,0,0,2.2628042697906494,5.301434516906738,0,0,2010
40,416,40d416,Nghe An,North and South Central Coast,1,0,0,3.7064738273620605,2.726466417312622,0,0,2010
40,426,40d426,Nghe An,North and South Central Coast,1,0,0,1.619388222694397,5.724038124084473,0,0,2010
40,417,40d417,Nghe An,North and South Central Coast,0,0,0,5.262327194213867,1.4046293497085571,0,0,2010
40,423,40d423,Nghe An,North and South Central Coast,0,0,0,3.536893129348755,4.07296895980835,0,0,2010
40,426,40d426,Nghe An,North and South Central Coast,1,0,0,1.4770487546920776,5.949500560760498,0,0,2010
40,415,40d415,Nghe An,North and South Central Coast,0,0,0,5.313206195831299,2.0676729679107666,0,0,2010
40,412,40d412,Nghe An,North and South Central Coast,1,0,1,1.8733395338058472,5.8742570877075195,0,0,2010
40,420,40d420,Nghe An,North and South Central Coast,1,0,0,3.7841897010803223,3.053143262863159,0,0,2010
40,424,40d424,Nghe An,North and South Central Coast,1,0,0,3.0096352100372314,4.11403751373291,0,0,2010
40,430,40d430,Nghe An,North and South Central Coast,1,0,0,1.879465103149414,5.454864501953125,0,0,2010
40,425,40d425,Nghe An,North and South Central Coast,0,0,0,1.4231083393096924,5.6024298667907715,0,0,2010
40,426,40d426,Nghe An,North and South Central Coast,1,0,0,2.748552083969116,4.919074058532715,0,0,2010
40,419,40d419,Nghe An,North and South Central Coast,1,0,0,2.2060742378234863,4.665017127990723,0,0,2010
40,425,40d425,Nghe An,North and South Central Coast,1,1,0,1.795087218284607,5.6842122077941895,0,0,2010
40,427,40d427,Nghe An,North and South Central Coast,1,0,0,2.770711898803711,4.413917064666748,0,0,2010
40,429,40d429,Nghe An,North and South Central Coast,1,0,0,2.3513753414154053,4.674162864685059,0,0,2010
40,424,40d424,Nghe An,North and South Central Coast,1,0,0,2.7669477462768555,4.13478946685791,0,0,2010
40,421,40d421,Nghe An,North and South Central Coast,1,0,0,1.2296406030654907,5.869561195373535,0,0,2010
40,429,40d429,Nghe An,North and South Central Coast,1,0,0,1.9095425605773926,5.263648986816406,0,0,2010
40,429,40d429,Nghe An,North and South Central Coast,1,0,0,3.4005305767059326,4.327445030212402,0,0,2010
40,431,40d431,Nghe An,North and South Central Coast,1,0,1,1.5129270553588867,5.46900749206543,0,0,2010
40,418,40d418,Nghe An,North and South Central Coast,1,0,0,4.348728179931641,2.2151272296905518,0,0,2010
40,423,40d423,Nghe An,North and South Central Coast,1,0,0,3.4759955406188965,3.6628713607788086,0,0,2010
40,423,40d423,Nghe An,North and South Central Coast,1,0,0,3.0150444507598877,3.943403959274292,0,0,2010
40,420,40d420,Nghe An,North and South Central Coast,0,0,0,3.7711503505706787,2.9271175861358643,0,0,2010
40,431,40d431,Nghe An,North and South Central Coast,0,0,0,2.27006196975708,5.327334403991699,0,0,2010
40,421,40d421,Nghe An,North and South Central Coast,0,0,0,0.5481213927268982,7.089594841003418,0,0,2010
40,424,40d424,Nghe An,North and South Central Coast,0,0,1,3.214064121246338,3.6048598289489746,0,0,2010
40,429,40d429,Nghe An,North and South Central Coast,1,0,0,1.3110319375991821,5.401924133300781,0,0,2010
40,421,40d421,Nghe An,North and South Central Coast,0,0,0,2.405141592025757,5.419304370880127,0,0,2010
40,420,40d420,Nghe An,North and South Central Coast,1,0,0,4.066287994384766,3.8559730052948,0,0,2010
40,418,40d418,Nghe An,North and South Central Coast,1,0,0,5.359882831573486,1.166612148284912,0,0,2010
40,430,40d430,Nghe An,North and South Central Coast,1,0,0,3.057297706604004,4.495988845825195,0,0,2010
40,421,40d421,Nghe An,North and South Central Coast,1,0,0,3.9298629760742188,3.9952945709228516,0,0,2010
40,421,40d421,Nghe An,North and South Central Coast,1,0,0,1.9933388233184814,5.377521514892578,0,0,2010
40,425,40d425,Nghe An,North and South Central Coast,1,0,0,2.098017930984497,5.535351753234863,0,0,2010
40,419,40d419,Nghe An,North and South Central Coast,1,0,0,3.307619094848633,4.3716325759887695,0,0,2010
40,419,40d419,Nghe An,North and South Central Coast,1,0,0,2.7574751377105713,4.505854606628418,0,0,2010
40,417,40d417,Nghe An,North and South Central Coast,1,0,0,4.202600955963135,2.2351508140563965,0,0,2010
40,427,40d427,Nghe An,North and South Central Coast,1,0,0,2.584752082824707,4.834628582000732,0,0,2010
42,446,42d446,Ha Tinh,North and South Central Coast,1,0,0,1.7766457796096802,5.310927867889404,0,0,2010
42,442,42d442,Ha Tinh,North and South Central Coast,1,0,0,2.901421546936035,4.403094291687012,0,0,2010
42,443,42d443,Ha Tinh,North and South Central Coast,0,0,0,2.3896796703338623,5.114161014556885,0,0,2010
42,444,42d444,Ha Tinh,North and South Central Coast,1,0,0,4.549023151397705,1.8951082229614258,0,0,2010
42,445,42d445,Ha Tinh,North and South Central Coast,1,0,0,1.8293763399124146,5.2959065437316895,0,0,2010
42,442,42d442,Ha Tinh,North and South Central Coast,1,0,1,3.0910425186157227,4.892397403717041,0,0,2010
42,446,42d446,Ha Tinh,North and South Central Coast,1,0,1,2.542389154434204,5.050985336303711,0,0,2010
42,447,42d447,Ha Tinh,North and South Central Coast,1,0,0,4.50369119644165,2.9405577182769775,0,0,2010
42,440,42d440,Ha Tinh,North and South Central Coast,0,1,0,2.531312942504883,4.710769176483154,0,0,2010
42,444,42d444,Ha Tinh,North and South Central Coast,1,0,0,2.6483001708984375,4.5786356925964355,0,0,2010
42,446,42d446,Ha Tinh,North and South Central Coast,1,0,1,3.8770172595977783,3.399538993835449,0,0,2010
42,448,42d448,Ha Tinh,North and South Central Coast,1,0,0,2.1329822540283203,5.2123823165893555,0,0,2010
42,442,42d442,Ha Tinh,North and South Central Coast,1,0,1,1.994700312614441,5.360940933227539,0,0,2010
42,439,42d439,Ha Tinh,North and South Central Coast,0,0,0,3.047375440597534,4.022498607635498,0,0,2010
42,443,42d443,Ha Tinh,North and South Central Coast,1,0,0,1.6467337608337402,5.32774543762207,0,0,2010
42,442,42d442,Ha Tinh,North and South Central Coast,1,1,1,2.424802780151367,4.90560245513916,0,0,2010
42,446,42d446,Ha Tinh,North and South Central Coast,1,0,1,2.3850862979888916,4.781951427459717,0,0,2010
42,439,42d439,Ha Tinh,North and South Central Coast,0,0,0,4.82470703125,2.8687744140625,0,0,2010
42,439,42d439,Ha Tinh,North and South Central Coast,1,0,1,1.7732559442520142,5.026914119720459,0,0,2010
42,440,42d440,Ha Tinh,North and South Central Coast,0,0,0,1.5411590337753296,4.8885602951049805,0,0,2010
42,444,42d444,Ha Tinh,North and South Central Coast,1,0,0,3.6454498767852783,3.733558177947998,0,0,2010
42,447,42d447,Ha Tinh,North and South Central Coast,1,0,0,3.0540013313293457,4.408787727355957,0,0,2010
42,445,42d445,Ha Tinh,North and South Central Coast,1,0,1,2.173614740371704,4.806461334228516,0,0,2010
42,447,42d447,Ha Tinh,North and South Central Coast,1,0,1,2.70805025100708,5.07559061050415,0,0,2010
42,448,42d448,Ha Tinh,North and South Central Coast,1,0,0,3.052112579345703,4.594718933105469,0,0,2010
42,440,42d440,Ha Tinh,North and South Central Coast,1,0,1,2.1598687171936035,5.607395172119141,0,0,2010
42,439,42d439,Ha Tinh,North and South Central Coast,1,0,0,2.7311155796051025,3.786555767059326,0,0,2010
42,444,42d444,Ha Tinh,North and South Central Coast,1,0,0,5.067960262298584,2.353217124938965,0,0,2010
42,445,42d445,Ha Tinh,North and South Central Coast,1,0,0,2.4578781127929688,4.529612064361572,0,0,2010
42,440,42d440,Ha Tinh,North and South Central Coast,0,0,0,2.054123640060425,4.779984951019287,0,0,2010
42,436,42d436,Ha Tinh,North and South Central Coast,1,0,0,1.2089602947235107,5.709734916687012,0,0,2010
42,439,42d439,Ha Tinh,North and South Central Coast,1,1,0,5.321741104125977,1.8606112003326416,0,0,2010
42,443,42d443,Ha Tinh,North and South Central Coast,1,0,0,1.9050880670547485,5.17409610748291,0,0,2010
42,447,42d447,Ha Tinh,North and South Central Coast,1,0,1,3.866607189178467,3.402312994003296,0,0,2010
42,445,42d445,Ha Tinh,North and South Central Coast,1,0,0,3.0335097312927246,3.560903787612915,0,0,2010
42,439,42d439,Ha Tinh,North and South Central Coast,0,0,0,5.253320217132568,1.7202229499816895,0,0,2010
42,444,42d444,Ha Tinh,North and South Central Coast,0,0,0,4.593704700469971,2.708117723464966,0,0,2010
42,446,42d446,Ha Tinh,North and South Central Coast,1,0,1,2.1598687171936035,4.804266929626465,0,0,2010
42,441,42d441,Ha Tinh,North and South Central Coast,1,0,0,3.827118396759033,2.732496738433838,0,0,2010
42,445,42d445,Ha Tinh,North and South Central Coast,1,0,1,2.169053792953491,4.635560989379883,0,0,2010
42,448,42d448,Ha Tinh,North and South Central Coast,1,0,1,1.9933388233184814,5.346199035644531,0,0,2010
42,447,42d447,Ha Tinh,North and South Central Coast,1,0,0,4.8699164390563965,2.5518596172332764,0,0,2010
44,454,44d454,Quang Binh,North and South Central Coast,1,0,0,2.032087802886963,5.376442909240723,0,0,2010
44,457,44d457,Quang Binh,North and South Central Coast,0,0,0,3.1367976665496826,4.127232551574707,0,0,2010
44,455,44d455,Quang Binh,North and South Central Coast,1,0,0,0.8919980525970459,6.694298267364502,0,0,2010
44,452,44d452,Quang Binh,North and South Central Coast,0,0,0,5.171960353851318,1.430627703666687,0,0,2010
44,456,44d456,Quang Binh,North and South Central Coast,1,0,1,1.724550724029541,5.226263999938965,0,0,2010
44,453,44d453,Quang Binh,North and South Central Coast,1,0,0,4.664947509765625,1.9470936059951782,0,0,2010
44,454,44d454,Quang Binh,North and South Central Coast,1,0,1,2.215937376022339,5.604100704193115,0,0,2010
44,454,44d454,Quang Binh,North and South Central Coast,1,0,0,1.7984039783477783,5.712026596069336,0,0,2010
44,450,44d450,Quang Binh,North and South Central Coast,1,0,0,2.4890646934509277,5.143336296081543,0,0,2010
44,454,44d454,Quang Binh,North and South Central Coast,0,0,0,2.0149030685424805,4.617098808288574,0,0,2010
44,454,44d454,Quang Binh,North and South Central Coast,1,0,0,3.610647678375244,3.2447612285614014,0,0,2010
44,455,44d455,Quang Binh,North and South Central Coast,1,0,1,0.6830968260765076,6.885798931121826,0,0,2010
44,454,44d454,Quang Binh,North and South Central Coast,1,0,1,0.418710321187973,7.14345121383667,0,0,2010
44,456,44d456,Quang Binh,North and South Central Coast,1,0,0,3.0291671752929688,4.3232741355896,0,0,2010
44,455,44d455,Quang Binh,North and South Central Coast,1,0,0,3.307252883911133,3.78532075881958,0,0,2010
44,454,44d454,Quang Binh,North and South Central Coast,1,0,0,1.7404661178588867,6.016157150268555,0,0,2010
44,456,44d456,Quang Binh,North and South Central Coast,1,0,0,3.3690185546875,4.1826934814453125,0,0,2010
44,455,44d455,Quang Binh,North and South Central Coast,1,0,0,4.555454730987549,3.3085811138153076,0,0,2010
44,457,44d457,Quang Binh,North and South Central Coast,1,0,1,2.297572612762451,5.154249668121338,0,0,2010
44,457,44d457,Quang Binh,North and South Central Coast,1,0,0,2.8495497703552246,4.715725421905518,0,0,2010
44,456,44d456,Quang Binh,North and South Central Coast,1,0,0,2.520112991333008,5.03422212600708,0,0,2010
44,452,44d452,Quang Binh,North and South Central Coast,1,0,1,3.540959358215332,3.400230646133423,0,0,2010
44,454,44d454,Quang Binh,North and South Central Coast,1,0,0,3.731220245361328,3.913699150085449,0,0,2010
44,453,44d453,Quang Binh,North and South Central Coast,1,1,0,3.4372079372406006,4.030734539031982,0,0,2010
44,457,44d457,Quang Binh,North and South Central Coast,1,0,0,1.9851309061050415,5.105778694152832,0,0,2010
44,453,44d453,Quang Binh,North and South Central Coast,1,0,0,2.899221420288086,4.221222877502441,0,0,2010
44,454,44d454,Quang Binh,North and South Central Coast,1,0,1,2.4587337970733643,5.1270551681518555,0,0,2010
44,457,44d457,Quang Binh,North and South Central Coast,1,0,0,2.613006591796875,4.6432905197143555,0,0,2010
44,455,44d455,Quang Binh,North and South Central Coast,0,0,0,4.097672462463379,3.670438051223755,0,0,2010
44,457,44d457,Quang Binh,North and South Central Coast,1,0,0,3.00815486907959,3.214421510696411,0,0,2010
44,453,44d453,Quang Binh,North and South Central Coast,1,0,0,3.480316638946533,3.308655023574829,0,0,2010
44,455,44d455,Quang Binh,North and South Central Coast,1,0,0,4.618875980377197,3.125260829925537,0,0,2010
44,455,44d455,Quang Binh,North and South Central Coast,0,0,0,3.330059289932251,3.2765908241271973,0,0,2010
45,469,45d469,Quang Tri,North and South Central Coast,1,0,1,2.370243787765503,4.836874961853027,0,1,2010
45,468,45d468,Quang Tri,North and South Central Coast,1,0,0,2.697326183319092,4.582682132720947,0,1,2010
45,469,45d469,Quang Tri,North and South Central Coast,1,0,1,2.8033604621887207,4.693292140960693,0,1,2010
45,466,45d466,Quang Tri,North and South Central Coast,1,1,0,2.5478813648223877,4.213691234588623,0,1,2010
45,464,45d464,Quang Tri,North and South Central Coast,1,0,0,2.6166656017303467,3.937267780303955,0,1,2010
45,465,45d465,Quang Tri,North and South Central Coast,1,0,0,3.3945083618164062,2.9736788272857666,0,1,2010
45,466,45d466,Quang Tri,North and South Central Coast,1,0,1,1.0116009712219238,5.940171241760254,0,1,2010
45,465,45d465,Quang Tri,North and South Central Coast,1,0,0,3.203559160232544,3.1314949989318848,0,1,2010
45,464,45d464,Quang Tri,North and South Central Coast,1,0,0,3.206803321838379,2.191359281539917,0,1,2010
45,467,45d467,Quang Tri,North and South Central Coast,0,0,0,4.335851669311523,1.82112717628479,0,1,2010
45,469,45d469,Quang Tri,North and South Central Coast,1,0,0,4.620059013366699,2.2226245403289795,0,1,2010
45,469,45d469,Quang Tri,North and South Central Coast,1,0,1,2.19944429397583,5.196277141571045,0,1,2010
45,470,45d470,Quang Tri,North and South Central Coast,1,0,1,3.5706589221954346,3.853506326675415,0,1,2010
45,465,45d465,Quang Tri,North and South Central Coast,1,0,0,4.177459239959717,1.3559300899505615,0,1,2010
45,467,45d467,Quang Tri,North and South Central Coast,1,0,0,4.291965007781982,2.099951982498169,0,1,2010
45,470,45d470,Quang Tri,North and South Central Coast,1,0,1,2.8207836151123047,4.479013919830322,0,1,2010
45,464,45d464,Quang Tri,North and South Central Coast,1,0,1,2.367436170578003,4.630159854888916,0,1,2010
45,468,45d468,Quang Tri,North and South Central Coast,1,1,0,3.995260715484619,3.2785255908966064,0,1,2010
45,469,45d469,Quang Tri,North and South Central Coast,1,0,1,3.5790646076202393,3.6849656105041504,0,1,2010
45,470,45d470,Quang Tri,North and South Central Coast,0,0,0,3.7984063625335693,3.3747854232788086,0,1,2010
45,470,45d470,Quang Tri,North and South Central Coast,1,0,1,2.7093827724456787,4.1585917472839355,0,1,2010
45,465,45d465,Quang Tri,North and South Central Coast,1,0,0,4.154341697692871,2.1501071453094482,0,1,2010
45,470,45d470,Quang Tri,North and South Central Coast,1,0,1,2.3580198287963867,4.661276817321777,0,1,2010
45,466,45d466,Quang Tri,North and South Central Coast,1,0,0,3.3386125564575195,3.717562675476074,0,1,2010
46,478,46d478,Thua Thien - Hue,North and South Central Coast,1,0,1,2.6361961364746094,5.181429386138916,0,0,2010
46,478,46d478,Thua Thien - Hue,North and South Central Coast,0,1,1,3.3897993564605713,4.395090103149414,0,0,2010
46,482,46d482,Thua Thien - Hue,North and South Central Coast,1,0,0,4.144562244415283,3.2961714267730713,0,0,2010
46,481,46d481,Thua Thien - Hue,North and South Central Coast,1,0,0,2.1610214710235596,4.3943352699279785,0,0,2010
46,483,46d483,Thua Thien - Hue,North and South Central Coast,1,0,0,4.19419002532959,1.9217021465301514,0,0,2010
46,478,46d478,Thua Thien - Hue,North and South Central Coast,1,0,1,2.7252349853515625,4.884627342224121,0,0,2010
46,476,46d476,Thua Thien - Hue,North and South Central Coast,1,0,1,2.8495497703552246,4.569830894470215,0,0,2010
46,479,46d479,Thua Thien - Hue,North and South Central Coast,1,0,1,3.138099431991577,4.346269130706787,0,0,2010
46,482,46d482,Thua Thien - Hue,North and South Central Coast,1,0,1,1.7334238290786743,4.7812886238098145,0,0,2010
46,480,46d480,Thua Thien - Hue,North and South Central Coast,1,1,1,1.9754689931869507,5.886258125305176,0,0,2010
46,481,46d481,Thua Thien - Hue,North and South Central Coast,1,0,0,3.6863763332366943,2.764094114303589,0,0,2010
46,479,46d479,Thua Thien - Hue,North and South Central Coast,1,0,1,2.167910099029541,5.566211223602295,0,0,2010
46,481,46d481,Thua Thien - Hue,North and South Central Coast,1,0,0,4.244487285614014,1.569643259048462,0,0,2010
46,477,46d477,Thua Thien - Hue,North and South Central Coast,1,0,1,2.654649496078491,5.178158283233643,0,0,2010
46,477,46d477,Thua Thien - Hue,North and South Central Coast,0,0,1,2.5400259494781494,5.017969131469727,0,0,2010
46,478,46d478,Thua Thien - Hue,North and South Central Coast,1,0,1,2.425687313079834,5.33690881729126,0,0,2010
46,476,46d476,Thua Thien - Hue,North and South Central Coast,1,0,1,3.478158473968506,4.38356876373291,0,0,2010
46,482,46d482,Thua Thien - Hue,North and South Central Coast,1,0,0,3.4882919788360596,4.408260822296143,0,0,2010
46,477,46d477,Thua Thien - Hue,North and South Central Coast,1,0,1,2.4756977558135986,5.399041175842285,0,0,2010
46,479,46d479,Thua Thien - Hue,North and South Central Coast,1,0,1,3.534562110900879,4.406377792358398,0,0,2010
46,478,46d478,Thua Thien - Hue,North and South Central Coast,1,0,1,1.7698546648025513,6.4221625328063965,0,0,2010
46,480,46d480,Thua Thien - Hue,North and South Central Coast,1,0,1,4.137723445892334,2.3127472400665283,0,0,2010
46,476,46d476,Thua Thien - Hue,North and South Central Coast,1,0,1,4.753590106964111,3.0449328422546387,0,0,2010
46,476,46d476,Thua Thien - Hue,North and South Central Coast,1,0,1,3.587400197982788,3.9312069416046143,0,0,2010
46,480,46d480,Thua Thien - Hue,North and South Central Coast,1,0,1,2.5014359951019287,5.443056106567383,0,0,2010
46,483,46d483,Thua Thien - Hue,North and South Central Coast,1,0,0,2.0438144207000732,3.839508056640625,0,0,2010
46,482,46d482,Thua Thien - Hue,North and South Central Coast,1,0,1,4.752469062805176,3.3449573516845703,0,0,2010
46,476,46d476,Thua Thien - Hue,North and South Central Coast,1,0,1,3.6861257553100586,3.6916332244873047,0,0,2010
48,497,48d497,Da Nang city,North and South Central Coast,1,0,1,2.6734588146209717,5.580289363861084,1,1,2010
48,497,48d497,Da Nang city,North and South Central Coast,1,0,0,3.188828945159912,4.811520576477051,1,1,2010
48,497,48d497,Da Nang city,North and South Central Coast,1,0,0,2.91939115524292,5.3296613693237305,1,1,2010
48,497,48d497,Da Nang city,North and South Central Coast,1,0,0,3.9292733669281006,4.084069728851318,1,1,2010
48,497,48d497,Da Nang city,North and South Central Coast,1,0,1,3.6760475635528564,4.399535179138184,1,1,2010
49,513,49d513,Quang Nam,North and South Central Coast,1,0,1,2.8431637287139893,4.95986270904541,0,0,2010
49,519,49d519,Quang Nam,North and South Central Coast,1,0,0,4.9147114753723145,1.6959844827651978,0,0,2010
49,517,49d517,Quang Nam,North and South Central Coast,1,0,1,3.945651054382324,4.073632717132568,0,0,2010
49,513,49d513,Quang Nam,North and South Central Coast,1,0,0,3.0155348777770996,4.526148319244385,0,0,2010
49,514,49d514,Quang Nam,North and South Central Coast,0,0,0,2.988204002380371,4.2129669189453125,0,0,2010
49,502,49d502,Quang Nam,North and South Central Coast,0,0,1,3.0233473777770996,4.569522857666016,0,0,2010
49,514,49d514,Quang Nam,North and South Central Coast,1,0,0,3.233567476272583,3.349841833114624,0,0,2010
49,514,49d514,Quang Nam,North and South Central Coast,1,0,0,3.7106409072875977,3.3228654861450195,0,0,2010
49,509,49d509,Quang Nam,North and South Central Coast,1,0,1,2.336986541748047,5.2934746742248535,0,0,2010
49,512,49d512,Quang Nam,North and South Central Coast,0,0,0,4.773984432220459,1.072454571723938,0,0,2010
49,507,49d507,Quang Nam,North and South Central Coast,1,0,1,2.4406063556671143,5.585890769958496,0,0,2010
49,507,49d507,Quang Nam,North and South Central Coast,1,0,1,2.327277660369873,5.792418479919434,0,0,2010
49,513,49d513,Quang Nam,North and South Central Coast,1,0,0,2.9543893337249756,5.055970191955566,0,0,2010
49,503,49d503,Quang Nam,North and South Central Coast,0,0,1,1.4350844621658325,5.556092262268066,0,0,2010
49,506,49d506,Quang Nam,North and South Central Coast,1,0,1,3.1688449382781982,4.601800441741943,0,0,2010
49,508,49d508,Quang Nam,North and South Central Coast,1,1,1,2.24283504486084,5.337864398956299,0,0,2010
49,508,49d508,Quang Nam,North and South Central Coast,1,1,1,4.2489237785339355,3.6841559410095215,0,0,2010
49,507,49d507,Quang Nam,North and South Central Coast,1,0,1,1.2753627300262451,6.049127101898193,0,0,2010
49,506,49d506,Quang Nam,North and South Central Coast,1,0,0,3.730501174926758,4.241274833679199,0,0,2010
49,508,49d508,Quang Nam,North and South Central Coast,1,0,1,3.519868850708008,4.276600360870361,0,0,2010
49,508,49d508,Quang Nam,North and South Central Coast,1,0,1,2.3263015747070312,5.282073020935059,0,0,2010
49,517,49d517,Quang Nam,North and South Central Coast,1,1,1,3.0454742908477783,4.332284450531006,0,0,2010
49,510,49d510,Quang Nam,North and South Central Coast,0,0,0,5.489185810089111,0.39134737849235535,0,0,2010
49,507,49d507,Quang Nam,North and South Central Coast,1,0,1,3.0544726848602295,5.26475715637207,0,0,2010
49,504,49d504,Quang Nam,North and South Central Coast,1,0,0,4.03759765625,1.0313063859939575,0,0,2010
49,506,49d506,Quang Nam,North and South Central Coast,1,0,1,4.52287483215332,3.020927906036377,0,0,2010
49,513,49d513,Quang Nam,North and South Central Coast,1,0,1,2.5400259494781494,5.381509780883789,0,0,2010
49,517,49d517,Quang Nam,North and South Central Coast,1,0,1,3.104138135910034,4.9078803062438965,0,0,2010
49,505,49d505,Quang Nam,North and South Central Coast,1,0,0,5.182794094085693,0.8833138942718506,0,0,2010
49,506,49d506,Quang Nam,North and South Central Coast,1,0,0,1.8885836601257324,5.653099536895752,0,0,2010
49,511,49d511,Quang Nam,North and South Central Coast,0,0,0,3.855029344558716,2.5368878841400146,0,0,2010
49,518,49d518,Quang Nam,North and South Central Coast,1,0,0,2.702702522277832,4.89769983291626,0,0,2010
49,507,49d507,Quang Nam,North and South Central Coast,1,0,1,2.7498316764831543,5.289325714111328,0,0,2010
49,513,49d513,Quang Nam,North and South Central Coast,1,0,0,3.295836925506592,4.790573596954346,0,0,2010
49,506,49d506,Quang Nam,North and South Central Coast,1,0,0,2.140066146850586,5.4090166091918945,0,0,2010
49,516,49d516,Quang Nam,North and South Central Coast,1,1,0,4.603468894958496,1.6750526428222656,0,0,2010
49,518,49d518,Quang Nam,North and South Central Coast,1,0,0,2.224623441696167,5.261429309844971,0,0,2010
49,518,49d518,Quang Nam,North and South Central Coast,1,0,0,3.362109899520874,4.609666347503662,0,0,2010
49,515,49d515,Quang Nam,North and South Central Coast,0,0,0,3.629394769668579,2.813145399093628,0,0,2010
49,517,49d517,Quang Nam,North and South Central Coast,0,0,1,1.9430489540100098,5.731103897094727,0,0,2010
49,509,49d509,Quang Nam,North and South Central Coast,1,0,0,2.604170083999634,4.980602741241455,0,0,2010
49,507,49d507,Quang Nam,North and South Central Coast,1,0,1,2.0844290256500244,5.398815155029297,0,0,2010
49,513,49d513,Quang Nam,North and South Central Coast,1,0,0,2.9917242527008057,4.485879898071289,0,0,2010
51,534,51d534,Quang Ngai,North and South Central Coast,1,0,0,3.916015148162842,4.034134864807129,0,0,2010
51,528,51d528,Quang Ngai,North and South Central Coast,1,0,0,2.561095714569092,5.470939636230469,0,0,2010
51,534,51d534,Quang Ngai,North and South Central Coast,1,0,0,3.9852733612060547,3.8415687084198,0,0,2010
51,535,51d535,Quang Ngai,North and South Central Coast,0,0,0,4.609162330627441,2.4452874660491943,0,0,2010
51,533,51d533,Quang Ngai,North and South Central Coast,1,0,1,3.7511496543884277,3.7609214782714844,0,0,2010
51,532,51d532,Quang Ngai,North and South Central Coast,1,0,1,3.3745110034942627,4.086554527282715,0,0,2010
51,529,51d529,Quang Ngai,North and South Central Coast,0,0,0,4.09634256362915,2.897590398788452,0,0,2010
51,527,51d527,Quang Ngai,North and South Central Coast,1,0,0,2.8820035457611084,5.149056434631348,0,0,2010
51,534,51d534,Quang Ngai,North and South Central Coast,0,0,0,2.355177640914917,5.442113876342773,0,0,2010
51,527,51d527,Quang Ngai,North and South Central Coast,1,0,0,3.0204248428344727,4.177010536193848,0,0,2010
51,533,51d533,Quang Ngai,North and South Central Coast,1,0,1,2.580216884613037,5.283050060272217,0,0,2010
51,524,51d524,Quang Ngai,North and South Central Coast,1,0,0,2.6181254386901855,5.3330817222595215,0,0,2010
51,524,51d524,Quang Ngai,North and South Central Coast,0,0,0,1.7509374618530273,5.313821315765381,0,0,2010
51,532,51d532,Quang Ngai,North and South Central Coast,1,0,1,2.7517480850219727,5.1403303146362305,0,0,2010
51,534,51d534,Quang Ngai,North and South Central Coast,1,0,0,3.881563901901245,4.235151767730713,0,0,2010
51,528,51d528,Quang Ngai,North and South Central Coast,1,0,0,3.0116055011749268,4.89383602142334,0,0,2010
51,528,51d528,Quang Ngai,North and South Central Coast,1,0,0,3.2136623859405518,5.238245487213135,0,0,2010
51,532,51d532,Quang Ngai,North and South Central Coast,1,0,1,3.608482599258423,3.4622416496276855,0,0,2010
51,525,51d525,Quang Ngai,North and South Central Coast,1,0,0,2.753023624420166,4.261790752410889,0,0,2010
51,529,51d529,Quang Ngai,North and South Central Coast,0,0,0,3.7103962898254395,3.3195767402648926,0,0,2010
51,527,51d527,Quang Ngai,North and South Central Coast,0,1,0,2.693951368331909,5.082164287567139,0,0,2010
51,528,51d528,Quang Ngai,North and South Central Coast,1,0,1,4.5293684005737305,3.4803268909454346,0,0,2010
51,535,51d535,Quang Ngai,North and South Central Coast,1,0,0,2.784393787384033,3.267695426940918,0,0,2010
51,524,51d524,Quang Ngai,North and South Central Coast,1,1,0,2.9274535179138184,4.580236434936523,0,0,2010
51,533,51d533,Quang Ngai,North and South Central Coast,1,0,1,2.3589653968811035,5.784552097320557,0,0,2010
51,527,51d527,Quang Ngai,North and South Central Coast,1,0,1,1.8840347528457642,5.63021993637085,0,0,2010
51,524,51d524,Quang Ngai,North and South Central Coast,1,0,0,2.436241388320923,4.966819763183594,0,0,2010
52,548,52d548,Binh Dinh,North and South Central Coast,1,0,0,3.333631992340088,5.061619281768799,0,0,2010
52,549,52d549,Binh Dinh,North and South Central Coast,1,0,1,2.110213279724121,5.615116596221924,0,0,2010
52,544,52d544,Binh Dinh,North and South Central Coast,1,0,0,3.502549886703491,4.035412788391113,0,0,2010
52,545,52d545,Binh Dinh,North and South Central Coast,1,0,0,3.558485984802246,4.142261981964111,0,0,2010
52,543,52d543,Binh Dinh,North and South Central Coast,1,0,0,2.3730435371398926,6.036564350128174,0,0,2010
52,547,52d547,Binh Dinh,North and South Central Coast,1,0,0,4.097340106964111,3.681708574295044,0,0,2010
52,551,52d551,Binh Dinh,North and South Central Coast,1,0,0,3.6054978370666504,2.9889156818389893,0,0,2010
52,550,52d550,Binh Dinh,North and South Central Coast,1,0,0,1.9183920621871948,5.007203102111816,0,0,2010
52,543,52d543,Binh Dinh,North and South Central Coast,1,0,1,4.108904838562012,4.217127799987793,0,0,2010
52,545,52d545,Binh Dinh,North and South Central Coast,1,0,0,2.165619373321533,5.306881427764893,0,0,2010
52,547,52d547,Binh Dinh,North and South Central Coast,1,0,0,3.5616140365600586,4.3176774978637695,0,0,2010
52,542,52d542,Binh Dinh,North and South Central Coast,1,0,0,4.090336322784424,2.2812752723693848,0,0,2010
52,549,52d549,Binh Dinh,North and South Central Coast,1,1,1,2.119863510131836,5.96006441116333,0,0,2010
52,546,52d546,Binh Dinh,North and South Central Coast,1,0,0,3.9174084663391113,3.5303428173065186,0,0,2010
52,548,52d548,Binh Dinh,North and South Central Coast,1,0,0,3.655322790145874,4.2052483558654785,0,0,2010
52,547,52d547,Binh Dinh,North and South Central Coast,1,0,0,4.352340221405029,3.117313861846924,0,0,2010
52,547,52d547,Binh Dinh,North and South Central Coast,1,0,0,3.9721767902374268,3.9292004108428955,0,0,2010
52,550,52d550,Binh Dinh,North and South Central Coast,1,0,0,3.514526128768921,4.938875198364258,0,0,2010
52,543,52d543,Binh Dinh,North and South Central Coast,1,0,0,2.1377103328704834,5.885186672210693,0,0,2010
52,549,52d549,Binh Dinh,North and South Central Coast,1,0,1,2.5087859630584717,5.297096252441406,0,0,2010
52,543,52d543,Binh Dinh,North and South Central Coast,1,0,0,4.016022682189941,3.8842434883117676,0,0,2010
52,548,52d548,Binh Dinh,North and South Central Coast,0,0,0,2.1435892581939697,5.406546115875244,0,0,2010
52,545,52d545,Binh Dinh,North and South Central Coast,1,0,0,3.2534704208374023,4.288743019104004,0,0,2010
52,548,52d548,Binh Dinh,North and South Central Coast,0,0,0,3.441058874130249,4.533817768096924,0,0,2010
52,550,52d550,Binh Dinh,North and South Central Coast,1,0,1,2.3174736499786377,5.856101989746094,0,0,2010
52,545,52d545,Binh Dinh,North and South Central Coast,1,0,0,3.0120975971221924,4.5952839851379395,0,0,2010
52,545,52d545,Binh Dinh,North and South Central Coast,1,0,0,3.4531571865081787,4.18792724609375,0,0,2010
52,544,52d544,Binh Dinh,North and South Central Coast,1,0,1,3.660994291305542,3.620391368865967,0,0,2010
52,545,52d545,Binh Dinh,North and South Central Coast,1,0,0,3.940416097640991,3.5200743675231934,0,0,2010
52,549,52d549,Binh Dinh,North and South Central Coast,1,0,1,4.11903715133667,3.503626823425293,0,0,2010
52,550,52d550,Binh Dinh,North and South Central Coast,1,0,1,2.996232271194458,5.297817707061768,0,0,2010
52,549,52d549,Binh Dinh,North and South Central Coast,1,0,1,2.540814161300659,5.73150110244751,0,0,2010
52,543,52d543,Binh Dinh,North and South Central Coast,1,0,0,2.6532418727874756,5.240703105926514,0,0,2010
52,543,52d543,Binh Dinh,North and South Central Coast,1,0,0,3.7003138065338135,4.058446884155273,0,0,2010
52,548,52d548,Binh Dinh,North and South Central Coast,1,0,0,3.789177179336548,4.551040172576904,0,0,2010
52,550,52d550,Binh Dinh,North and South Central Coast,1,0,0,2.7562053203582764,5.575862407684326,0,0,2010
52,548,52d548,Binh Dinh,North and South Central Coast,1,0,0,3.8645119667053223,4.2507100105285645,0,0,2010
52,543,52d543,Binh Dinh,North and South Central Coast,1,0,1,1.6094379425048828,5.8435444831848145,0,0,2010
52,544,52d544,Binh Dinh,North and South Central Coast,1,0,0,2.839078426361084,4.920108795166016,0,0,2010
54,563,54d563,Phu Yen,North and South Central Coast,1,0,0,3.7563045024871826,3.874156951904297,0,1,2010
54,555,54d555,Phu Yen,North and South Central Coast,1,0,1,1.4134230613708496,5.881633281707764,0,0,2010
54,562,54d562,Phu Yen,North and South Central Coast,1,0,0,2.676903486251831,5.47385311126709,0,1,2010
54,559,54d559,Phu Yen,North and South Central Coast,1,0,1,2.424802780151367,5.84264612197876,0,1,2010
54,557,54d557,Phu Yen,North and South Central Coast,1,0,1,4.443827152252197,3.6844632625579834,0,0,2010
54,564,54d564,Phu Yen,North and South Central Coast,0,1,0,3.7963876724243164,4.338373184204102,0,1,2010
54,559,54d559,Phu Yen,North and South Central Coast,1,0,0,3.1157350540161133,4.875857353210449,0,1,2010
54,564,54d564,Phu Yen,North and South Central Coast,1,0,0,3.752089023590088,3.2698874473571777,0,1,2010
54,564,54d564,Phu Yen,North and South Central Coast,1,0,0,2.663052797317505,5.319363594055176,0,1,2010
54,557,54d557,Phu Yen,North and South Central Coast,1,0,0,3.0568273067474365,4.249032497406006,0,0,2010
54,559,54d559,Phu Yen,North and South Central Coast,1,0,0,3.27714467048645,5.011892318725586,0,1,2010
54,562,54d562,Phu Yen,North and South Central Coast,1,0,0,4.8248677253723145,2.1781976222991943,0,1,2010
54,563,54d563,Phu Yen,North and South Central Coast,1,0,0,2.578700542449951,5.908857822418213,0,1,2010
54,562,54d562,Phu Yen,North and South Central Coast,1,0,0,4.975284576416016,3.140834093093872,0,1,2010
54,563,54d563,Phu Yen,North and South Central Coast,1,1,0,3.606584310531616,4.386360168457031,0,1,2010
54,559,54d559,Phu Yen,North and South Central Coast,1,0,0,3.1450140476226807,4.886371612548828,0,1,2010
54,562,54d562,Phu Yen,North and South Central Coast,1,0,0,4.060442924499512,4.129633903503418,0,1,2010
54,564,54d564,Phu Yen,North and South Central Coast,1,0,0,3.078233480453491,5.028883934020996,0,1,2010
54,563,54d563,Phu Yen,North and South Central Coast,1,0,0,2.771963596343994,5.748424530029297,0,1,2010
54,560,54d560,Phu Yen,North and South Central Coast,1,1,0,4.013315200805664,3.731687545776367,0,1,2010
54,559,54d559,Phu Yen,North and South Central Coast,1,0,0,2.6034302711486816,5.464659214019775,0,1,2010
54,558,54d558,Phu Yen,North and South Central Coast,1,1,0,4.900671482086182,2.8005285263061523,0,1,2010
54,562,54d562,Phu Yen,North and South Central Coast,1,0,0,2.6261167526245117,5.382248878479004,0,1,2010
54,561,54d561,Phu Yen,North and South Central Coast,1,0,0,4.219507694244385,2.763355016708374,0,1,2010
54,564,54d564,Phu Yen,North and South Central Coast,1,0,0,2.6019487380981445,6.098898410797119,0,1,2010
54,560,54d560,Phu Yen,North and South Central Coast,1,0,0,4.179910659790039,2.9372949600219727,0,1,2010
54,564,54d564,Phu Yen,North and South Central Coast,1,0,0,2.8009331226348877,5.542620658874512,0,1,2010
54,560,54d560,Phu Yen,North and South Central Coast,1,1,0,5.146272659301758,1.723780632019043,0,1,2010
54,558,54d558,Phu Yen,North and South Central Coast,0,1,0,4.409884929656982,3.2994234561920166,0,1,2010
54,558,54d558,Phu Yen,North and South Central Coast,0,0,0,3.6563563346862793,3.1178677082061768,0,1,2010
54,562,54d562,Phu Yen,North and South Central Coast,1,0,1,2.753023624420166,5.040975570678711,0,1,2010
56,568,56d568,Khanh Hoa,North and South Central Coast,1,0,1,2.172476291656494,5.833224296569824,0,0,2010
56,574,56d574,Khanh Hoa,North and South Central Coast,1,0,0,2.8009331226348877,3.9264986515045166,0,0,2010
56,572,56d572,Khanh Hoa,North and South Central Coast,1,0,0,3.68009090423584,4.3823418617248535,0,0,2010
56,571,56d571,Khanh Hoa,North and South Central Coast,1,0,1,3.3568971157073975,4.25445032119751,0,0,2010
56,570,56d570,Khanh Hoa,North and South Central Coast,1,0,0,4.324926853179932,3.18111515045166,0,0,2010
56,572,56d572,Khanh Hoa,North and South Central Coast,1,0,0,5.146039962768555,2.10459566116333,0,0,2010
56,571,56d571,Khanh Hoa,North and South Central Coast,1,0,0,4.116758346557617,3.7952985763549805,0,0,2010
56,572,56d572,Khanh Hoa,North and South Central Coast,1,0,0,3.3199872970581055,4.161005020141602,0,0,2010
56,574,56d574,Khanh Hoa,North and South Central Coast,1,0,0,3.3911471366882324,4.343411922454834,0,0,2010
56,574,56d574,Khanh Hoa,North and South Central Coast,1,0,0,1.504077434539795,6.110727787017822,0,0,2010
56,573,56d573,Khanh Hoa,North and South Central Coast,1,0,0,5.3442463874816895,0.7493235468864441,0,0,2010
56,570,56d570,Khanh Hoa,North and South Central Coast,1,0,0,3.0426158905029297,5.06299352645874,0,0,2010
56,572,56d572,Khanh Hoa,North and South Central Coast,1,0,0,3.4216535091400146,3.85213303565979,0,0,2010
56,574,56d574,Khanh Hoa,North and South Central Coast,1,0,1,2.1341664791107178,5.567485809326172,0,0,2010
56,570,56d570,Khanh Hoa,North and South Central Coast,1,0,0,3.377246141433716,4.185434818267822,0,0,2010
56,569,56d569,Khanh Hoa,North and South Central Coast,1,0,0,3.462292432785034,3.3899500370025635,0,0,2010
56,572,56d572,Khanh Hoa,North and South Central Coast,1,0,0,4.082272052764893,3.759221076965332,0,0,2010
56,572,56d572,Khanh Hoa,North and South Central Coast,1,0,0,3.600048303604126,3.6144561767578125,0,0,2010
56,569,56d569,Khanh Hoa,North and South Central Coast,1,0,0,2.6518325805664062,4.278662204742432,0,0,2010
56,568,56d568,Khanh Hoa,North and South Central Coast,1,0,1,2.070652961730957,5.480533599853516,0,0,2010
56,575,56d575,Khanh Hoa,North and South Central Coast,1,0,0,3.507357597351074,2.802560806274414,0,0,2010
56,572,56d572,Khanh Hoa,North and South Central Coast,1,0,0,2.9150643348693848,5.0822625160217285,0,0,2010
56,568,56d568,Khanh Hoa,North and South Central Coast,1,0,0,3.826247215270996,4.451418876647949,0,0,2010
56,570,56d570,Khanh Hoa,North and South Central Coast,1,0,0,2.5564517974853516,4.622856140136719,0,0,2010
56,571,56d571,Khanh Hoa,North and South Central Coast,1,1,1,3.7300214767456055,3.829538106918335,0,0,2010
56,572,56d572,Khanh Hoa,North and South Central Coast,1,0,0,2.144761085510254,5.733394145965576,0,0,2010
56,572,56d572,Khanh Hoa,North and South Central Coast,1,0,0,2.1610214710235596,5.009098052978516,0,0,2010
58,589,58d589,Ninh Thuan,North and South Central Coast,1,0,0,3.935739517211914,3.7351553440093994,0,0,2010
58,585,58d585,Ninh Thuan,North and South Central Coast,1,0,1,4.394449234008789,3.7791264057159424,0,0,2010
58,586,58d586,Ninh Thuan,North and South Central Coast,1,0,0,3.433664560317993,4.553859710693359,0,0,2010
58,587,58d587,Ninh Thuan,North and South Central Coast,1,0,1,4.101485729217529,4.008941650390625,0,0,2010
58,587,58d587,Ninh Thuan,North and South Central Coast,1,0,1,2.6616570949554443,5.5430145263671875,0,0,2010
58,585,58d585,Ninh Thuan,North and South Central Coast,1,0,0,4.857483863830566,2.894421339035034,0,0,2010
58,586,58d586,Ninh Thuan,North and South Central Coast,1,0,1,3.298795461654663,4.516411781311035,0,0,2010
58,587,58d587,Ninh Thuan,North and South Central Coast,1,0,0,3.0402274131774902,5.023150444030762,0,0,2010
58,586,58d586,Ninh Thuan,North and South Central Coast,1,1,1,3.1170644760131836,5.087333679199219,0,0,2010
58,586,58d586,Ninh Thuan,North and South Central Coast,1,0,1,2.3951642513275146,4.901926517486572,0,0,2010
58,588,58d588,Ninh Thuan,North and South Central Coast,1,0,0,3.7835075855255127,2.99185848236084,0,0,2010
58,588,58d588,Ninh Thuan,North and South Central Coast,1,1,1,4.222444534301758,3.5247204303741455,0,0,2010
58,587,58d587,Ninh Thuan,North and South Central Coast,1,0,1,2.6810214519500732,5.415491580963135,0,0,2010
58,584,58d584,Ninh Thuan,North and South Central Coast,1,0,0,5.663516044616699,0.9322645664215088,0,0,2010
58,588,58d588,Ninh Thuan,North and South Central Coast,1,0,1,3.104586601257324,4.234301567077637,0,0,2010
58,589,58d589,Ninh Thuan,North and South Central Coast,1,0,0,4.876570224761963,2.8255341053009033,0,0,2010
58,585,58d585,Ninh Thuan,North and South Central Coast,1,0,1,3.4531571865081787,4.688614845275879,0,0,2010
58,589,58d589,Ninh Thuan,North and South Central Coast,1,0,1,2.817800998687744,4.912813186645508,0,0,2010
58,587,58d587,Ninh Thuan,North and South Central Coast,1,0,1,2.435366153717041,5.703198432922363,0,0,2010
58,585,58d585,Ninh Thuan,North and South Central Coast,1,0,1,5.005823612213135,3.032365322113037,0,0,2010
58,584,58d584,Ninh Thuan,North and South Central Coast,1,0,0,4.179604530334473,1.563398838043213,0,0,2010
60,601,60d601,Binh Thuan,North and South Central Coast,1,0,0,4.711780071258545,2.677166223526001,0,0,2010
60,598,60d598,Binh Thuan,North and South Central Coast,1,0,0,4.378520488739014,3.14927339553833,0,0,2010
60,597,60d597,Binh Thuan,North and South Central Coast,1,0,1,4.029628276824951,4.354947566986084,0,0,2010
60,597,60d597,Binh Thuan,North and South Central Coast,1,0,0,4.826872825622559,2.604426860809326,0,0,2010
60,597,60d597,Binh Thuan,North and South Central Coast,1,0,0,4.636184215545654,2.9761526584625244,0,0,2010
60,599,60d599,Binh Thuan,North and South Central Coast,1,0,0,4.638121128082275,3.4343461990356445,0,0,2010
60,597,60d597,Binh Thuan,North and South Central Coast,1,0,0,3.8161725997924805,4.300244331359863,0,0,2010
60,600,60d600,Binh Thuan,North and South Central Coast,1,0,0,4.1467790603637695,2.858103036880493,0,0,2010
60,595,60d595,Binh Thuan,North and South Central Coast,1,0,0,4.776430606842041,2.6050710678100586,0,0,2010
60,598,60d598,Binh Thuan,North and South Central Coast,1,0,0,4.118223667144775,3.1014182567596436,0,0,2010
60,600,60d600,Binh Thuan,North and South Central Coast,1,0,0,3.7810027599334717,3.745176076889038,0,0,2010
60,596,60d596,Binh Thuan,North and South Central Coast,1,0,1,4.51480770111084,2.986274242401123,0,0,2010
60,600,60d600,Binh Thuan,North and South Central Coast,1,0,0,3.934762477874756,3.5496060848236084,0,0,2010
60,601,60d601,Binh Thuan,North and South Central Coast,1,0,0,4.7151899337768555,2.9020779132843018,0,0,2010
60,596,60d596,Binh Thuan,North and South Central Coast,1,1,1,3.3666059970855713,3.964454412460327,0,0,2010
60,595,60d595,Binh Thuan,North and South Central Coast,1,0,1,3.2200751304626465,5.063418865203857,0,0,2010
60,599,60d599,Binh Thuan,North and South Central Coast,1,1,0,4.8426899909973145,2.404390573501587,0,0,2010
60,595,60d595,Binh Thuan,North and South Central Coast,1,0,1,2.311544895172119,5.605262756347656,0,0,2010
60,602,60d602,Binh Thuan,North and South Central Coast,1,0,1,1.887069582939148,5.732163906097412,0,0,2010
60,601,60d601,Binh Thuan,North and South Central Coast,1,0,0,3.8634629249572754,3.496004819869995,0,0,2010
60,600,60d600,Binh Thuan,North and South Central Coast,1,0,0,3.3435683250427246,4.358536243438721,0,0,2010
60,597,60d597,Binh Thuan,North and South Central Coast,1,0,1,3.5429861545562744,4.457363128662109,0,0,2010
60,599,60d599,Binh Thuan,North and South Central Coast,0,0,0,3.9744343757629395,3.593945026397705,0,0,2010
60,598,60d598,Binh Thuan,North and South Central Coast,1,0,1,4.087152004241943,3.3085694313049316,0,0,2010
60,593,60d593,Binh Thuan,North and South Central Coast,1,0,1,3.912822723388672,3.63836407661438,0,0,2010
60,596,60d596,Binh Thuan,North and South Central Coast,1,0,1,4.279578685760498,3.149348735809326,0,0,2010
60,596,60d596,Binh Thuan,North and South Central Coast,1,0,1,5.4660749435424805,2.0606424808502197,0,0,2010
70,691,70d691,Binh Phuoc,Southeast,1,0,0,4.480740070343018,2.8819050788879395,0,0,2010
70,694,70d694,Binh Phuoc,Southeast,1,1,0,3.8426730632781982,3.8498966693878174,0,0,2010
70,696,70d696,Binh Phuoc,Southeast,1,0,0,5.206585884094238,2.744973659515381,0,0,2010
70,692,70d692,Binh Phuoc,Southeast,1,0,0,3.647015333175659,3.885072946548462,0,0,2010
70,696,70d696,Binh Phuoc,Southeast,1,0,0,4.470495223999023,3.5231246948242188,0,0,2010
70,694,70d694,Binh Phuoc,Southeast,1,0,0,3.372797966003418,3.69877552986145,0,0,2010
70,696,70d696,Binh Phuoc,Southeast,1,0,0,4.889296054840088,2.5792174339294434,0,0,2010
70,693,70d693,Binh Phuoc,Southeast,1,0,0,3.4904284477233887,4.076399803161621,0,0,2010
70,696,70d696,Binh Phuoc,Southeast,1,0,0,5.118472576141357,2.2079927921295166,0,0,2010
70,688,70d688,Binh Phuoc,Southeast,1,0,0,3.0991909503936768,3.4418389797210693,0,0,2010
70,695,70d695,Binh Phuoc,Southeast,1,0,0,4.494573593139648,2.8825600147247314,0,0,2010
70,695,70d695,Binh Phuoc,Southeast,1,0,0,4.1308369636535645,3.602846384048462,0,0,2010
70,695,70d695,Binh Phuoc,Southeast,1,0,0,4.79562520980835,2.2936179637908936,0,0,2010
70,689,70d689,Binh Phuoc,Southeast,1,1,0,4.021056652069092,3.813335657119751,0,0,2010
70,693,70d693,Binh Phuoc,Southeast,1,0,0,3.918799877166748,3.9881155490875244,0,0,2010
70,691,70d691,Binh Phuoc,Southeast,0,0,0,3.741946220397949,3.727707862854004,0,0,2010
70,692,70d692,Binh Phuoc,Southeast,1,0,0,4.744584083557129,2.5799057483673096,0,0,2010
70,696,70d696,Binh Phuoc,Southeast,1,0,0,4.107918739318848,3.6461338996887207,0,0,2010
70,690,70d690,Binh Phuoc,Southeast,1,0,0,3.474447727203369,4.296619415283203,0,0,2010
70,690,70d690,Binh Phuoc,Southeast,1,0,0,3.9611940383911133,4.0544633865356445,0,0,2010
70,692,70d692,Binh Phuoc,Southeast,1,0,0,4.158883094787598,3.10163950920105,0,0,2010
70,696,70d696,Binh Phuoc,Southeast,1,0,0,4.352340221405029,2.8053951263427734,0,0,2010
70,694,70d694,Binh Phuoc,Southeast,1,1,0,3.7567718029022217,4.1103339195251465,0,0,2010
70,691,70d691,Binh Phuoc,Southeast,1,0,0,4.535820007324219,3.5548884868621826,0,0,2010
70,691,70d691,Binh Phuoc,Southeast,1,0,0,4.36220645904541,3.8320229053497314,0,0,2010
70,696,70d696,Binh Phuoc,Southeast,1,0,0,4.931952953338623,3.1222522258758545,0,0,2010
70,691,70d691,Binh Phuoc,Southeast,1,0,0,4.8090901374816895,2.400989532470703,0,0,2010
70,691,70d691,Binh Phuoc,Southeast,1,0,0,4.554087162017822,3.2140228748321533,0,0,2010
70,692,70d692,Binh Phuoc,Southeast,1,0,0,4.036008834838867,3.5406007766723633,0,0,2010
70,692,70d692,Binh Phuoc,Southeast,1,0,0,4.3107991218566895,2.386235237121582,0,0,2010
70,691,70d691,Binh Phuoc,Southeast,1,0,0,5.496922492980957,2.2454798221588135,0,0,2010
70,689,70d689,Binh Phuoc,Southeast,1,0,0,3.908015012741089,3.990767478942871,0,0,2010
70,694,70d694,Binh Phuoc,Southeast,1,0,0,3.7003138065338135,3.8445472717285156,0,0,2010
72,705,72d705,Tay Ninh,Southeast,1,0,1,4.132122039794922,3.847216844558716,0,0,2010
72,712,72d712,Tay Ninh,Southeast,1,0,1,3.40883469581604,5.225607872009277,0,0,2010
72,710,72d710,Tay Ninh,Southeast,1,0,1,2.336019992828369,5.30458402633667,0,0,2010
72,712,72d712,Tay Ninh,Southeast,1,0,1,3.0657246112823486,4.818098545074463,0,0,2010
72,712,72d712,Tay Ninh,Southeast,1,0,1,3.808882236480713,4.631645679473877,0,0,2010
72,708,72d708,Tay Ninh,Southeast,1,0,1,3.044522523880005,4.476795673370361,0,0,2010
72,710,72d710,Tay Ninh,Southeast,1,0,1,3.2208738327026367,5.119820594787598,0,0,2010
72,705,72d705,Tay Ninh,Southeast,1,0,1,3.8509984016418457,3.957731008529663,0,0,2010
72,710,72d710,Tay Ninh,Southeast,1,0,1,3.6568727493286133,4.843581199645996,0,0,2010
72,710,72d710,Tay Ninh,Southeast,1,0,1,4.286341190338135,4.3221540451049805,0,0,2010
72,709,72d709,Tay Ninh,Southeast,1,0,1,2.054123640060425,6.587055206298828,0,0,2010
72,707,72d707,Tay Ninh,Southeast,1,1,1,3.628864049911499,4.683516502380371,0,0,2010
72,709,72d709,Tay Ninh,Southeast,1,0,1,3.130263090133667,5.269721984863281,0,0,2010
72,712,72d712,Tay Ninh,Southeast,1,0,1,3.671224594116211,4.938912391662598,0,0,2010
72,710,72d710,Tay Ninh,Southeast,1,0,1,3.0383126735687256,4.776086807250977,0,0,2010
72,703,72d703,Tay Ninh,Southeast,1,0,1,3.0037004947662354,4.193735122680664,0,0,2010
72,709,72d709,Tay Ninh,Southeast,1,0,1,2.236445188522339,6.20105504989624,0,0,2010
72,708,72d708,Tay Ninh,Southeast,1,0,1,4.307302951812744,3.6481220722198486,0,0,2010
72,710,72d710,Tay Ninh,Southeast,1,0,1,3.2216718196868896,5.197908401489258,0,0,2010
72,709,72d709,Tay Ninh,Southeast,1,0,1,2.8881471157073975,5.045650005340576,0,0,2010
72,708,72d708,Tay Ninh,Southeast,1,0,1,3.163362979888916,5.223949432373047,0,0,2010
72,711,72d711,Tay Ninh,Southeast,1,0,1,3.604410171508789,4.557250022888184,0,0,2010
72,712,72d712,Tay Ninh,Southeast,1,0,1,3.408504009246826,NA,0,0,2010
72,707,72d707,Tay Ninh,Southeast,1,0,0,2.9079933166503906,5.460235595703125,0,0,2010
72,708,72d708,Tay Ninh,Southeast,1,0,1,4.42100715637207,3.0132503509521484,0,0,2010
72,706,72d706,Tay Ninh,Southeast,1,0,1,4.708629131317139,3.180830240249634,0,0,2010
72,706,72d706,Tay Ninh,Southeast,1,0,1,4.620354175567627,3.3141591548919678,0,0,2010
72,708,72d708,Tay Ninh,Southeast,1,0,1,3.6038661003112793,4.18143892288208,0,0,2010
72,706,72d706,Tay Ninh,Southeast,1,0,1,3.657904624938965,3.9754650592803955,0,0,2010
72,709,72d709,Tay Ninh,Southeast,1,0,1,1.581038475036621,6.7834696769714355,0,0,2010
72,705,72d705,Tay Ninh,Southeast,1,0,1,4.518740653991699,2.3001835346221924,0,0,2010
72,710,72d710,Tay Ninh,Southeast,1,0,1,3.571221351623535,4.712019920349121,0,0,2010
72,707,72d707,Tay Ninh,Southeast,1,0,1,3.4812400341033936,4.1863861083984375,0,0,2010
72,703,72d703,Tay Ninh,Southeast,1,1,1,3.232778787612915,5.315719127655029,0,0,2010
72,711,72d711,Tay Ninh,Southeast,1,0,1,3.2196755409240723,4.690547943115234,0,0,2010
72,706,72d706,Tay Ninh,Southeast,1,0,1,3.7732205390930176,4.154103755950928,0,0,2010
72,707,72d707,Tay Ninh,Southeast,1,0,1,3.2132601737976074,4.3801140785217285,0,0,2010
72,705,72d705,Tay Ninh,Southeast,1,0,1,4.063541889190674,3.7712464332580566,0,0,2010
74,722,74d722,Binh Duong,Southeast,1,0,1,3.755369186401367,4.0533599853515625,0,0,2010
74,725,74d725,Binh Duong,Southeast,1,0,0,1.0508215427398682,6.328186511993408,0,0,2010
74,721,74d721,Binh Duong,Southeast,0,0,1,2.8106069564819336,5.322393417358398,0,0,2010
74,720,74d720,Binh Duong,Southeast,1,0,1,4.132282257080078,4.088927745819092,0,0,2010
74,718,74d718,Binh Duong,Southeast,1,0,0,3.9512436389923096,4.021222114562988,0,0,2010
74,725,74d725,Binh Duong,Southeast,1,0,1,1.688249111175537,6.348970890045166,0,0,2010
74,724,74d724,Binh Duong,Southeast,1,0,1,1.220829963684082,6.805013179779053,0,0,2010
74,725,74d725,Binh Duong,Southeast,1,0,1,2.3887627124786377,4.970705032348633,0,0,2010
74,724,74d724,Binh Duong,Southeast,1,0,1,1.796747088432312,5.977688312530518,0,0,2010
74,723,74d723,Binh Duong,Southeast,1,0,0,3.0680530071258545,4.376195907592773,0,0,2010
74,723,74d723,Binh Duong,Southeast,1,0,1,2.098017930984497,4.959019184112549,0,0,2010
74,725,74d725,Binh Duong,Southeast,1,0,1,2.64546537399292,5.3565592765808105,0,0,2010
74,725,74d725,Binh Duong,Southeast,1,0,1,1.8764070272445679,5.8878889083862305,0,0,2010
74,721,74d721,Binh Duong,Southeast,1,0,1,3.6323091983795166,4.40102481842041,0,0,2010
74,723,74d723,Binh Duong,Southeast,1,0,1,4.032114505767822,3.4832301139831543,0,0,2010
74,721,74d721,Binh Duong,Southeast,1,0,1,3.866816520690918,3.8514244556427,0,0,2010
74,725,74d725,Binh Duong,Southeast,1,0,1,1.7526720762252808,5.694496154785156,0,0,2010
74,723,74d723,Binh Duong,Southeast,1,0,0,2.374905824661255,4.813507080078125,0,0,2010
74,720,74d720,Binh Duong,Southeast,1,0,0,4.558497905731201,3.0358834266662598,0,0,2010
74,722,74d722,Binh Duong,Southeast,1,0,0,4.15119743347168,4.02096700668335,0,0,2010
74,723,74d723,Binh Duong,Southeast,1,0,1,3.0248055458068848,4.264804840087891,0,0,2010
74,720,74d720,Binh Duong,Southeast,1,0,1,4.073461532592773,2.534539222717285,0,0,2010
74,720,74d720,Binh Duong,Southeast,1,0,0,4.066116809844971,3.264943838119507,0,0,2010
74,723,74d723,Binh Duong,Southeast,1,0,1,2.8507063388824463,4.384191989898682,0,0,2010
74,721,74d721,Binh Duong,Southeast,1,0,1,3.443298578262329,4.280263900756836,0,0,2010
74,720,74d720,Binh Duong,Southeast,1,0,1,4.275554180145264,3.224975109100342,0,0,2010
74,724,74d724,Binh Duong,Southeast,1,0,1,2.3263015747070312,6.168850421905518,0,0,2010
74,721,74d721,Binh Duong,Southeast,1,0,1,4.329812049865723,3.691772699356079,0,0,2010
74,725,74d725,Binh Duong,Southeast,1,0,1,2.4406063556671143,5.2004780769348145,0,0,2010
74,725,74d725,Binh Duong,Southeast,1,0,1,2.4336133003234863,5.610692024230957,0,0,2010
74,723,74d723,Binh Duong,Southeast,1,0,1,2.1972246170043945,5.493975639343262,0,0,2010
74,721,74d721,Binh Duong,Southeast,1,0,1,3.465735912322998,3.8981776237487793,0,0,2010
74,724,74d724,Binh Duong,Southeast,1,0,1,1.6992785930633545,5.7343878746032715,0,0,2010
74,721,74d721,Binh Duong,Southeast,1,0,1,2.815408706665039,5.034694671630859,0,0,2010
74,722,74d722,Binh Duong,Southeast,1,0,0,4.780299186706543,1.3617380857467651,0,0,2010
74,720,74d720,Binh Duong,Southeast,1,0,1,4.117572784423828,3.464146852493286,0,0,2010
74,723,74d723,Binh Duong,Southeast,1,0,1,3.364187479019165,3.9496991634368896,0,0,2010
74,724,74d724,Binh Duong,Southeast,1,0,1,2.6483001708984375,5.797397136688232,0,0,2010
74,722,74d722,Binh Duong,Southeast,1,0,1,4.102147579193115,2.677774429321289,0,0,2010
74,723,74d723,Binh Duong,Southeast,1,0,1,2.08567214012146,4.94518518447876,0,0,2010
74,724,74d724,Binh Duong,Southeast,1,0,1,2.337952136993408,5.4394211769104,0,0,2010
75,739,75d739,Dong Nai,Southeast,1,0,0,3.0487990379333496,4.497118949890137,0,0,2010
75,738,75d738,Dong Nai,Southeast,1,1,0,3.005187511444092,5.330723762512207,0,0,2010
75,738,75d738,Dong Nai,Southeast,1,1,0,3.4239368438720703,4.402107238769531,0,0,2010
75,734,75d734,Dong Nai,Southeast,0,0,1,6.0309014320373535,1.245654821395874,0,0,2010
75,736,75d736,Dong Nai,Southeast,1,0,0,4.03883171081543,3.8917341232299805,0,0,2010
75,740,75d740,Dong Nai,Southeast,1,0,1,2.9269180297851562,4.688873291015625,0,0,2010
75,735,75d735,Dong Nai,Southeast,1,0,1,3.3192639350891113,4.999478340148926,0,0,2010
75,734,75d734,Dong Nai,Southeast,1,0,1,2.7343673706054688,4.428804874420166,0,0,2010
75,742,75d742,Dong Nai,Southeast,1,0,1,3.117507219314575,4.744219779968262,0,0,2010
75,734,75d734,Dong Nai,Southeast,1,0,0,3.0120975971221924,4.598259925842285,0,0,2010
75,734,75d734,Dong Nai,Southeast,1,0,1,3.3289849758148193,4.169330596923828,0,0,2010
75,741,75d741,Dong Nai,Southeast,1,0,0,4.1477274894714355,4.171014785766602,0,0,2010
75,736,75d736,Dong Nai,Southeast,1,0,1,3.138533115386963,4.841490745544434,0,0,2010
75,734,75d734,Dong Nai,Southeast,1,0,1,3.3382575511932373,4.595539093017578,0,0,2010
75,737,75d737,Dong Nai,Southeast,1,1,1,2.82612943649292,4.554126262664795,0,0,2010
75,742,75d742,Dong Nai,Southeast,1,0,1,3.567841053009033,4.064075469970703,0,0,2010
75,735,75d735,Dong Nai,Southeast,1,0,1,5.280967712402344,1.7463468313217163,0,0,2010
75,737,75d737,Dong Nai,Southeast,1,0,1,3.1027913093566895,5.479252815246582,0,0,2010
75,740,75d740,Dong Nai,Southeast,1,0,1,4.34159517288208,3.4449565410614014,0,0,2010
75,742,75d742,Dong Nai,Southeast,1,0,1,2.8970162868499756,5.353603839874268,0,0,2010
75,739,75d739,Dong Nai,Southeast,1,0,0,3.3109078407287598,4.581917762756348,0,0,2010
75,741,75d741,Dong Nai,Southeast,1,0,0,3.5942940711975098,4.7007551193237305,0,0,2010
75,737,75d737,Dong Nai,Southeast,1,0,1,3.269188642501831,4.286716461181641,0,0,2010
75,732,75d732,Dong Nai,Southeast,1,0,0,3.1966302394866943,4.511331081390381,0,0,2010
75,741,75d741,Dong Nai,Southeast,1,0,1,2.8981194496154785,4.723075866699219,0,0,2010
75,731,75d731,Dong Nai,Southeast,1,0,0,2.220289945602417,6.09012508392334,0,0,2010
75,736,75d736,Dong Nai,Southeast,1,0,1,3.6375861167907715,3.8434059619903564,0,0,2010
75,739,75d739,Dong Nai,Southeast,1,1,1,2.8172035217285156,4.2852959632873535,0,0,2010
75,736,75d736,Dong Nai,Southeast,1,0,1,3.419692039489746,4.5995917320251465,0,0,2010
75,738,75d738,Dong Nai,Southeast,1,1,0,3.5392186641693115,4.8823442459106445,0,0,2010
75,739,75d739,Dong Nai,Southeast,1,1,0,3.508256435394287,4.73318338394165,0,0,2010
75,740,75d740,Dong Nai,Southeast,1,0,0,3.3690185546875,4.073474407196045,0,0,2010
75,741,75d741,Dong Nai,Southeast,1,0,1,4.456786155700684,3.321425199508667,0,0,2010
75,734,75d734,Dong Nai,Southeast,1,0,1,3.4011974334716797,4.036008834838867,0,0,2010
75,741,75d741,Dong Nai,Southeast,1,0,0,3.196221113204956,4.858936786651611,0,0,2010
75,742,75d742,Dong Nai,Southeast,1,0,1,3.3958497047424316,4.6877875328063965,0,0,2010
75,741,75d741,Dong Nai,Southeast,1,0,1,5.094669818878174,3.4877490997314453,0,0,2010
75,741,75d741,Dong Nai,Southeast,1,0,0,4.653579235076904,3.828815460205078,0,0,2010
75,738,75d738,Dong Nai,Southeast,1,0,1,2.6734588146209717,5.4245758056640625,0,0,2010
75,732,75d732,Dong Nai,Southeast,1,0,0,2.554121732711792,4.551664352416992,0,0,2010
75,731,75d731,Dong Nai,Southeast,1,0,1,3.75396466255188,5.214049339294434,0,0,2010
75,736,75d736,Dong Nai,Southeast,1,0,0,5.747608184814453,2.8206584453582764,0,0,2010
75,739,75d739,Dong Nai,Southeast,1,0,0,3.9697258472442627,4.341672420501709,0,0,2010
75,736,75d736,Dong Nai,Southeast,1,0,1,5.146214485168457,3.2566895484924316,0,0,2010
75,737,75d737,Dong Nai,Southeast,1,0,0,2.8859174251556396,5.613111972808838,0,0,2010
77,753,77d753,Ba Ria - Vung Tau,Southeast,1,0,1,3.474447727203369,3.7818493843078613,0,1,2010
77,750,77d750,Ba Ria - Vung Tau,Southeast,1,0,1,3.0717668533325195,4.192263126373291,0,1,2010
77,752,77d752,Ba Ria - Vung Tau,Southeast,1,0,0,2.6195831298828125,4.690967082977295,0,1,2010
77,754,77d754,Ba Ria - Vung Tau,Southeast,1,0,1,3.647015333175659,5.05283260345459,0,1,2010
77,747,77d747,Ba Ria - Vung Tau,Southeast,1,0,1,4.454347133636475,3.662069797515869,0,0,2010
77,751,77d751,Ba Ria - Vung Tau,Southeast,1,0,0,4.596129417419434,3.758544921875,0,1,2010
77,750,77d750,Ba Ria - Vung Tau,Southeast,1,0,0,3.600867509841919,4.317032814025879,0,1,2010
77,751,77d751,Ba Ria - Vung Tau,Southeast,1,0,0,3.607398271560669,3.114027500152588,0,1,2010
77,748,77d748,Ba Ria - Vung Tau,Southeast,1,0,1,2.7819199562072754,4.797759056091309,0,0,2010
77,752,77d752,Ba Ria - Vung Tau,Southeast,1,0,1,1.6974488496780396,6.751251220703125,0,1,2010
77,751,77d751,Ba Ria - Vung Tau,Southeast,1,0,1,3.9051997661590576,3.168916940689087,0,1,2010
77,751,77d751,Ba Ria - Vung Tau,Southeast,1,0,0,3.6054978370666504,4.364205837249756,0,1,2010
77,754,77d754,Ba Ria - Vung Tau,Southeast,1,0,0,3.4919517040252686,4.504028797149658,0,1,2010
77,752,77d752,Ba Ria - Vung Tau,Southeast,1,0,1,1.7817091941833496,5.111947059631348,0,1,2010
77,754,77d754,Ba Ria - Vung Tau,Southeast,1,0,1,3.1152915954589844,4.733642101287842,0,1,2010
77,752,77d752,Ba Ria - Vung Tau,Southeast,1,0,1,2.26072096824646,6.10495138168335,0,1,2010
77,752,77d752,Ba Ria - Vung Tau,Southeast,1,1,1,2.4790563583374023,5.016485691070557,0,1,2010
77,754,77d754,Ba Ria - Vung Tau,Southeast,1,0,0,3.367985248565674,3.9728503227233887,0,1,2010
77,751,77d751,Ba Ria - Vung Tau,Southeast,1,1,1,3.924544334411621,3.6308376789093018,0,1,2010
77,750,77d750,Ba Ria - Vung Tau,Southeast,1,0,0,3.1822118759155273,4.691005229949951,0,1,2010
77,750,77d750,Ba Ria - Vung Tau,Southeast,1,0,0,3.097385883331299,4.828855514526367,0,1,2010
77,750,77d750,Ba Ria - Vung Tau,Southeast,0,0,0,3.021399974822998,4.340610504150391,0,1,2010
77,750,77d750,Ba Ria - Vung Tau,Southeast,1,0,0,0.5822156071662903,7.116267204284668,0,1,2010
79,783,79d783,Ho Chi Minh City,Southeast,1,0,1,2.1972246170043945,5.683957576751709,1,1,2010
79,784,79d784,Ho Chi Minh City,Southeast,1,0,1,2.6912431716918945,5.48655366897583,1,1,2010
79,785,79d785,Ho Chi Minh City,Southeast,1,0,1,3.1544439792633057,4.817677021026611,1,1,2010
79,784,79d784,Ho Chi Minh City,Southeast,1,0,1,0.5709795355796814,7.835729122161865,1,1,2010
79,783,79d783,Ho Chi Minh City,Southeast,1,0,1,0.8372474908828735,6.404834747314453,1,1,2010
79,783,79d783,Ho Chi Minh City,Southeast,1,0,1,3.1966302394866943,4.307210445404053,1,1,2010
79,785,79d785,Ho Chi Minh City,Southeast,1,0,1,2.4388628005981445,5.848413944244385,1,1,2010
79,784,79d784,Ho Chi Minh City,Southeast,1,0,1,1.953027606010437,7.262300491333008,1,1,2010
79,783,79d783,Ho Chi Minh City,Southeast,1,0,0,2.995232105255127,5.140407562255859,1,1,2010
79,787,79d787,Ho Chi Minh City,Southeast,1,1,1,3.771610975265503,4.675374507904053,1,1,2010
79,785,79d785,Ho Chi Minh City,Southeast,1,0,1,2.978586196899414,7.703836441040039,1,1,2010
79,783,79d783,Ho Chi Minh City,Southeast,1,0,1,2.8836827278137207,5.741108417510986,1,1,2010
79,784,79d784,Ho Chi Minh City,Southeast,1,0,1,2.190535545349121,6.838762283325195,1,1,2010
79,785,79d785,Ho Chi Minh City,Southeast,1,0,1,2.9481163024902344,4.384253025054932,1,1,2010
79,785,79d785,Ho Chi Minh City,Southeast,1,0,0,2.140066146850586,5.999958038330078,1,1,2010
79,784,79d784,Ho Chi Minh City,Southeast,1,0,1,2.1435892581939697,5.713891506195068,1,1,2010
79,786,79d786,Ho Chi Minh City,Southeast,1,0,1,2.6755270957946777,5.028834342956543,1,1,2010
79,783,79d783,Ho Chi Minh City,Southeast,1,0,0,3.2343554496765137,5.023289680480957,1,1,2010
79,783,79d783,Ho Chi Minh City,Southeast,1,0,1,3.4669852256774902,NA,1,1,2010
79,785,79d785,Ho Chi Minh City,Southeast,1,0,1,2.9274535179138184,5.149372577667236,1,1,2010
80,801,80d801,Long An,Mekong River Delta,1,0,1,3.4870691299438477,4.05673360824585,0,0,2010
80,807,80d807,Long An,Mekong River Delta,1,0,0,2.7819199562072754,5.036108016967773,0,0,2010
80,807,80d807,Long An,Mekong River Delta,0,0,1,2.3194422721862793,5.5789690017700195,0,0,2010
80,806,80d806,Long An,Mekong River Delta,1,0,0,3.0286834239959717,5.069655418395996,0,0,2010
80,802,80d802,Long An,Mekong River Delta,1,0,1,3.1376657485961914,4.960977077484131,0,0,2010
80,808,80d808,Long An,Mekong River Delta,1,0,1,1.90805983543396,5.20181941986084,0,0,2010
80,804,80d804,Long An,Mekong River Delta,1,0,1,2.540814161300659,5.3997697830200195,0,0,2010
80,794,80d794,Long An,Mekong River Delta,1,0,0,1.916922688484192,5.218764781951904,0,0,2010
80,799,80d799,Long An,Mekong River Delta,0,0,1,3.632838010787964,4.049644470214844,0,0,2010
80,802,80d802,Long An,Mekong River Delta,1,0,1,3.09013295173645,5.08203125,0,0,2010
80,807,80d807,Long An,Mekong River Delta,1,0,0,2.316488027572632,5.34832763671875,0,0,2010
80,801,80d801,Long An,Mekong River Delta,0,0,0,4.289774417877197,3.293473243713379,0,0,2010
80,799,80d799,Long An,Mekong River Delta,0,0,1,3.4885976314544678,3.364701509475708,0,0,2010
80,808,80d808,Long An,Mekong River Delta,1,0,1,2.215937376022339,5.149242877960205,0,0,2010
80,802,80d802,Long An,Mekong River Delta,1,0,1,3.072693347930908,4.718002796173096,0,0,2010
80,802,80d802,Long An,Mekong River Delta,1,0,1,3.277522087097168,4.599495887756348,0,0,2010
80,801,80d801,Long An,Mekong River Delta,0,0,0,3.71770977973938,3.814378261566162,0,0,2010
80,802,80d802,Long An,Mekong River Delta,1,0,1,2.8633430004119873,5.076528549194336,0,0,2010
80,796,80d796,Long An,Mekong River Delta,0,0,0,3.8987350463867188,3.1470415592193604,0,0,2010
80,807,80d807,Long An,Mekong River Delta,1,0,0,3.0061774253845215,4.810642242431641,0,0,2010
80,807,80d807,Long An,Mekong River Delta,1,0,0,2.62394380569458,5.219120502471924,0,0,2010
80,806,80d806,Long An,Mekong River Delta,1,0,0,2.525728702545166,5.4515533447265625,0,0,2010
80,797,80d797,Long An,Mekong River Delta,1,0,1,3.1170644760131836,3.7341203689575195,0,0,2010
80,806,80d806,Long An,Mekong River Delta,1,0,0,2.034705638885498,5.539852619171143,0,0,2010
80,805,80d805,Long An,Mekong River Delta,1,0,1,2.316488027572632,5.07369327545166,0,0,2010
80,803,80d803,Long An,Mekong River Delta,1,1,1,2.516889810562134,5.447266101837158,0,0,2010
80,803,80d803,Long An,Mekong River Delta,1,0,1,3.473207950592041,4.204655647277832,0,0,2010
80,808,80d808,Long An,Mekong River Delta,1,0,0,2.929058074951172,5.038915157318115,0,0,2010
80,800,80d800,Long An,Mekong River Delta,0,0,1,3.402862548828125,3.600202798843384,0,0,2010
80,797,80d797,Long An,Mekong River Delta,0,0,1,3.8813576698303223,3.088433027267456,0,0,2010
80,806,80d806,Long An,Mekong River Delta,1,0,0,3.0558862686157227,5.086759090423584,0,0,2010
80,803,80d803,Long An,Mekong River Delta,1,0,0,2.67759108543396,5.227481842041016,0,0,2010
80,799,80d799,Long An,Mekong River Delta,0,0,1,3.314913034439087,3.982177972793579,0,0,2010
80,807,80d807,Long An,Mekong River Delta,1,0,0,2.2321627140045166,5.570864200592041,0,0,2010
80,804,80d804,Long An,Mekong River Delta,1,0,1,2.8379082679748535,4.491185665130615,0,0,2010
80,803,80d803,Long An,Mekong River Delta,1,0,1,3.2363226413726807,4.829885005950928,0,0,2010
80,800,80d800,Long An,Mekong River Delta,1,0,0,3.6240742206573486,3.33722186088562,0,0,2010
80,798,80d798,Long An,Mekong River Delta,0,0,1,4.199154853820801,2.9277360439300537,0,0,2010
80,805,80d805,Long An,Mekong River Delta,1,0,1,2.1306097507476807,5.237730026245117,0,0,2010
80,806,80d806,Long An,Mekong River Delta,1,0,0,2.24283504486084,5.742989540100098,0,0,2010
80,794,80d794,Long An,Mekong River Delta,1,0,0,2.142416477203369,5.240330219268799,0,0,2010
80,798,80d798,Long An,Mekong River Delta,1,0,1,2.585505962371826,3.79461669921875,0,0,2010
80,799,80d799,Long An,Mekong River Delta,0,0,1,3.7704594135284424,3.681942939758301,0,0,2010
82,820,82d820,Tien Giang,Mekong River Delta,1,0,0,2.4578781127929688,5.2102155685424805,0,0,2010
82,820,82d820,Tien Giang,Mekong River Delta,0,0,0,2.444084644317627,5.3695068359375,0,0,2010
82,821,82d821,Tien Giang,Mekong River Delta,1,0,0,3.0544726848602295,5.152111053466797,0,0,2010
82,823,82d823,Tien Giang,Mekong River Delta,1,0,0,2.3504223823547363,5.040992736816406,0,0,2010
82,820,82d820,Tien Giang,Mekong River Delta,1,0,0,2.9412760734558105,5.437114715576172,0,0,2010
82,819,82d819,Tien Giang,Mekong River Delta,1,0,1,2.950211763381958,5.193596363067627,0,0,2010
82,819,82d819,Tien Giang,Mekong River Delta,1,1,1,3.1148478984832764,5.241472244262695,0,0,2010
82,820,82d820,Tien Giang,Mekong River Delta,0,0,1,3.035433530807495,5.3509674072265625,0,0,2010
82,821,82d821,Tien Giang,Mekong River Delta,1,0,0,2.4587337970733643,5.382366180419922,0,0,2010
82,821,82d821,Tien Giang,Mekong River Delta,1,0,1,2.4006187915802,5.840820789337158,0,0,2010
82,822,82d822,Tien Giang,Mekong River Delta,1,0,0,2.2321627140045166,5.394407749176025,0,0,2010
82,819,82d819,Tien Giang,Mekong River Delta,1,0,1,2.6224923133850098,4.942782878875732,0,0,2010
82,824,82d824,Tien Giang,Mekong River Delta,1,0,0,2.430978298187256,5.3946661949157715,0,0,2010
82,819,82d819,Tien Giang,Mekong River Delta,0,0,1,2.778198003768921,5.085453510284424,0,0,2010
82,819,82d819,Tien Giang,Mekong River Delta,0,0,1,2.8797600269317627,5.196755409240723,0,0,2010
82,819,82d819,Tien Giang,Mekong River Delta,1,0,1,2.4159138202667236,5.005862236022949,0,0,2010
82,819,82d819,Tien Giang,Mekong River Delta,1,0,0,3.2680468559265137,4.821435451507568,0,0,2010
82,822,82d822,Tien Giang,Mekong River Delta,1,0,0,2.7555696964263916,5.3744893074035645,0,0,2010
82,815,82d815,Tien Giang,Mekong River Delta,1,0,1,2.425687313079834,6.009861946105957,0,0,2010
82,824,82d824,Tien Giang,Mekong River Delta,1,0,0,3.0883114337921143,4.999021530151367,0,0,2010
82,823,82d823,Tien Giang,Mekong River Delta,1,0,0,2.911807060241699,5.198019027709961,0,0,2010
82,822,82d822,Tien Giang,Mekong River Delta,1,0,0,2.925309658050537,5.045775890350342,0,0,2010
82,820,82d820,Tien Giang,Mekong River Delta,0,0,0,2.786245107650757,4.945247173309326,0,0,2010
82,821,82d821,Tien Giang,Mekong River Delta,1,0,0,1.6272778511047363,6.313662052154541,0,0,2010
82,818,82d818,Tien Giang,Mekong River Delta,1,0,0,3.5121421813964844,3.4367549419403076,0,0,2010
82,824,82d824,Tien Giang,Mekong River Delta,0,0,0,2.6623551845550537,5.529108047485352,0,0,2010
82,824,82d824,Tien Giang,Mekong River Delta,1,0,0,2.577181816101074,5.433177471160889,0,0,2010
82,823,82d823,Tien Giang,Mekong River Delta,1,0,0,2.7517480850219727,5.185983657836914,0,0,2010
82,819,82d819,Tien Giang,Mekong River Delta,1,0,1,2.9831535816192627,5.136542797088623,0,0,2010
82,820,82d820,Tien Giang,Mekong River Delta,0,0,1,2.5185024738311768,5.21518087387085,0,0,2010
82,825,82d825,Tien Giang,Mekong River Delta,0,0,0,3.062455892562866,4.952210426330566,0,0,2010
82,815,82d815,Tien Giang,Mekong River Delta,1,0,1,2.3331143856048584,6.057608127593994,0,0,2010
82,819,82d819,Tien Giang,Mekong River Delta,1,0,1,2.7343673706054688,5.3520426750183105,0,0,2010
82,821,82d821,Tien Giang,Mekong River Delta,1,0,1,1.7766457796096802,5.936244964599609,0,0,2010
82,816,82d816,Tien Giang,Mekong River Delta,1,0,0,3.3400309085845947,4.865187644958496,0,0,2010
82,822,82d822,Tien Giang,Mekong River Delta,1,1,0,2.9156062602996826,5.217687606811523,0,0,2010
82,819,82d819,Tien Giang,Mekong River Delta,0,0,1,2.4535880088806152,5.632514476776123,0,0,2010
82,816,82d816,Tien Giang,Mekong River Delta,1,0,0,1.816452145576477,5.601128101348877,0,0,2010
82,820,82d820,Tien Giang,Mekong River Delta,1,0,1,1.9050880670547485,5.374919891357422,0,0,2010
82,820,82d820,Tien Giang,Mekong River Delta,1,0,1,2.632607936859131,5.318246841430664,0,0,2010
82,822,82d822,Tien Giang,Mekong River Delta,1,0,0,2.63834285736084,5.074548244476318,0,0,2010
82,821,82d821,Tien Giang,Mekong River Delta,1,0,0,1.2296406030654907,6.105993270874023,0,0,2010
82,825,82d825,Tien Giang,Mekong River Delta,1,0,0,3.105483055114746,4.462379455566406,0,0,2010
82,822,82d822,Tien Giang,Mekong River Delta,1,0,1,2.436241388320923,5.26133394241333,0,0,2010
82,818,82d818,Tien Giang,Mekong River Delta,1,0,0,3.3435683250427246,3.028043508529663,0,0,2010
82,821,82d821,Tien Giang,Mekong River Delta,1,0,0,1.7526720762252808,6.196772575378418,0,0,2010
82,815,82d815,Tien Giang,Mekong River Delta,1,0,1,2.363680124282837,6.046150207519531,0,0,2010
82,823,82d823,Tien Giang,Mekong River Delta,1,0,0,2.5022552013397217,5.090110778808594,0,0,2010
82,820,82d820,Tien Giang,Mekong River Delta,0,0,0,3.4840054512023926,4.6285223960876465,0,0,2010
83,832,83d832,Ben Tre,Mekong River Delta,0,0,0,2.9942312240600586,4.867110729217529,0,0,2010
83,836,83d836,Ben Tre,Mekong River Delta,1,0,0,2.2257039546966553,5.652451038360596,0,0,2010
83,832,83d832,Ben Tre,Mekong River Delta,1,0,0,3.1458749771118164,5.197441101074219,0,0,2010
83,833,83d833,Ben Tre,Mekong River Delta,1,0,0,3.072230339050293,5.073029041290283,0,0,2010
83,834,83d834,Ben Tre,Mekong River Delta,0,0,0,2.95699143409729,5.19923210144043,0,0,2010
83,838,83d838,Ben Tre,Mekong River Delta,1,0,0,2.3085672855377197,5.4061102867126465,0,0,2010
83,837,83d837,Ben Tre,Mekong River Delta,1,0,0,2.519308090209961,4.988930702209473,0,0,2010
83,838,83d838,Ben Tre,Mekong River Delta,1,0,0,2.4940314292907715,5.514001369476318,0,0,2010
83,831,83d831,Ben Tre,Mekong River Delta,1,0,0,1.302912712097168,5.76184606552124,0,0,2010
83,835,83d835,Ben Tre,Mekong River Delta,1,0,0,2.0464017391204834,5.237733364105225,0,0,2010
83,833,83d833,Ben Tre,Mekong River Delta,1,0,0,2.602689743041992,5.4941277503967285,0,0,2010
83,834,83d834,Ben Tre,Mekong River Delta,0,0,1,1.9851309061050415,5.7419633865356445,0,0,2010
83,833,83d833,Ben Tre,Mekong River Delta,0,0,0,2.890371799468994,4.90403938293457,0,0,2010
83,836,83d836,Ben Tre,Mekong River Delta,1,0,0,2.5368664264678955,4.964767932891846,0,0,2010
83,831,83d831,Ben Tre,Mekong River Delta,1,0,0,1.8468787670135498,6.2989606857299805,0,0,2010
83,836,83d836,Ben Tre,Mekong River Delta,1,0,0,2.5718486309051514,3.9020421504974365,0,0,2010
83,833,83d833,Ben Tre,Mekong River Delta,1,0,0,2.1598687171936035,5.495995044708252,0,0,2010
83,831,83d831,Ben Tre,Mekong River Delta,1,0,0,1.8245493173599243,5.149929523468018,0,0,2010
83,832,83d832,Ben Tre,Mekong River Delta,1,0,0,2.5649492740631104,5.395374298095703,0,0,2010
83,833,83d833,Ben Tre,Mekong River Delta,1,0,0,2.8942530155181885,4.837238788604736,0,0,2010
83,834,83d834,Ben Tre,Mekong River Delta,0,0,0,2.671386241912842,5.131231784820557,0,0,2010
83,829,83d829,Ben Tre,Mekong River Delta,1,0,0,2.355177640914917,5.499979496002197,0,0,2010
83,838,83d838,Ben Tre,Mekong River Delta,1,1,0,2.0681278705596924,5.580135345458984,0,0,2010
83,834,83d834,Ben Tre,Mekong River Delta,0,0,0,2.309560775756836,5.0947184562683105,0,0,2010
83,832,83d832,Ben Tre,Mekong River Delta,1,0,0,2.7278528213500977,5.659003734588623,0,0,2010
83,836,83d836,Ben Tre,Mekong River Delta,1,1,0,2.9306602478027344,5.406927585601807,0,0,2010
83,834,83d834,Ben Tre,Mekong River Delta,1,0,0,2.8437459468841553,5.170589923858643,0,0,2010
83,836,83d836,Ben Tre,Mekong River Delta,0,0,0,2.577181816101074,5.400786399841309,0,0,2010
83,831,83d831,Ben Tre,Mekong River Delta,1,0,0,2.8970162868499756,5.467258930206299,0,0,2010
83,837,83d837,Ben Tre,Mekong River Delta,0,0,0,2.1329822540283203,5.040976047515869,0,0,2010
83,831,83d831,Ben Tre,Mekong River Delta,1,0,0,2.859912395477295,5.327942848205566,0,0,2010
83,835,83d835,Ben Tre,Mekong River Delta,1,0,0,3.1692652702331543,4.510448455810547,0,0,2010
83,837,83d837,Ben Tre,Mekong River Delta,0,0,0,3.067122220993042,4.663052558898926,0,0,2010
83,836,83d836,Ben Tre,Mekong River Delta,1,0,0,2.646883726119995,5.142984867095947,0,0,2010
83,831,83d831,Ben Tre,Mekong River Delta,1,0,0,1.4655674695968628,5.402406692504883,0,0,2010
83,836,83d836,Ben Tre,Mekong River Delta,1,0,0,3.452840566635132,4.063592433929443,0,0,2010
83,838,83d838,Ben Tre,Mekong River Delta,1,0,0,2.220289945602417,5.499728202819824,0,0,2010
83,829,83d829,Ben Tre,Mekong River Delta,1,0,1,2.2565412521362305,5.93796443939209,0,0,2010
83,832,83d832,Ben Tre,Mekong River Delta,1,0,0,3.1842844486236572,4.922230243682861,0,0,2010
83,834,83d834,Ben Tre,Mekong River Delta,1,0,0,1.8000582456588745,5.461166858673096,0,0,2010
83,837,83d837,Ben Tre,Mekong River Delta,1,0,0,3.70228910446167,3.9695374965667725,0,0,2010
83,837,83d837,Ben Tre,Mekong River Delta,0,0,0,2.658859968185425,4.840009689331055,0,0,2010
83,835,83d835,Ben Tre,Mekong River Delta,1,0,0,3.0315818786621094,4.622387409210205,0,0,2010
83,835,83d835,Ben Tre,Mekong River Delta,1,0,0,2.472327947616577,5.130073547363281,0,0,2010
84,845,84d845,Tra Vinh,Mekong River Delta,0,0,1,3.259633779525757,4.691220760345459,0,0,2010
84,847,84d847,Tra Vinh,Mekong River Delta,1,0,1,3.56925106048584,4.506331443786621,0,0,2010
84,844,84d844,Tra Vinh,Mekong River Delta,1,0,0,3.5553481578826904,4.613138198852539,0,0,2010
84,848,84d848,Tra Vinh,Mekong River Delta,1,0,1,3.104138135910034,4.6690354347229,0,0,2010
84,848,84d848,Tra Vinh,Mekong River Delta,1,0,1,3.1005425453186035,4.599299907684326,0,0,2010
84,850,84d850,Tra Vinh,Mekong River Delta,1,0,1,3.7218306064605713,3.858358860015869,0,0,2010
84,847,84d847,Tra Vinh,Mekong River Delta,1,0,0,2.487403392791748,5.446034908294678,0,0,2010
84,846,84d846,Tra Vinh,Mekong River Delta,1,0,1,3.120159864425659,4.788594722747803,0,0,2010
84,849,84d849,Tra Vinh,Mekong River Delta,1,0,1,2.4604432582855225,5.134441375732422,0,0,2010
84,846,84d846,Tra Vinh,Mekong River Delta,1,0,1,2.8189949989318848,4.674322128295898,0,0,2010
84,845,84d845,Tra Vinh,Mekong River Delta,1,0,1,2.483238458633423,4.616788387298584,0,0,2010
84,849,84d849,Tra Vinh,Mekong River Delta,0,0,1,3.1884167194366455,4.431307792663574,0,0,2010
84,847,84d847,Tra Vinh,Mekong River Delta,1,0,1,3.1223649978637695,4.779382705688477,0,0,2010
84,848,84d848,Tra Vinh,Mekong River Delta,1,0,0,3.131136894226074,4.44290828704834,0,0,2010
84,849,84d849,Tra Vinh,Mekong River Delta,1,0,1,3.0745434761047363,5.0876874923706055,0,0,2010
84,850,84d850,Tra Vinh,Mekong River Delta,1,0,1,4.188896656036377,3.823784112930298,0,0,2010
84,845,84d845,Tra Vinh,Mekong River Delta,1,0,1,3.2752561569213867,4.653510093688965,0,0,2010
84,847,84d847,Tra Vinh,Mekong River Delta,1,0,0,3.589611530303955,4.441773891448975,0,0,2010
84,846,84d846,Tra Vinh,Mekong River Delta,1,0,0,3.455685615539551,4.5870137214660645,0,0,2010
84,850,84d850,Tra Vinh,Mekong River Delta,1,0,1,3.589611530303955,4.443073272705078,0,0,2010
84,844,84d844,Tra Vinh,Mekong River Delta,1,0,0,3.113959550857544,4.769109725952148,0,0,2010
84,849,84d849,Tra Vinh,Mekong River Delta,1,0,1,3.4613513946533203,4.780615329742432,0,0,2010
84,844,84d844,Tra Vinh,Mekong River Delta,0,0,0,3.0497469902038574,4.547649383544922,0,0,2010
84,844,84d844,Tra Vinh,Mekong River Delta,0,0,0,3.2280337810516357,4.710768699645996,0,0,2010
84,845,84d845,Tra Vinh,Mekong River Delta,1,0,1,2.997730255126953,4.782990455627441,0,0,2010
84,848,84d848,Tra Vinh,Mekong River Delta,1,0,0,3.1986730098724365,4.421051025390625,0,0,2010
84,847,84d847,Tra Vinh,Mekong River Delta,1,0,0,3.016514778137207,4.591363430023193,0,0,2010
84,845,84d845,Tra Vinh,Mekong River Delta,1,0,1,3.252697467803955,4.849283218383789,0,0,2010
84,845,84d845,Tra Vinh,Mekong River Delta,1,0,1,3.3707382678985596,4.5059003829956055,0,0,2010
84,847,84d847,Tra Vinh,Mekong River Delta,1,0,0,3.1090610027313232,4.7201714515686035,0,0,2010
84,848,84d848,Tra Vinh,Mekong River Delta,1,0,0,3.431079864501953,4.513766765594482,0,0,2010
84,849,84d849,Tra Vinh,Mekong River Delta,1,0,1,3.086486577987671,4.841919422149658,0,0,2010
84,844,84d844,Tra Vinh,Mekong River Delta,1,0,0,3.097837448120117,4.9145121574401855,0,0,2010
84,848,84d848,Tra Vinh,Mekong River Delta,1,0,1,3.5166072845458984,4.7651166915893555,0,0,2010
84,849,84d849,Tra Vinh,Mekong River Delta,0,0,1,2.9601049423217773,4.817687511444092,0,0,2010
84,844,84d844,Tra Vinh,Mekong River Delta,1,0,0,2.9375734329223633,4.631838321685791,0,0,2010
86,860,86d860,Vinh Long,Mekong River Delta,1,1,0,2.9683611392974854,4.696923732757568,0,0,2010
86,859,86d859,Vinh Long,Mekong River Delta,1,0,0,2.6173958778381348,5.22409725189209,0,0,2010
86,861,86d861,Vinh Long,Mekong River Delta,1,0,0,3.1565747261047363,5.0716023445129395,0,0,2010
86,858,86d858,Vinh Long,Mekong River Delta,1,0,0,2.3730435371398926,5.118043899536133,0,0,2010
86,857,86d857,Vinh Long,Mekong River Delta,1,0,1,3.00815486907959,4.994539260864258,0,0,2010
86,858,86d858,Vinh Long,Mekong River Delta,0,0,0,2.646883726119995,4.883596420288086,0,0,2010
86,862,86d862,Vinh Long,Mekong River Delta,0,0,0,3.2809112071990967,4.732431888580322,0,0,2010
86,863,86d863,Vinh Long,Mekong River Delta,0,0,0,2.70805025100708,5.478692531585693,0,0,2010
86,859,86d859,Vinh Long,Mekong River Delta,1,0,1,2.665142774581909,4.856716632843018,0,0,2010
86,859,86d859,Vinh Long,Mekong River Delta,0,0,0,2.4449522495269775,5.076907157897949,0,0,2010
86,862,86d862,Vinh Long,Mekong River Delta,0,0,0,2.8355636596679688,4.92915678024292,0,0,2010
86,861,86d861,Vinh Long,Mekong River Delta,0,0,0,2.9887077808380127,5.457418918609619,0,0,2010
86,858,86d858,Vinh Long,Mekong River Delta,1,0,1,1.7664417028427124,5.420459270477295,0,0,2010
86,859,86d859,Vinh Long,Mekong River Delta,1,0,0,2.767576217651367,5.21620512008667,0,0,2010
86,863,86d863,Vinh Long,Mekong River Delta,0,0,1,2.3025851249694824,5.613492965698242,0,0,2010
86,863,86d863,Vinh Long,Mekong River Delta,0,0,0,2.694627285003662,4.672450065612793,0,0,2010
86,860,86d860,Vinh Long,Mekong River Delta,1,0,0,3.080073356628418,4.916243553161621,0,0,2010
86,855,86d855,Vinh Long,Mekong River Delta,0,0,1,2.004179000854492,5.562131881713867,0,0,2010
86,857,86d857,Vinh Long,Mekong River Delta,0,0,1,2.7656900882720947,5.146733283996582,0,0,2010
86,862,86d862,Vinh Long,Mekong River Delta,1,0,1,2.8518619537353516,5.271992206573486,0,0,2010
86,857,86d857,Vinh Long,Mekong River Delta,1,0,0,2.6609585285186768,5.5365800857543945,0,0,2010
86,860,86d860,Vinh Long,Mekong River Delta,1,1,1,2.4604432582855225,5.4387102127075195,0,0,2010
86,857,86d857,Vinh Long,Mekong River Delta,1,0,0,2.472327947616577,5.319194793701172,0,0,2010
86,860,86d860,Vinh Long,Mekong River Delta,1,1,0,3.2288260459899902,4.967335224151611,0,0,2010
86,857,86d857,Vinh Long,Mekong River Delta,0,0,1,2.4948570728302,5.069900035858154,0,0,2010
86,862,86d862,Vinh Long,Mekong River Delta,1,0,0,2.9982290267944336,4.550326824188232,0,0,2010
86,862,86d862,Vinh Long,Mekong River Delta,0,0,1,3.0768513679504395,4.87752103805542,0,0,2010
86,861,86d861,Vinh Long,Mekong River Delta,1,0,0,2.613739490509033,5.693226337432861,0,0,2010
86,859,86d859,Vinh Long,Mekong River Delta,1,0,0,2.761906862258911,5.07288122177124,0,0,2010
86,860,86d860,Vinh Long,Mekong River Delta,1,1,0,2.558002233505249,4.807178020477295,0,0,2010
86,860,86d860,Vinh Long,Mekong River Delta,1,1,1,2.663749933242798,5.018271446228027,0,0,2010
86,858,86d858,Vinh Long,Mekong River Delta,0,0,0,3.035433530807495,4.841204643249512,0,0,2010
86,860,86d860,Vinh Long,Mekong River Delta,0,0,0,3.2642314434051514,4.733431816101074,0,0,2010
86,857,86d857,Vinh Long,Mekong River Delta,0,0,1,2.5564517974853516,5.4833502769470215,0,0,2010
86,863,86d863,Vinh Long,Mekong River Delta,1,0,0,2.890371799468994,4.713027477264404,0,0,2010
86,857,86d857,Vinh Long,Mekong River Delta,0,1,1,2.488234519958496,5.204791069030762,0,0,2010
86,859,86d859,Vinh Long,Mekong River Delta,0,0,0,2.4997951984405518,5.040826320648193,0,0,2010
86,862,86d862,Vinh Long,Mekong River Delta,0,0,0,2.951780319213867,5.1141133308410645,0,0,2010
87,874,87d874,Dong Thap,Mekong River Delta,1,0,0,3.4275145530700684,4.014977931976318,0,0,2010
87,871,87d871,Dong Thap,Mekong River Delta,1,0,0,3.9437155723571777,3.190378189086914,0,0,2010
87,872,87d872,Dong Thap,Mekong River Delta,1,0,1,4.035125255584717,3.601144313812256,0,0,2010
87,877,87d877,Dong Thap,Mekong River Delta,1,0,1,2.74019455909729,5.344059467315674,0,0,2010
87,875,87d875,Dong Thap,Mekong River Delta,1,0,1,3.4407384395599365,4.839212417602539,0,0,2010
87,876,87d876,Dong Thap,Mekong River Delta,1,0,1,2.887590169906616,4.971823215484619,0,0,2010
87,872,87d872,Dong Thap,Mekong River Delta,0,0,1,3.8891637325286865,4.122854709625244,0,0,2010
87,869,87d869,Dong Thap,Mekong River Delta,1,0,1,3.716494560241699,4.382148265838623,0,0,2010
87,872,87d872,Dong Thap,Mekong River Delta,1,0,1,4.157945156097412,4.003429889678955,0,0,2010
87,876,87d876,Dong Thap,Mekong River Delta,1,0,1,2.9760396480560303,5.236257553100586,0,0,2010
87,866,87d866,Dong Thap,Mekong River Delta,1,0,0,2.418588638305664,5.620891094207764,0,0,2010
87,873,87d873,Dong Thap,Mekong River Delta,1,0,0,3.0184717178344727,4.917115688323975,0,0,2010
87,868,87d868,Dong Thap,Mekong River Delta,1,0,1,2.94968843460083,4.119335174560547,0,0,2010
87,876,87d876,Dong Thap,Mekong River Delta,1,0,1,2.979602813720703,5.105884075164795,0,0,2010
87,869,87d869,Dong Thap,Mekong River Delta,1,0,1,3.9470038414001465,4.054686069488525,0,0,2010
87,868,87d868,Dong Thap,Mekong River Delta,1,0,1,3.879912853240967,4.036530017852783,0,0,2010
87,875,87d875,Dong Thap,Mekong River Delta,1,0,1,2.6665334701538086,5.623758792877197,0,0,2010
87,870,87d870,Dong Thap,Mekong River Delta,1,0,0,2.756840467453003,5.644941806793213,0,0,2010
87,866,87d866,Dong Thap,Mekong River Delta,1,0,1,2.3646204471588135,5.744002819061279,0,0,2010
87,877,87d877,Dong Thap,Mekong River Delta,0,0,0,3.43977689743042,4.655211925506592,0,0,2010
87,875,87d875,Dong Thap,Mekong River Delta,1,0,0,3.0666565895080566,5.180301666259766,0,0,2010
87,866,87d866,Dong Thap,Mekong River Delta,1,0,1,2.7669477462768555,5.277357578277588,0,0,2010
87,870,87d870,Dong Thap,Mekong River Delta,1,0,0,2.8831233978271484,5.445810794830322,0,0,2010
87,876,87d876,Dong Thap,Mekong River Delta,1,0,1,3.1863527297973633,5.4042768478393555,0,0,2010
87,875,87d875,Dong Thap,Mekong River Delta,0,0,1,2.877511739730835,5.478573322296143,0,0,2010
87,873,87d873,Dong Thap,Mekong River Delta,0,0,0,3.4480810165405273,4.993526458740234,0,0,2010
87,875,87d875,Dong Thap,Mekong River Delta,1,0,0,2.862772226333618,5.125770568847656,0,0,2010
87,873,87d873,Dong Thap,Mekong River Delta,0,0,0,3.3389673233032227,4.512304782867432,0,0,2010
87,872,87d872,Dong Thap,Mekong River Delta,1,0,0,3.7563045024871826,4.322383880615234,0,0,2010
87,871,87d871,Dong Thap,Mekong River Delta,1,0,0,4.153085231781006,3.8821938037872314,0,0,2010
87,874,87d874,Dong Thap,Mekong River Delta,1,1,1,2.676215410232544,5.252190589904785,0,0,2010
87,871,87d871,Dong Thap,Mekong River Delta,1,0,0,2.7819199562072754,5.494729042053223,0,0,2010
87,874,87d874,Dong Thap,Mekong River Delta,1,0,0,2.7874772548675537,5.135146141052246,0,0,2010
87,869,87d869,Dong Thap,Mekong River Delta,1,0,0,3.5257720947265625,4.514352321624756,0,0,2010
87,875,87d875,Dong Thap,Mekong River Delta,0,0,0,3.0675876140594482,4.904533386230469,0,0,2010
87,874,87d874,Dong Thap,Mekong River Delta,1,0,0,3.0987401008605957,5.21167516708374,0,0,2010
87,870,87d870,Dong Thap,Mekong River Delta,1,0,0,2.9370434284210205,5.498071670532227,0,0,2010
87,877,87d877,Dong Thap,Mekong River Delta,0,0,0,2.777576208114624,4.967859268188477,0,0,2010
87,873,87d873,Dong Thap,Mekong River Delta,0,0,0,3.0960299968719482,4.752513408660889,0,0,2010
87,877,87d877,Dong Thap,Mekong River Delta,0,0,1,3.2410285472869873,5.13437032699585,0,0,2010
87,873,87d873,Dong Thap,Mekong River Delta,0,0,0,4.1907148361206055,3.8786275386810303,0,0,2010
87,870,87d870,Dong Thap,Mekong River Delta,1,1,1,3.168424367904663,5.0416998863220215,0,0,2010
87,873,87d873,Dong Thap,Mekong River Delta,1,0,0,2.1529242992401123,5.560413837432861,0,0,2010
87,874,87d874,Dong Thap,Mekong River Delta,1,0,1,3.1726224422454834,4.696779251098633,0,0,2010
87,877,87d877,Dong Thap,Mekong River Delta,1,0,1,3.0096352100372314,4.892852306365967,0,0,2010
87,873,87d873,Dong Thap,Mekong River Delta,1,0,0,3.32503604888916,5.079436302185059,0,0,2010
89,893,89d893,An Giang,Mekong River Delta,1,0,1,3.1341888904571533,5.307202339172363,0,0,2010
89,891,89d891,An Giang,Mekong River Delta,1,1,0,3.4840054512023926,4.688723564147949,0,0,2010
89,892,89d892,An Giang,Mekong River Delta,1,0,0,3.6090242862701416,4.529540538787842,0,0,2010
89,893,89d893,An Giang,Mekong River Delta,1,0,0,3.102341890335083,5.366920471191406,0,0,2010
89,888,89d888,An Giang,Mekong River Delta,0,0,1,3.077772855758667,4.5325846672058105,0,0,2010
89,889,89d889,An Giang,Mekong River Delta,0,0,1,3.239854335784912,5.022446632385254,0,0,2010
89,893,89d893,An Giang,Mekong River Delta,1,0,1,3.3575937747955322,5.408644676208496,0,0,2010
89,893,89d893,An Giang,Mekong River Delta,0,0,0,2.7911651134490967,5.350316047668457,0,0,2010
89,888,89d888,An Giang,Mekong River Delta,1,0,1,3.126760482788086,5.109130382537842,0,0,2010
89,894,89d894,An Giang,Mekong River Delta,1,0,0,3.4400975704193115,4.371065616607666,0,0,2010
89,891,89d891,An Giang,Mekong River Delta,1,0,0,3.483698606491089,4.035451412200928,0,0,2010
89,883,89d883,An Giang,Mekong River Delta,1,0,0,3.057767629623413,5.369281768798828,0,0,2010
89,886,89d886,An Giang,Mekong River Delta,1,0,1,2.528125762939453,5.637238025665283,0,0,2010
89,889,89d889,An Giang,Mekong River Delta,1,0,1,3.097837448120117,5.607990741729736,0,0,2010
89,887,89d887,An Giang,Mekong River Delta,1,0,1,2.416806221008301,5.382946968078613,0,0,2010
89,890,89d890,An Giang,Mekong River Delta,1,0,0,3.190476417541504,4.357025623321533,0,0,2010
89,889,89d889,An Giang,Mekong River Delta,1,0,1,2.7421295642852783,5.540100574493408,0,0,2010
89,886,89d886,An Giang,Mekong River Delta,1,0,1,2.562638998031616,5.384332180023193,0,0,2010
89,888,89d888,An Giang,Mekong River Delta,0,0,0,2.764430522918701,4.476219177246094,0,0,2010
89,893,89d893,An Giang,Mekong River Delta,0,0,0,3.2304091453552246,5.661102294921875,0,0,2010
89,894,89d894,An Giang,Mekong River Delta,1,0,0,3.602504253387451,4.310650825500488,0,0,2010
89,893,89d893,An Giang,Mekong River Delta,1,0,1,3.4180545806884766,5.359654903411865,0,0,2010
89,889,89d889,An Giang,Mekong River Delta,1,0,1,4.285102844238281,3.701402187347412,0,0,2010
89,893,89d893,An Giang,Mekong River Delta,1,0,0,3.4707233905792236,4.9270100593566895,0,0,2010
89,890,89d890,An Giang,Mekong River Delta,1,0,0,3.9791207313537598,4.154759883880615,0,0,2010
89,889,89d889,An Giang,Mekong River Delta,0,0,1,3.3492021560668945,5.487317085266113,0,0,2010
89,893,89d893,An Giang,Mekong River Delta,1,0,0,3.12280535697937,5.418690204620361,0,0,2010
89,894,89d894,An Giang,Mekong River Delta,1,0,1,3.3796331882476807,4.355800151824951,0,0,2010
89,889,89d889,An Giang,Mekong River Delta,0,0,1,3.6722419261932373,4.86455774307251,0,0,2010
89,886,89d886,An Giang,Mekong River Delta,0,0,1,2.7587432861328125,5.649304389953613,0,0,2010
89,892,89d892,An Giang,Mekong River Delta,1,0,1,3.103689432144165,5.4204792976379395,0,0,2010
89,890,89d890,An Giang,Mekong River Delta,1,0,0,3.2100369930267334,4.585197925567627,0,0,2010
89,892,89d892,An Giang,Mekong River Delta,1,0,0,3.6243410110473633,5.012588977813721,0,0,2010
89,893,89d893,An Giang,Mekong River Delta,1,0,1,3.293612241744995,5.1904377937316895,0,0,2010
89,886,89d886,An Giang,Mekong River Delta,1,0,1,1.8405497074127197,6.134327411651611,0,0,2010
89,889,89d889,An Giang,Mekong River Delta,0,0,1,3.869741678237915,3.8287410736083984,0,0,2010
89,894,89d894,An Giang,Mekong River Delta,1,0,1,3.5669941902160645,4.45884895324707,0,0,2010
89,887,89d887,An Giang,Mekong River Delta,1,0,1,3.097385883331299,5.568054676055908,0,0,2010
89,888,89d888,An Giang,Mekong River Delta,1,0,1,2.760010004043579,5.423666477203369,0,0,2010
89,892,89d892,An Giang,Mekong River Delta,1,0,0,3.272606134414673,4.006712913513184,0,0,2010
89,886,89d886,An Giang,Mekong River Delta,0,0,1,3.1768031120300293,4.83951473236084,0,0,2010
89,888,89d888,An Giang,Mekong River Delta,1,0,1,2.1306097507476807,5.5986857414245605,0,0,2010
89,887,89d887,An Giang,Mekong River Delta,0,0,1,3.0568273067474365,4.761602878570557,0,0,2010
89,891,89d891,An Giang,Mekong River Delta,0,0,0,3.4011974334716797,4.586327075958252,0,0,2010
91,905,91d905,Kien Giang,Mekong River Delta,0,1,0,3.5644493103027344,4.20281457901001,0,1,2010
91,906,91d906,Kien Giang,Mekong River Delta,1,0,0,3.0478501319885254,4.763718128204346,0,1,2010
91,904,91d904,Kien Giang,Mekong River Delta,1,0,0,1.0508215427398682,6.425650596618652,0,1,2010
91,907,91d907,Kien Giang,Mekong River Delta,0,0,0,3.636796474456787,4.261985778808594,0,1,2010
91,904,91d904,Kien Giang,Mekong River Delta,0,0,0,3.4320497512817383,4.37097692489624,0,1,2010
91,903,91d903,Kien Giang,Mekong River Delta,1,0,0,4.639184951782227,3.6690139770507812,0,1,2010
91,903,91d903,Kien Giang,Mekong River Delta,0,0,0,5.0434250831604,2.873382329940796,0,1,2010
91,910,91d910,Kien Giang,Mekong River Delta,1,0,0,3.943521738052368,4.1242547035217285,0,1,2010
91,903,91d903,Kien Giang,Mekong River Delta,1,0,0,3.6130778789520264,4.77149772644043,0,1,2010
91,906,91d906,Kien Giang,Mekong River Delta,0,0,0,3.3509562015533447,4.590694904327393,0,1,2010
91,905,91d905,Kien Giang,Mekong River Delta,0,1,0,3.28391432762146,4.632528781890869,0,1,2010
91,904,91d904,Kien Giang,Mekong River Delta,1,0,0,3.6916255950927734,4.258876800537109,0,1,2010
91,907,91d907,Kien Giang,Mekong River Delta,1,0,0,3.781458616256714,4.155559062957764,0,1,2010
91,902,91d902,Kien Giang,Mekong River Delta,1,0,0,3.70253586769104,4.186173915863037,0,0,2010
91,905,91d905,Kien Giang,Mekong River Delta,1,0,0,4.584967613220215,3.9346227645874023,0,1,2010
91,913,91d913,Kien Giang,Mekong River Delta,1,0,0,3.6454498767852783,4.214349269866943,0,1,2010
91,900,91d900,Kien Giang,Mekong River Delta,0,0,0,1.0296194553375244,4.853703022003174,0,0,2010
91,906,91d906,Kien Giang,Mekong River Delta,0,0,0,4.0147600173950195,4.001887798309326,0,1,2010
91,905,91d905,Kien Giang,Mekong River Delta,0,0,1,3.8548176288604736,4.36423921585083,0,1,2010
91,910,91d910,Kien Giang,Mekong River Delta,1,0,1,4.430816650390625,3.8119394779205322,0,1,2010
91,908,91d908,Kien Giang,Mekong River Delta,1,0,0,4.018542766571045,4.061385154724121,0,1,2010
91,907,91d907,Kien Giang,Mekong River Delta,1,0,0,3.8747363090515137,4.340540409088135,0,1,2010
91,913,91d913,Kien Giang,Mekong River Delta,0,0,0,3.394843816757202,4.246240615844727,0,1,2010
91,906,91d906,Kien Giang,Mekong River Delta,1,1,0,3.7905330657958984,4.425825119018555,0,1,2010
91,906,91d906,Kien Giang,Mekong River Delta,0,0,0,3.8284239768981934,4.190859794616699,0,1,2010
91,909,91d909,Kien Giang,Mekong River Delta,0,0,0,3.723280906677246,3.9815311431884766,0,1,2010
91,914,91d914,Kien Giang,Mekong River Delta,1,0,0,3.8482308387756348,2.922558546066284,0,0,2010
91,906,91d906,Kien Giang,Mekong River Delta,0,0,0,3.78236985206604,4.348278045654297,0,1,2010
91,909,91d909,Kien Giang,Mekong River Delta,1,0,0,4.314550399780273,3.255892753601074,0,1,2010
91,913,91d913,Kien Giang,Mekong River Delta,1,0,0,5.035392761230469,3.3535122871398926,0,1,2010
91,907,91d907,Kien Giang,Mekong River Delta,0,0,0,3.837514877319336,4.245504856109619,0,1,2010
91,906,91d906,Kien Giang,Mekong River Delta,1,0,0,3.998750925064087,3.7977182865142822,0,1,2010
91,908,91d908,Kien Giang,Mekong River Delta,0,0,0,3.959097385406494,4.121140003204346,0,1,2010
91,903,91d903,Kien Giang,Mekong River Delta,1,1,0,3.4840054512023926,4.1887526512146,0,1,2010
91,907,91d907,Kien Giang,Mekong River Delta,1,0,0,3.9980173110961914,4.25155782699585,0,1,2010
91,908,91d908,Kien Giang,Mekong River Delta,1,0,0,3.9721767902374268,4.287281513214111,0,1,2010
91,911,91d911,Kien Giang,Mekong River Delta,1,0,1,4.578415393829346,2.5124943256378174,0,1,2010
91,909,91d909,Kien Giang,Mekong River Delta,1,0,0,4.584967613220215,3.9346227645874023,0,1,2010
91,911,91d911,Kien Giang,Mekong River Delta,1,0,0,3.6666338443756104,3.1189537048339844,0,1,2010
92,925,92d925,Can Tho,Mekong River Delta,1,0,1,4.5555596351623535,3.868201494216919,1,0,2010
92,927,92d927,Can Tho,Mekong River Delta,1,0,1,3.346741199493408,4.283720016479492,1,0,2010
92,926,92d926,Can Tho,Mekong River Delta,1,0,1,2.792391300201416,5.317434787750244,1,0,2010
92,926,92d926,Can Tho,Mekong River Delta,1,0,1,3.3911471366882324,4.856596946716309,1,0,2010
92,927,92d927,Can Tho,Mekong River Delta,0,0,1,2.8118093013763428,4.387121677398682,1,0,2010
92,924,92d924,Can Tho,Mekong River Delta,1,0,1,3.5287108421325684,4.395723342895508,1,0,2010
92,925,92d925,Can Tho,Mekong River Delta,0,0,0,2.7107133865356445,4.321910858154297,1,0,2010
92,927,92d927,Can Tho,Mekong River Delta,1,0,1,2.565718412399292,5.207455158233643,1,0,2010
92,926,92d926,Can Tho,Mekong River Delta,1,0,1,2.8633430004119873,5.169341564178467,1,0,2010
92,925,92d925,Can Tho,Mekong River Delta,0,0,1,3.503754138946533,5.027144908905029,1,0,2010
92,924,92d924,Can Tho,Mekong River Delta,0,0,0,3.147165060043335,4.028324604034424,1,0,2010
92,925,92d925,Can Tho,Mekong River Delta,0,0,1,2.451005220413208,5.127140522003174,1,0,2010
92,927,92d927,Can Tho,Mekong River Delta,1,0,0,3.101442813873291,4.730174541473389,1,0,2010
92,924,92d924,Can Tho,Mekong River Delta,1,0,1,3.3207101821899414,5.058599472045898,1,0,2010
92,927,92d927,Can Tho,Mekong River Delta,1,0,1,3.333275318145752,4.657301425933838,1,0,2010
93,934,93d934,Hau Giang,Mekong River Delta,1,0,0,3.9265174865722656,4.376244068145752,0,0,2010
93,936,93d936,Hau Giang,Mekong River Delta,1,1,0,3.143721103668213,4.606893539428711,0,0,2010
93,930,93d930,Hau Giang,Mekong River Delta,1,1,1,3.096482276916504,4.284396648406982,0,0,2010
93,935,93d935,Hau Giang,Mekong River Delta,0,0,0,3.4907333850860596,4.467494010925293,0,0,2010
93,934,93d934,Hau Giang,Mekong River Delta,1,0,0,3.1842844486236572,5.023117542266846,0,0,2010
93,934,93d934,Hau Giang,Mekong River Delta,1,0,0,3.998750925064087,4.268698215484619,0,0,2010
93,930,93d930,Hau Giang,Mekong River Delta,1,0,1,2.7060482501983643,5.198655605316162,0,0,2010
93,935,93d935,Hau Giang,Mekong River Delta,1,0,0,3.5703773498535156,4.436989784240723,0,0,2010
93,936,93d936,Hau Giang,Mekong River Delta,0,0,0,3.841815233230591,4.3815436363220215,0,0,2010
93,932,93d932,Hau Giang,Mekong River Delta,1,0,0,3.2680468559265137,4.634070873260498,0,0,2010
93,936,93d936,Hau Giang,Mekong River Delta,1,0,0,3.579622507095337,4.769388675689697,0,0,2010
93,930,93d930,Hau Giang,Mekong River Delta,1,0,1,2.7060482501983643,5.198655605316162,0,0,2010
93,935,93d935,Hau Giang,Mekong River Delta,1,0,0,3.0106208324432373,4.809818744659424,0,0,2010
93,935,93d935,Hau Giang,Mekong River Delta,1,1,0,3.094672203063965,4.503225803375244,0,0,2010
93,934,93d934,Hau Giang,Mekong River Delta,1,0,1,2.8027541637420654,4.585573673248291,0,0,2010
93,934,93d934,Hau Giang,Mekong River Delta,1,0,0,3.356548547744751,4.535529613494873,0,0,2010
93,933,93d933,Hau Giang,Mekong River Delta,1,0,1,2.7738380432128906,5.137119293212891,0,0,2010
93,936,93d936,Hau Giang,Mekong River Delta,0,0,0,2.862200975418091,4.7812819480896,0,0,2010
93,933,93d933,Hau Giang,Mekong River Delta,1,1,1,2.4371159076690674,5.231912136077881,0,0,2010
93,933,93d933,Hau Giang,Mekong River Delta,0,0,1,2.7788193225860596,5.089052200317383,0,0,2010
93,932,93d932,Hau Giang,Mekong River Delta,0,0,0,3.0056827068328857,4.89421272277832,0,0,2010
93,936,93d936,Hau Giang,Mekong River Delta,0,1,0,3.4065165519714355,4.241269588470459,0,0,2010
93,934,93d934,Hau Giang,Mekong River Delta,0,1,1,4.058026313781738,4.32837438583374,0,0,2010
93,934,93d934,Hau Giang,Mekong River Delta,1,0,1,3.5121421813964844,4.827597618103027,0,0,2010
93,932,93d932,Hau Giang,Mekong River Delta,0,0,1,2.8296778202056885,5.035126209259033,0,0,2010
93,933,93d933,Hau Giang,Mekong River Delta,0,0,0,3.0363943576812744,4.6800665855407715,0,0,2010
93,934,93d934,Hau Giang,Mekong River Delta,1,0,0,3.6545467376708984,4.6968278884887695,0,0,2010
93,936,93d936,Hau Giang,Mekong River Delta,1,0,0,3.3840513229370117,4.445181369781494,0,0,2010
93,936,93d936,Hau Giang,Mekong River Delta,0,0,0,3.735285758972168,4.2657341957092285,0,0,2010
93,934,93d934,Hau Giang,Mekong River Delta,0,0,0,3.1620938777923584,4.4804301261901855,0,0,2010
94,947,94d947,Soc Trang,Mekong River Delta,1,0,1,3.86702561378479,4.707681655883789,0,0,2010
94,947,94d947,Soc Trang,Mekong River Delta,0,0,0,3.254628896713257,4.481678009033203,0,0,2010
94,942,94d942,Soc Trang,Mekong River Delta,0,0,1,3.3203487396240234,4.806464672088623,0,0,2010
94,946,94d946,Soc Trang,Mekong River Delta,0,0,1,2.7453460693359375,4.668021202087402,0,0,2010
94,950,94d950,Soc Trang,Mekong River Delta,1,0,0,3.7116189002990723,4.343221187591553,0,0,2010
94,942,94d942,Soc Trang,Mekong River Delta,1,0,1,3.4759955406188965,4.800144672393799,0,0,2010
94,947,94d947,Soc Trang,Mekong River Delta,1,0,0,3.5582010746002197,4.271827220916748,0,0,2010
94,948,94d948,Soc Trang,Mekong River Delta,1,0,0,3.517794609069824,4.092067718505859,0,0,2010
94,943,94d943,Soc Trang,Mekong River Delta,1,0,0,3.003204345703125,4.974420547485352,0,0,2010
94,950,94d950,Soc Trang,Mekong River Delta,1,0,0,3.931825637817383,4.628809928894043,0,0,2010
94,951,94d951,Soc Trang,Mekong River Delta,0,0,0,3.9213790893554688,4.151088237762451,0,0,2010
94,944,94d944,Soc Trang,Mekong River Delta,1,0,0,3.5192766189575195,4.356222629547119,0,0,2010
94,950,94d950,Soc Trang,Mekong River Delta,1,0,0,3.8712010383605957,3.9252681732177734,0,0,2010
94,951,94d951,Soc Trang,Mekong River Delta,1,0,0,3.345332384109497,4.568554401397705,0,0,2010
94,943,94d943,Soc Trang,Mekong River Delta,0,0,1,3.279029607772827,4.323371887207031,0,0,2010
94,949,94d949,Soc Trang,Mekong River Delta,0,0,1,3.5970382690429688,4.225807189941406,0,0,2010
94,945,94d945,Soc Trang,Mekong River Delta,1,0,1,2.770085573196411,4.842251300811768,0,0,2010
94,946,94d946,Soc Trang,Mekong River Delta,0,0,1,2.6347622871398926,4.574577808380127,0,0,2010
94,945,94d945,Soc Trang,Mekong River Delta,0,0,1,3.5815725326538086,3.8413987159729004,0,0,2010
94,943,94d943,Soc Trang,Mekong River Delta,1,0,1,3.3789517879486084,4.650155067443848,0,0,2010
94,943,94d943,Soc Trang,Mekong River Delta,1,0,1,3.4843122959136963,4.556778907775879,0,0,2010
94,944,94d944,Soc Trang,Mekong River Delta,1,0,0,3.610917806625366,4.462485313415527,0,0,2010
94,951,94d951,Soc Trang,Mekong River Delta,1,0,0,3.7135720252990723,4.4916462898254395,0,0,2010
95,957,95d957,Bac Lieu,Mekong River Delta,1,1,0,3.635742425918579,4.881450653076172,0,0,2010
95,956,95d956,Bac Lieu,Mekong River Delta,0,0,1,3.917806386947632,3.9857900142669678,0,0,2010
95,956,95d956,Bac Lieu,Mekong River Delta,0,0,0,3.76213002204895,3.8823108673095703,0,0,2010
95,961,95d961,Bac Lieu,Mekong River Delta,0,0,0,3.939249038696289,4.238266944885254,0,0,2010
95,960,95d960,Bac Lieu,Mekong River Delta,0,0,1,4.342115879058838,3.471071481704712,0,0,2010
95,956,95d956,Bac Lieu,Mekong River Delta,0,0,0,4.195998191833496,3.59511137008667,0,0,2010
95,960,95d960,Bac Lieu,Mekong River Delta,0,0,1,4.480173587799072,4.095099925994873,0,0,2010
95,957,95d957,Bac Lieu,Mekong River Delta,0,0,0,3.617920398712158,4.489197254180908,0,0,2010
95,960,95d960,Bac Lieu,Mekong River Delta,1,0,0,3.4537899494171143,4.298974990844727,0,0,2010
95,959,95d959,Bac Lieu,Mekong River Delta,0,0,1,3.417726755142212,4.818163871765137,0,0,2010
95,959,95d959,Bac Lieu,Mekong River Delta,0,0,1,2.9992260932922363,4.304616928100586,0,0,2010
95,957,95d957,Bac Lieu,Mekong River Delta,0,0,0,4.078722953796387,3.8788042068481445,0,0,2010
95,956,95d956,Bac Lieu,Mekong River Delta,0,0,0,4.188138484954834,3.4677255153656006,0,0,2010
95,958,95d958,Bac Lieu,Mekong River Delta,0,0,1,3.131136894226074,4.587548732757568,0,0,2010
95,959,95d959,Bac Lieu,Mekong River Delta,0,0,1,3.7775769233703613,4.0384368896484375,0,0,2010
95,958,95d958,Bac Lieu,Mekong River Delta,1,0,0,3.698086977005005,4.290116786956787,0,0,2010
95,958,95d958,Bac Lieu,Mekong River Delta,1,0,0,3.4682328701019287,4.435363292694092,0,0,2010
95,957,95d957,Bac Lieu,Mekong River Delta,1,0,1,3.939054250717163,4.187168121337891,0,0,2010
95,956,95d956,Bac Lieu,Mekong River Delta,0,0,0,3.686877489089966,4.178310394287109,0,0,2010
95,959,95d959,Bac Lieu,Mekong River Delta,1,0,1,4.091507434844971,4.521541595458984,0,0,2010
95,959,95d959,Bac Lieu,Mekong River Delta,1,0,1,3.255786180496216,4.2864274978637695,0,0,2010
95,961,95d961,Bac Lieu,Mekong River Delta,0,0,1,3.673258066177368,4.301962852478027,0,0,2010
95,956,95d956,Bac Lieu,Mekong River Delta,1,0,0,4.0703935623168945,4.2767229080200195,0,0,2010
95,960,95d960,Bac Lieu,Mekong River Delta,0,0,1,3.864931344985962,4.2309722900390625,0,0,2010
95,956,95d956,Bac Lieu,Mekong River Delta,0,0,0,4.236856460571289,3.8714659214019775,0,0,2010
95,960,95d960,Bac Lieu,Mekong River Delta,0,0,1,3.8712010383605957,3.9403674602508545,0,0,2010
95,961,95d961,Bac Lieu,Mekong River Delta,0,0,0,4.077537536621094,3.6609506607055664,0,0,2010
95,954,95d954,Bac Lieu,Mekong River Delta,1,0,1,3.6378493309020996,4.502466201782227,0,0,2010
96,973,96d973,Ca Mau,Mekong River Delta,0,0,0,4.912360668182373,2.87709379196167,0,0,2010
96,968,96d968,Ca Mau,Mekong River Delta,0,0,1,4.0961761474609375,4.212761878967285,0,0,2010
96,970,96d970,Ca Mau,Mekong River Delta,0,0,0,3.5782272815704346,3.892566442489624,0,0,2010
96,970,96d970,Ca Mau,Mekong River Delta,0,0,0,4.752382755279541,3.391134738922119,0,0,2010
96,967,96d967,Ca Mau,Mekong River Delta,1,0,1,3.318902015686035,4.565674304962158,0,0,2010
96,969,96d969,Ca Mau,Mekong River Delta,1,0,1,3.5097527503967285,4.572031497955322,0,0,2010
96,968,96d968,Ca Mau,Mekong River Delta,0,0,1,4.158257961273193,4.190279960632324,0,0,2010
96,968,96d968,Ca Mau,Mekong River Delta,1,1,0,3.952396869659424,4.072137832641602,0,0,2010
96,966,96d966,Ca Mau,Mekong River Delta,0,0,1,4.670583248138428,3.3769261837005615,0,0,2010
96,972,96d972,Ca Mau,Mekong River Delta,1,0,0,3.7473840713500977,4.090170383453369,0,0,2010
96,969,96d969,Ca Mau,Mekong River Delta,0,0,0,3.348850965499878,4.278693675994873,0,0,2010
96,967,96d967,Ca Mau,Mekong River Delta,0,0,1,4.530338764190674,3.7766270637512207,0,0,2010
96,973,96d973,Ca Mau,Mekong River Delta,0,0,0,4.775756359100342,3.1274702548980713,0,0,2010
96,973,96d973,Ca Mau,Mekong River Delta,0,0,0,4.63589334487915,3.288902521133423,0,0,2010
96,970,96d970,Ca Mau,Mekong River Delta,0,0,1,3.622739553451538,4.2179670333862305,0,0,2010
96,968,96d968,Ca Mau,Mekong River Delta,0,0,1,3.5553481578826904,4.28889274597168,0,0,2010
96,970,96d970,Ca Mau,Mekong River Delta,0,0,0,4.553876876831055,3.4913907051086426,0,0,2010
96,967,96d967,Ca Mau,Mekong River Delta,0,0,1,4.557973861694336,3.8649086952209473,0,0,2010
96,966,96d966,Ca Mau,Mekong River Delta,0,0,0,4.1828131675720215,3.7412590980529785,0,0,2010
96,969,96d969,Ca Mau,Mekong River Delta,0,0,0,3.544720411300659,4.103065490722656,0,0,2010
96,967,96d967,Ca Mau,Mekong River Delta,0,0,1,3.5624654293060303,3.8375439643859863,0,0,2010
96,972,96d972,Ca Mau,Mekong River Delta,0,0,0,4.118874549865723,4.060605525970459,0,0,2010
96,970,96d970,Ca Mau,Mekong River Delta,0,0,0,3.7179527282714844,4.294065475463867,0,0,2010
96,973,96d973,Ca Mau,Mekong River Delta,0,0,0,4.968701362609863,3.054523229598999,0,0,2010
96,972,96d972,Ca Mau,Mekong River Delta,0,0,0,3.8017616271972656,3.836918354034424,0,0,2010
96,964,96d964,Ca Mau,Mekong River Delta,0,1,0,3.077772855758667,4.446248531341553,0,0,2010
96,968,96d968,Ca Mau,Mekong River Delta,0,0,1,4.273605823516846,3.704704999923706,0,0,2010
96,969,96d969,Ca Mau,Mekong River Delta,0,0,0,3.7169809341430664,4.26304292678833,0,0,2010
96,971,96d971,Ca Mau,Mekong River Delta,0,0,0,3.742420196533203,3.445236921310425,0,0,2010
96,964,96d964,Ca Mau,Mekong River Delta,1,0,1,3.188828945159912,4.737773895263672,0,0,2010
96,966,96d966,Ca Mau,Mekong River Delta,0,0,1,3.52164363861084,4.432026386260986,0,0,2010
96,969,96d969,Ca Mau,Mekong River Delta,0,0,0,3.9945242404937744,4.236319541931152,0,0,2010
96,971,96d971,Ca Mau,Mekong River Delta,1,0,0,3.206803321838379,4.484396934509277,0,0,2010
96,969,96d969,Ca Mau,Mekong River Delta,0,0,0,3.435598850250244,4.2296857833862305,0,0,2010
96,970,96d970,Ca Mau,Mekong River Delta,0,0,1,4.695559024810791,3.381577491760254,0,0,2010
